prolific_pid,trial,balance,chosen_number,winner_number,banner_yn,win_status,hot_set_size,outcome_rel_to_hot,choice_hot,regret_chosen,regret_notchosen_winner,regret_notchosen_hot_loser,comp_tries_to_pass,feedback,age,gamble_freq_12mo,hot_reliance,race,gender,ethnicity
P0002,1,0.29,24,16,No Banner,Lost,0,NA,Chose Non-Hot,10,70,NA,1,I played without looking at the hot numbers and assumed true randomness.,35,Never,NA,White,Male,Non-Hispanic
P0002,2,0.27999999999999997,24,18,Banner,Lost,8,hot_win_number,Chose Non-Hot,11,89,0,1,I played without looking at the hot numbers and assumed true randomness.,35,Never,NA,White,Male,Non-Hispanic
P0002,3,0.26999999999999996,24,36,No Banner,Lost,0,NA,Chose Non-Hot,9,80,NA,1,I played without looking at the hot numbers and assumed true randomness.,35,Never,NA,White,Male,Non-Hispanic
P0002,4,0.25999999999999995,24,28,Banner,Lost,8,nonhot_win_number,Chose Non-Hot,6,88,0,1,I played without looking at the hot numbers and assumed true randomness.,35,Never,NA,White,Male,Non-Hispanic
P0002,5,0.6099999999999999,24,24,No Banner,Won,0,NA,Chose Non-Hot,0,NA,NA,1,I played without looking at the hot numbers and assumed true randomness.,35,Never,NA,White,Male,Non-Hispanic
P0002,6,0.5999999999999999,20,21,No Banner,Lost,0,NA,Chose Non-Hot,16,83,NA,1,I played without looking at the hot numbers and assumed true randomness.,35,Never,NA,White,Male,Non-Hispanic
P0002,7,0.5899999999999999,20,29,No Banner,Lost,0,NA,Chose Non-Hot,10,83,NA,1,I played without looking at the hot numbers and assumed true randomness.,35,Never,NA,White,Male,Non-Hispanic
P0002,8,0.5799999999999998,20,30,No Banner,Lost,0,NA,Chose Non-Hot,13,85,NA,1,I played without looking at the hot numbers and assumed true randomness.,35,Never,NA,White,Male,Non-Hispanic
P0002,9,0.9299999999999998,20,20,No Banner,Won,0,NA,Chose Non-Hot,0,NA,NA,1,I played without looking at the hot numbers and assumed true randomness.,35,Never,NA,White,Male,Non-Hispanic
P0002,10,0.9199999999999998,11,30,Banner,Lost,3,nonhot_win_number,Chose Non-Hot,12,83,0,1,I played without looking at the hot numbers and assumed true randomness.,35,Never,NA,White,Male,Non-Hispanic
P0002,11,0.9099999999999998,11,6,Banner,Lost,2,nonhot_win_number,Chose Non-Hot,13,82,0,1,I played without looking at the hot numbers and assumed true randomness.,35,Never,NA,White,Male,Non-Hispanic
P0002,12,0.8999999999999998,11,10,No Banner,Lost,0,NA,Chose Non-Hot,10,84,NA,1,I played without looking at the hot numbers and assumed true randomness.,35,Never,NA,White,Male,Non-Hispanic
P0002,13,0.8899999999999998,11,2,Banner,Lost,3,hot_win_number,Chose Non-Hot,9,86,0,1,I played without looking at the hot numbers and assumed true randomness.,35,Never,NA,White,Male,Non-Hispanic
P0002,14,0.8799999999999998,11,3,Banner,Lost,2,hot_win_number,Chose Non-Hot,9,83,0,1,I played without looking at the hot numbers and assumed true randomness.,35,Never,NA,White,Male,Non-Hispanic
P0002,15,0.8699999999999998,11,35,Banner,Lost,16,hot_win_number,Chose Non-Hot,12,88,0,1,I played without looking at the hot numbers and assumed true randomness.,35,Never,NA,White,Male,Non-Hispanic
P0002,16,0.8599999999999998,11,33,No Banner,Lost,0,NA,Chose Non-Hot,11,80,NA,1,I played without looking at the hot numbers and assumed true randomness.,35,Never,NA,White,Male,Non-Hispanic
P0002,17,0.8499999999999998,11,9,No Banner,Lost,0,NA,Chose Non-Hot,17,80,NA,1,I played without looking at the hot numbers and assumed true randomness.,35,Never,NA,White,Male,Non-Hispanic
P0002,18,1.1999999999999995,11,11,No Banner,Won,0,NA,Chose Non-Hot,0,NA,NA,1,I played without looking at the hot numbers and assumed true randomness.,35,Never,NA,White,Male,Non-Hispanic
P0002,19,1.1899999999999995,1,6,No Banner,Lost,0,NA,Chose Non-Hot,8,81,NA,1,I played without looking at the hot numbers and assumed true randomness.,35,Never,NA,White,Male,Non-Hispanic
P0002,20,1.1799999999999995,1,28,Banner,Lost,16,nonhot_win_number,Chose Non-Hot,14,80,0,1,I played without looking at the hot numbers and assumed true randomness.,35,Never,NA,White,Male,Non-Hispanic
P0002,21,1.1699999999999997,1,34,No Banner,Lost,0,NA,Chose Non-Hot,13,81,NA,1,I played without looking at the hot numbers and assumed true randomness.,35,Never,NA,White,Male,Non-Hispanic
P0002,22,1.1599999999999997,14,32,Banner,Lost,1,nonhot_win_number,Chose Hot,17,79,NA,1,I played without looking at the hot numbers and assumed true randomness.,35,Never,NA,White,Male,Non-Hispanic
P0002,23,1.1499999999999997,1,8,Banner,Lost,1,nonhot_win_number,Chose Non-Hot,9,84,0,1,I played without looking at the hot numbers and assumed true randomness.,35,Never,NA,White,Male,Non-Hispanic
P0002,24,1.4999999999999996,1,1,No Banner,Won,0,NA,Chose Non-Hot,0,NA,NA,1,I played without looking at the hot numbers and assumed true randomness.,35,Never,NA,White,Male,Non-Hispanic
P0003,1,0.29,15,13,Banner,Lost,3,nonhot_win_number,Chose Hot,87,34,81,2,"No feedback to provide, but thank you.",34,A few times,NA,Multiracial/Mixed,Female,Non-Hispanic
P0003,2,0.27999999999999997,4,11,Banner,Lost,1,nonhot_win_number,Chose Hot,100,100,NA,2,"No feedback to provide, but thank you.",34,A few times,NA,Multiracial/Mixed,Female,Non-Hispanic
P0003,3,0.26999999999999996,11,15,No Banner,Lost,0,NA,Chose Non-Hot,97,100,NA,2,"No feedback to provide, but thank you.",34,A few times,NA,Multiracial/Mixed,Female,Non-Hispanic
P0003,4,0.6199999999999999,19,19,No Banner,Won,0,NA,Chose Non-Hot,0,NA,NA,2,"No feedback to provide, but thank you.",34,A few times,NA,Multiracial/Mixed,Female,Non-Hispanic
P0003,5,0.6099999999999999,29,35,Banner,Lost,2,hot_win_number,Chose Non-Hot,10,18,22,2,"No feedback to provide, but thank you.",34,A few times,NA,Multiracial/Mixed,Female,Non-Hispanic
P0003,6,0.5999999999999999,1,18,No Banner,Lost,0,NA,Chose Non-Hot,19,24,NA,2,"No feedback to provide, but thank you.",34,A few times,NA,Multiracial/Mixed,Female,Non-Hispanic
P0003,7,0.5899999999999999,32,10,No Banner,Lost,0,NA,Chose Non-Hot,17,52,NA,2,"No feedback to provide, but thank you.",34,A few times,NA,Multiracial/Mixed,Female,Non-Hispanic
P0003,8,0.5799999999999998,24,23,Banner,Lost,8,nonhot_win_number,Chose Hot,14,53,13,2,"No feedback to provide, but thank you.",34,A few times,NA,Multiracial/Mixed,Female,Non-Hispanic
P0003,9,0.5699999999999998,19,13,No Banner,Lost,0,NA,Chose Non-Hot,12,30,NA,2,"No feedback to provide, but thank you.",34,A few times,NA,Multiracial/Mixed,Female,Non-Hispanic
P0003,10,0.9199999999999998,1,1,No Banner,Won,0,NA,Chose Non-Hot,0,NA,NA,2,"No feedback to provide, but thank you.",34,A few times,NA,Multiracial/Mixed,Female,Non-Hispanic
P0003,11,0.9099999999999998,1,7,Banner,Lost,2,nonhot_win_number,Chose Non-Hot,17,32,15,2,"No feedback to provide, but thank you.",34,A few times,NA,Multiracial/Mixed,Female,Non-Hispanic
P0003,12,0.8999999999999998,14,5,Banner,Lost,3,hot_win_number,Chose Hot,9,36,12,2,"No feedback to provide, but thank you.",34,A few times,NA,Multiracial/Mixed,Female,Non-Hispanic
P0003,13,0.8899999999999998,15,17,No Banner,Lost,0,NA,Chose Non-Hot,7,52,NA,2,"No feedback to provide, but thank you.",34,A few times,NA,Multiracial/Mixed,Female,Non-Hispanic
P0003,14,0.8799999999999998,9,23,No Banner,Lost,0,NA,Chose Non-Hot,15,24,NA,2,"No feedback to provide, but thank you.",34,A few times,NA,Multiracial/Mixed,Female,Non-Hispanic
P0003,15,0.8699999999999998,36,13,Banner,Lost,1,nonhot_win_number,Chose Hot,16,49,NA,2,"No feedback to provide, but thank you.",34,A few times,NA,Multiracial/Mixed,Female,Non-Hispanic
P0003,16,0.8599999999999998,14,3,Banner,Lost,8,hot_win_number,Chose Non-Hot,1,18,0,2,"No feedback to provide, but thank you.",34,A few times,NA,Multiracial/Mixed,Female,Non-Hispanic
P0003,17,1.2099999999999995,13,13,No Banner,Won,0,NA,Chose Non-Hot,0,NA,NA,2,"No feedback to provide, but thank you.",34,A few times,NA,Multiracial/Mixed,Female,Non-Hispanic
P0003,18,1.1999999999999995,29,34,No Banner,Lost,0,NA,Chose Non-Hot,20,54,NA,2,"No feedback to provide, but thank you.",34,A few times,NA,Multiracial/Mixed,Female,Non-Hispanic
P0003,19,1.1899999999999995,1,21,Banner,Lost,16,hot_win_number,Chose Hot,17,61,0,2,"No feedback to provide, but thank you.",34,A few times,NA,Multiracial/Mixed,Female,Non-Hispanic
P0003,20,1.1799999999999995,31,2,No Banner,Lost,0,NA,Chose Non-Hot,37,71,NA,2,"No feedback to provide, but thank you.",34,A few times,NA,Multiracial/Mixed,Female,Non-Hispanic
P0003,21,1.1699999999999997,13,19,No Banner,Lost,0,NA,Chose Non-Hot,16,60,NA,2,"No feedback to provide, but thank you.",34,A few times,NA,Multiracial/Mixed,Female,Non-Hispanic
P0003,22,1.1599999999999997,6,12,Banner,Lost,16,nonhot_win_number,Chose Hot,12,51,0,2,"No feedback to provide, but thank you.",34,A few times,NA,Multiracial/Mixed,Female,Non-Hispanic
P0003,23,1.1499999999999997,23,21,No Banner,Lost,0,NA,Chose Non-Hot,17,54,NA,2,"No feedback to provide, but thank you.",34,A few times,NA,Multiracial/Mixed,Female,Non-Hispanic
P0003,24,1.4999999999999996,1,1,No Banner,Won,0,NA,Chose Non-Hot,0,NA,NA,2,"No feedback to provide, but thank you.",34,A few times,NA,Multiracial/Mixed,Female,Non-Hispanic
P0005,1,-0.01,11,8,No Banner,Lost,0,NA,Chose Non-Hot,100,100,NA,1,,41,Never,NA,White,Male,Non-Hispanic
P0005,2,-0.02,16,23,No Banner,Lost,0,NA,Chose Non-Hot,100,100,NA,1,,41,Never,NA,White,Male,Non-Hispanic
P0005,3,0.32999999999999996,26,26,No Banner,Won,0,NA,Chose Non-Hot,0,NA,NA,1,,41,Never,NA,White,Male,Non-Hispanic
P0005,4,0.31999999999999995,11,33,Banner,Lost,8,nonhot_win_number,Chose Hot,100,100,NA,1,,41,Never,NA,White,Male,Non-Hispanic
P0005,5,0.30999999999999994,35,6,Banner,Lost,16,nonhot_win_number,Chose Hot,100,100,NA,1,,41,Never,NA,White,Male,Non-Hispanic
P0005,6,0.29999999999999993,36,10,Banner,Lost,2,hot_win_number,Chose Hot,100,100,NA,1,,41,Never,NA,White,Male,Non-Hispanic
P0005,7,0.2899999999999999,22,13,Banner,Lost,8,hot_win_number,Chose Hot,100,100,NA,1,,41,Never,NA,White,Male,Non-Hispanic
P0005,8,0.2799999999999999,18,9,No Banner,Lost,0,NA,Chose Non-Hot,100,100,NA,1,,41,Never,NA,White,Male,Non-Hispanic
P0005,9,0.2699999999999999,25,14,No Banner,Lost,0,NA,Chose Non-Hot,100,100,NA,1,,41,Never,NA,White,Male,Non-Hispanic
P0005,10,0.2599999999999999,25,20,Banner,Lost,2,nonhot_win_number,Chose Hot,100,100,NA,1,,41,Never,NA,White,Male,Non-Hispanic
P0005,11,0.2499999999999999,29,34,No Banner,Lost,0,NA,Chose Non-Hot,100,100,NA,1,,41,Never,NA,White,Male,Non-Hispanic
P0005,12,0.5999999999999999,7,7,No Banner,Won,0,NA,Chose Non-Hot,0,NA,NA,1,,41,Never,NA,White,Male,Non-Hispanic
P0005,13,0.5899999999999999,5,3,Banner,Lost,16,hot_win_number,Chose Hot,100,100,NA,1,,41,Never,NA,White,Male,Non-Hispanic
P0005,14,0.5799999999999998,29,17,No Banner,Lost,0,NA,Chose Non-Hot,100,100,NA,1,,41,Never,NA,White,Male,Non-Hispanic
P0005,15,0.5699999999999998,15,31,No Banner,Lost,0,NA,Chose Non-Hot,100,100,NA,1,,41,Never,NA,White,Male,Non-Hispanic
P0005,16,0.5599999999999998,12,3,No Banner,Lost,0,NA,Chose Non-Hot,100,100,NA,1,,41,Never,NA,White,Male,Non-Hispanic
P0005,17,0.9099999999999998,23,23,No Banner,Won,0,NA,Chose Non-Hot,0,NA,NA,1,,41,Never,NA,White,Male,Non-Hispanic
P0005,18,0.8999999999999998,33,10,No Banner,Lost,0,NA,Chose Non-Hot,100,100,NA,1,,41,Never,NA,White,Male,Non-Hispanic
P0005,19,0.8899999999999998,33,8,Banner,Lost,3,nonhot_win_number,Chose Hot,100,100,NA,1,,41,Never,NA,White,Male,Non-Hispanic
P0005,20,0.8799999999999998,7,20,No Banner,Lost,0,NA,Chose Non-Hot,100,100,NA,1,,41,Never,NA,White,Male,Non-Hispanic
P0005,21,0.8699999999999998,10,18,Banner,Lost,3,hot_win_number,Chose Hot,100,100,NA,1,,41,Never,NA,White,Male,Non-Hispanic
P0005,22,1.2199999999999998,3,3,No Banner,Won,0,NA,Chose Non-Hot,0,NA,NA,1,,41,Never,NA,White,Male,Non-Hispanic
P0005,23,1.2099999999999995,22,3,Banner,Lost,1,nonhot_win_number,Chose Non-Hot,100,100,NA,1,,41,Never,NA,White,Male,Non-Hispanic
P0005,24,1.1999999999999995,31,28,Banner,Lost,1,nonhot_win_number,Chose Hot,100,100,NA,1,,41,Never,NA,White,Male,Non-Hispanic
P0008,1,0.29,13,18,No Banner,Lost,0,NA,Chose Non-Hot,7,83,NA,1,,43,About once a month,NA,White,Male,Non-Hispanic
P0008,2,0.27999999999999997,13,25,Banner,Lost,16,nonhot_win_number,Chose Hot,28,87,25,1,,43,About once a month,NA,White,Male,Non-Hispanic
P0008,3,0.26999999999999996,13,35,Banner,Lost,3,nonhot_win_number,Chose Non-Hot,14,80,24,1,,43,About once a month,NA,White,Male,Non-Hispanic
P0008,4,0.25999999999999995,13,31,Banner,Lost,8,hot_win_number,Chose Hot,36,82,22,1,,43,About once a month,NA,White,Male,Non-Hispanic
P0008,5,0.6099999999999999,13,13,No Banner,Won,0,NA,Chose Non-Hot,0,NA,NA,1,,43,About once a month,NA,White,Male,Non-Hispanic
P0008,6,0.5999999999999999,10,9,Banner,Lost,1,nonhot_win_number,Chose Hot,22,80,NA,1,,43,About once a month,NA,White,Male,Non-Hispanic
P0008,7,0.5899999999999999,22,2,Banner,Lost,16,hot_win_number,Chose Non-Hot,35,91,17,1,,43,About once a month,NA,White,Male,Non-Hispanic
P0008,8,0.5799999999999998,13,2,No Banner,Lost,0,NA,Chose Non-Hot,40,87,NA,1,,43,About once a month,NA,White,Male,Non-Hispanic
P0008,9,0.5699999999999998,13,20,No Banner,Lost,0,NA,Chose Non-Hot,50,79,NA,1,,43,About once a month,NA,White,Male,Non-Hispanic
P0008,10,0.5599999999999998,34,5,No Banner,Lost,0,NA,Chose Non-Hot,34,87,NA,1,,43,About once a month,NA,White,Male,Non-Hispanic
P0008,11,0.9099999999999998,13,13,No Banner,Won,0,NA,Chose Non-Hot,0,NA,NA,1,,43,About once a month,NA,White,Male,Non-Hispanic
P0008,12,0.8999999999999998,31,9,Banner,Lost,8,nonhot_win_number,Chose Non-Hot,19,87,12,1,,43,About once a month,NA,White,Male,Non-Hispanic
P0008,13,0.8899999999999998,13,23,No Banner,Lost,0,NA,Chose Non-Hot,14,75,NA,1,,43,About once a month,NA,White,Male,Non-Hispanic
P0008,14,0.8799999999999998,20,14,No Banner,Lost,0,NA,Chose Non-Hot,17,86,NA,1,,43,About once a month,NA,White,Male,Non-Hispanic
P0008,15,0.8699999999999998,13,10,Banner,Lost,2,nonhot_win_number,Chose Non-Hot,46,87,11,1,,43,About once a month,NA,White,Male,Non-Hispanic
P0008,16,1.2199999999999998,13,13,No Banner,Won,0,NA,Chose Non-Hot,0,NA,NA,1,,43,About once a month,NA,White,Male,Non-Hispanic
P0008,17,1.2099999999999995,25,14,No Banner,Lost,0,NA,Chose Non-Hot,18,87,NA,1,,43,About once a month,NA,White,Male,Non-Hispanic
P0008,18,1.1999999999999995,25,36,Banner,Lost,1,nonhot_win_number,Chose Non-Hot,12,82,10,1,,43,About once a month,NA,White,Male,Non-Hispanic
P0008,19,1.1899999999999995,13,28,Banner,Lost,2,hot_win_number,Chose Non-Hot,26,70,5,1,,43,About once a month,NA,White,Male,Non-Hispanic
P0008,20,1.1799999999999995,13,31,No Banner,Lost,0,NA,Chose Non-Hot,32,87,NA,1,,43,About once a month,NA,White,Male,Non-Hispanic
P0008,21,1.5299999999999998,13,13,No Banner,Won,0,NA,Chose Non-Hot,0,NA,NA,1,,43,About once a month,NA,White,Male,Non-Hispanic
P0008,22,1.5199999999999998,27,7,No Banner,Lost,0,NA,Chose Non-Hot,8,74,NA,1,,43,About once a month,NA,White,Male,Non-Hispanic
P0008,23,1.5099999999999998,27,16,No Banner,Lost,0,NA,Chose Non-Hot,13,82,NA,1,,43,About once a month,NA,White,Male,Non-Hispanic
P0008,24,1.4999999999999998,13,18,Banner,Lost,3,hot_win_number,Chose Non-Hot,30,89,13,1,,43,About once a month,NA,White,Male,Non-Hispanic
P0011,1,-0.01,16,11,No Banner,Lost,0,NA,Chose Non-Hot,58,88,NA,1,,35,Never,NA,White,Male,Non-Hispanic
P0011,2,-0.02,11,9,No Banner,Lost,0,NA,Chose Non-Hot,59,87,NA,1,,35,Never,NA,White,Male,Non-Hispanic
P0011,3,-0.03,3,29,Banner,Lost,3,hot_win_number,Chose Hot,86,95,NA,1,,35,Never,NA,White,Male,Non-Hispanic
P0011,4,0.31999999999999995,25,25,No Banner,Won,0,NA,Chose Non-Hot,0,NA,NA,1,,35,Never,NA,White,Male,Non-Hispanic
P0011,5,0.30999999999999994,28,12,Banner,Lost,1,nonhot_win_number,Chose Hot,40,72,NA,1,,35,Never,NA,White,Male,Non-Hispanic
P0011,6,0.29999999999999993,12,11,Banner,Lost,16,nonhot_win_number,Chose Hot,51,76,NA,1,,35,Never,NA,White,Male,Non-Hispanic
P0011,7,0.2899999999999999,8,32,Banner,Lost,3,nonhot_win_number,Chose Hot,44,78,NA,1,,35,Never,NA,White,Male,Non-Hispanic
P0011,8,0.2799999999999999,9,1,Banner,Lost,2,hot_win_number,Chose Hot,97,100,NA,1,,35,Never,NA,White,Male,Non-Hispanic
P0011,9,0.2699999999999999,35,34,No Banner,Lost,0,NA,Chose Non-Hot,37,65,NA,1,,35,Never,NA,White,Male,Non-Hispanic
P0011,10,0.2599999999999999,20,32,No Banner,Lost,0,NA,Chose Non-Hot,52,74,NA,1,,35,Never,NA,White,Male,Non-Hispanic
P0011,11,0.6099999999999999,18,18,No Banner,Won,0,NA,Chose Non-Hot,0,NA,NA,1,,35,Never,NA,White,Male,Non-Hispanic
P0011,12,0.5999999999999999,29,16,Banner,Lost,1,nonhot_win_number,Chose Hot,68,81,NA,1,,35,Never,NA,White,Male,Non-Hispanic
P0011,13,0.5899999999999999,30,11,Banner,Lost,8,hot_win_number,Chose Hot,38,65,NA,1,,35,Never,NA,White,Male,Non-Hispanic
P0011,14,0.5799999999999998,25,18,No Banner,Lost,0,NA,Chose Non-Hot,42,69,NA,1,,35,Never,NA,White,Male,Non-Hispanic
P0011,15,0.5699999999999998,18,32,Banner,Lost,16,hot_win_number,Chose Hot,43,71,NA,1,,35,Never,NA,White,Male,Non-Hispanic
P0011,16,0.9199999999999998,15,15,No Banner,Won,0,NA,Chose Non-Hot,0,NA,NA,1,,35,Never,NA,White,Male,Non-Hispanic
P0011,17,0.9099999999999998,21,3,No Banner,Lost,0,NA,Chose Non-Hot,29,59,NA,1,,35,Never,NA,White,Male,Non-Hispanic
P0011,18,0.8999999999999998,11,9,No Banner,Lost,0,NA,Chose Non-Hot,49,74,NA,1,,35,Never,NA,White,Male,Non-Hispanic
P0011,19,0.8899999999999998,27,14,No Banner,Lost,0,NA,Chose Non-Hot,37,60,NA,1,,35,Never,NA,White,Male,Non-Hispanic
P0011,20,0.8799999999999998,23,9,No Banner,Lost,0,NA,Chose Non-Hot,32,55,NA,1,,35,Never,NA,White,Male,Non-Hispanic
P0011,21,0.8699999999999998,20,36,Banner,Lost,8,nonhot_win_number,Chose Hot,48,67,NA,1,,35,Never,NA,White,Male,Non-Hispanic
P0011,22,1.2199999999999998,22,22,No Banner,Won,0,NA,Chose Non-Hot,0,NA,NA,1,,35,Never,NA,White,Male,Non-Hispanic
P0011,23,1.2099999999999995,9,23,Banner,Lost,2,nonhot_win_number,Chose Hot,29,52,NA,1,,35,Never,NA,White,Male,Non-Hispanic
P0011,24,1.1999999999999995,27,3,No Banner,Lost,0,NA,Chose Non-Hot,22,57,NA,1,,35,Never,NA,White,Male,Non-Hispanic
P0013,1,-0.01,25,13,No Banner,Lost,0,NA,Chose Non-Hot,51,100,NA,1,,47,Never,NA,White,Male,Non-Hispanic
P0013,2,-0.02,6,16,No Banner,Lost,0,NA,Chose Non-Hot,39,81,NA,1,,47,Never,NA,White,Male,Non-Hispanic
P0013,3,-0.03,2,33,No Banner,Lost,0,NA,Chose Non-Hot,82,83,NA,1,,47,Never,NA,White,Male,Non-Hispanic
P0013,4,-0.04,11,26,Banner,Lost,16,nonhot_win_number,Chose Hot,89,87,NA,1,,47,Never,NA,White,Male,Non-Hispanic
P0013,5,0.31,26,26,No Banner,Won,0,NA,Chose Non-Hot,0,NA,NA,1,,47,Never,NA,White,Male,Non-Hispanic
P0013,6,0.3,26,12,No Banner,Lost,0,NA,Chose Non-Hot,74,81,NA,1,,47,Never,NA,White,Male,Non-Hispanic
P0013,7,0.29,12,4,Banner,Lost,1,nonhot_win_number,Chose Non-Hot,70,78,NA,1,,47,Never,NA,White,Male,Non-Hispanic
P0013,8,0.27999999999999997,36,8,Banner,Lost,3,hot_win_number,Chose Hot,96,99,NA,1,,47,Never,NA,White,Male,Non-Hispanic
P0013,9,0.6299999999999999,8,8,No Banner,Won,0,NA,Chose Non-Hot,0,NA,NA,1,,47,Never,NA,White,Male,Non-Hispanic
P0013,10,0.6199999999999999,8,19,No Banner,Lost,0,NA,Chose Non-Hot,83,93,NA,1,,47,Never,NA,White,Male,Non-Hispanic
P0013,11,0.6099999999999999,26,10,No Banner,Lost,0,NA,Chose Non-Hot,84,89,NA,1,,47,Never,NA,White,Male,Non-Hispanic
P0013,12,0.5999999999999999,10,9,No Banner,Lost,0,NA,Chose Non-Hot,89,89,NA,1,,47,Never,NA,White,Male,Non-Hispanic
P0013,13,0.5899999999999999,23,32,Banner,Lost,2,nonhot_win_number,Chose Hot,87,88,NA,1,,47,Never,NA,White,Male,Non-Hispanic
P0013,14,0.5799999999999998,11,33,Banner,Lost,16,hot_win_number,Chose Hot,88,89,NA,1,,47,Never,NA,White,Male,Non-Hispanic
P0013,15,0.9299999999999998,32,32,No Banner,Won,0,NA,Chose Non-Hot,0,NA,NA,1,,47,Never,NA,White,Male,Non-Hispanic
P0013,16,0.9199999999999998,32,22,Banner,Lost,8,nonhot_win_number,Chose Non-Hot,33,35,NA,1,,47,Never,NA,White,Male,Non-Hispanic
P0013,17,0.9099999999999998,10,4,No Banner,Lost,0,NA,Chose Non-Hot,90,90,NA,1,,47,Never,NA,White,Male,Non-Hispanic
P0013,18,0.8999999999999998,4,2,Banner,Lost,1,nonhot_win_number,Chose Non-Hot,56,59,NA,1,,47,Never,NA,White,Male,Non-Hispanic
P0013,19,0.8899999999999998,2,17,Banner,Lost,3,nonhot_win_number,Chose Hot,92,88,NA,1,,47,Never,NA,White,Male,Non-Hispanic
P0013,20,0.8799999999999998,16,24,No Banner,Lost,0,NA,Chose Non-Hot,31,32,NA,1,,47,Never,NA,White,Male,Non-Hispanic
P0013,21,0.8699999999999998,24,18,No Banner,Lost,0,NA,Chose Non-Hot,47,60,NA,1,,47,Never,NA,White,Male,Non-Hispanic
P0013,22,1.2199999999999998,18,18,No Banner,Won,0,NA,Chose Non-Hot,0,NA,NA,1,,47,Never,NA,White,Male,Non-Hispanic
P0013,23,1.2099999999999995,20,4,Banner,Lost,8,hot_win_number,Chose Hot,51,49,NA,1,,47,Never,NA,White,Male,Non-Hispanic
P0013,24,1.1999999999999995,4,8,Banner,Lost,2,hot_win_number,Chose Non-Hot,69,73,NA,1,,47,Never,NA,White,Male,Non-Hispanic
P0016,1,0.29,17,29,Banner,Lost,1,nonhot_win_number,Chose Non-Hot,15,19,0,2,It was fun but I am also slightly suspicious I got exactly $1.50 and that was the average bonus,44,A few times,NA,White,Male,Non-Hispanic
P0016,2,0.27999999999999997,29,31,No Banner,Lost,0,NA,Chose Non-Hot,13,19,NA,2,It was fun but I am also slightly suspicious I got exactly $1.50 and that was the average bonus,44,A few times,NA,White,Male,Non-Hispanic
P0016,3,0.26999999999999996,17,13,Banner,Lost,3,hot_win_number,Chose Hot,10,23,0,2,It was fun but I am also slightly suspicious I got exactly $1.50 and that was the average bonus,44,A few times,NA,White,Male,Non-Hispanic
P0016,4,0.25999999999999995,17,8,Banner,Lost,2,nonhot_win_number,Chose Non-Hot,6,14,0,2,It was fun but I am also slightly suspicious I got exactly $1.50 and that was the average bonus,44,A few times,NA,White,Male,Non-Hispanic
P0016,5,0.6099999999999999,17,17,No Banner,Won,0,NA,Chose Non-Hot,0,NA,NA,2,It was fun but I am also slightly suspicious I got exactly $1.50 and that was the average bonus,44,A few times,NA,White,Male,Non-Hispanic
P0016,6,0.5999999999999999,7,35,No Banner,Lost,0,NA,Chose Non-Hot,7,8,NA,2,It was fun but I am also slightly suspicious I got exactly $1.50 and that was the average bonus,44,A few times,NA,White,Male,Non-Hispanic
P0016,7,0.5899999999999999,7,5,No Banner,Lost,0,NA,Chose Non-Hot,5,13,NA,2,It was fun but I am also slightly suspicious I got exactly $1.50 and that was the average bonus,44,A few times,NA,White,Male,Non-Hispanic
P0016,8,0.5799999999999998,7,36,Banner,Lost,16,nonhot_win_number,Chose Non-Hot,4,9,0,2,It was fun but I am also slightly suspicious I got exactly $1.50 and that was the average bonus,44,A few times,NA,White,Male,Non-Hispanic
P0016,9,0.5699999999999998,7,17,Banner,Lost,1,nonhot_win_number,Chose Non-Hot,13,53,0,2,It was fun but I am also slightly suspicious I got exactly $1.50 and that was the average bonus,44,A few times,NA,White,Male,Non-Hispanic
P0016,10,0.9199999999999998,7,7,No Banner,Won,0,NA,Chose Non-Hot,0,NA,NA,2,It was fun but I am also slightly suspicious I got exactly $1.50 and that was the average bonus,44,A few times,NA,White,Male,Non-Hispanic
P0016,11,0.9099999999999998,33,25,Banner,Lost,8,nonhot_win_number,Chose Non-Hot,18,7,0,2,It was fun but I am also slightly suspicious I got exactly $1.50 and that was the average bonus,44,A few times,NA,White,Male,Non-Hispanic
P0016,12,0.8999999999999998,30,20,No Banner,Lost,0,NA,Chose Non-Hot,4,8,NA,2,It was fun but I am also slightly suspicious I got exactly $1.50 and that was the average bonus,44,A few times,NA,White,Male,Non-Hispanic
P0016,13,0.8899999999999998,30,2,Banner,Lost,16,hot_win_number,Chose Non-Hot,11,12,0,2,It was fun but I am also slightly suspicious I got exactly $1.50 and that was the average bonus,44,A few times,NA,White,Male,Non-Hispanic
P0016,14,0.8799999999999998,30,12,No Banner,Lost,0,NA,Chose Non-Hot,5,8,NA,2,It was fun but I am also slightly suspicious I got exactly $1.50 and that was the average bonus,44,A few times,NA,White,Male,Non-Hispanic
P0016,15,0.8699999999999998,30,22,No Banner,Lost,0,NA,Chose Non-Hot,7,11,NA,2,It was fun but I am also slightly suspicious I got exactly $1.50 and that was the average bonus,44,A few times,NA,White,Male,Non-Hispanic
P0016,16,1.2199999999999998,30,30,No Banner,Won,0,NA,Chose Non-Hot,0,NA,NA,2,It was fun but I am also slightly suspicious I got exactly $1.50 and that was the average bonus,44,A few times,NA,White,Male,Non-Hispanic
P0016,17,1.2099999999999995,11,14,No Banner,Lost,0,NA,Chose Non-Hot,7,18,NA,2,It was fun but I am also slightly suspicious I got exactly $1.50 and that was the average bonus,44,A few times,NA,White,Male,Non-Hispanic
P0016,18,1.1999999999999995,11,16,No Banner,Lost,0,NA,Chose Non-Hot,11,15,NA,2,It was fun but I am also slightly suspicious I got exactly $1.50 and that was the average bonus,44,A few times,NA,White,Male,Non-Hispanic
P0016,19,1.1899999999999995,11,24,No Banner,Lost,0,NA,Chose Non-Hot,9,12,NA,2,It was fun but I am also slightly suspicious I got exactly $1.50 and that was the average bonus,44,A few times,NA,White,Male,Non-Hispanic
P0016,20,1.1799999999999995,11,3,Banner,Lost,3,nonhot_win_number,Chose Non-Hot,16,9,0,2,It was fun but I am also slightly suspicious I got exactly $1.50 and that was the average bonus,44,A few times,NA,White,Male,Non-Hispanic
P0016,21,1.1699999999999997,11,1,No Banner,Lost,0,NA,Chose Non-Hot,5,9,NA,2,It was fun but I am also slightly suspicious I got exactly $1.50 and that was the average bonus,44,A few times,NA,White,Male,Non-Hispanic
P0016,22,1.1599999999999997,11,27,Banner,Lost,8,hot_win_number,Chose Non-Hot,13,9,0,2,It was fun but I am also slightly suspicious I got exactly $1.50 and that was the average bonus,44,A few times,NA,White,Male,Non-Hispanic
P0016,23,1.5099999999999998,11,11,No Banner,Won,0,NA,Chose Non-Hot,0,NA,NA,2,It was fun but I am also slightly suspicious I got exactly $1.50 and that was the average bonus,44,A few times,NA,White,Male,Non-Hispanic
P0016,24,1.4999999999999998,1,35,Banner,Lost,2,hot_win_number,Chose Non-Hot,12,13,0,2,It was fun but I am also slightly suspicious I got exactly $1.50 and that was the average bonus,44,A few times,NA,White,Male,Non-Hispanic
P0017,1,-0.01,21,34,Banner,Lost,1,nonhot_win_number,Chose Non-Hot,60,54,NA,2,I still don't get it. It was all just a guess after all?,43,Never,NA,White,Male,Non-Hispanic
P0017,2,-0.02,4,10,No Banner,Lost,0,NA,Chose Non-Hot,44,44,NA,2,I still don't get it. It was all just a guess after all?,43,Never,NA,White,Male,Non-Hispanic
P0017,3,0.32999999999999996,19,19,No Banner,Won,0,NA,Chose Non-Hot,0,NA,NA,2,I still don't get it. It was all just a guess after all?,43,Never,NA,White,Male,Non-Hispanic
P0017,4,0.31999999999999995,11,29,No Banner,Lost,0,NA,Chose Non-Hot,44,58,NA,2,I still don't get it. It was all just a guess after all?,43,Never,NA,White,Male,Non-Hispanic
P0017,5,0.30999999999999994,27,20,Banner,Lost,8,nonhot_win_number,Chose Hot,41,41,NA,2,I still don't get it. It was all just a guess after all?,43,Never,NA,White,Male,Non-Hispanic
P0017,6,0.29999999999999993,30,34,No Banner,Lost,0,NA,Chose Non-Hot,46,80,NA,2,I still don't get it. It was all just a guess after all?,43,Never,NA,White,Male,Non-Hispanic
P0017,7,0.2899999999999999,28,8,No Banner,Lost,0,NA,Chose Non-Hot,63,66,NA,2,I still don't get it. It was all just a guess after all?,43,Never,NA,White,Male,Non-Hispanic
P0017,8,0.2799999999999999,26,36,Banner,Lost,2,nonhot_win_number,Chose Hot,72,60,NA,2,I still don't get it. It was all just a guess after all?,43,Never,NA,White,Male,Non-Hispanic
P0017,9,0.2699999999999999,10,14,No Banner,Lost,0,NA,Chose Non-Hot,58,61,NA,2,I still don't get it. It was all just a guess after all?,43,Never,NA,White,Male,Non-Hispanic
P0017,10,0.6199999999999999,22,22,No Banner,Won,0,NA,Chose Non-Hot,0,NA,NA,2,I still don't get it. It was all just a guess after all?,43,Never,NA,White,Male,Non-Hispanic
P0017,11,0.6099999999999999,14,36,Banner,Lost,3,nonhot_win_number,Chose Non-Hot,64,62,NA,2,I still don't get it. It was all just a guess after all?,43,Never,NA,White,Male,Non-Hispanic
P0017,12,0.5999999999999999,23,14,No Banner,Lost,0,NA,Chose Non-Hot,49,54,NA,2,I still don't get it. It was all just a guess after all?,43,Never,NA,White,Male,Non-Hispanic
P0017,13,0.5899999999999999,10,25,Banner,Lost,2,hot_win_number,Chose Hot,74,65,NA,2,I still don't get it. It was all just a guess after all?,43,Never,NA,White,Male,Non-Hispanic
P0017,14,0.5799999999999998,15,5,No Banner,Lost,0,NA,Chose Non-Hot,62,65,NA,2,I still don't get it. It was all just a guess after all?,43,Never,NA,White,Male,Non-Hispanic
P0017,15,0.5699999999999998,8,33,Banner,Lost,16,nonhot_win_number,Chose Hot,61,61,NA,2,I still don't get it. It was all just a guess after all?,43,Never,NA,White,Male,Non-Hispanic
P0017,16,0.5599999999999998,8,24,Banner,Lost,1,nonhot_win_number,Chose Hot,61,62,NA,2,I still don't get it. It was all just a guess after all?,43,Never,NA,White,Male,Non-Hispanic
P0017,17,0.9099999999999998,4,4,No Banner,Won,0,NA,Chose Non-Hot,0,NA,NA,2,I still don't get it. It was all just a guess after all?,43,Never,NA,White,Male,Non-Hispanic
P0017,18,0.8999999999999998,35,33,Banner,Lost,3,hot_win_number,Chose Hot,59,59,NA,2,I still don't get it. It was all just a guess after all?,43,Never,NA,White,Male,Non-Hispanic
P0017,19,0.8899999999999998,4,6,No Banner,Lost,0,NA,Chose Non-Hot,67,62,NA,2,I still don't get it. It was all just a guess after all?,43,Never,NA,White,Male,Non-Hispanic
P0017,20,0.8799999999999998,4,17,Banner,Lost,16,hot_win_number,Chose Hot,55,64,NA,2,I still don't get it. It was all just a guess after all?,43,Never,NA,White,Male,Non-Hispanic
P0017,21,1.2299999999999998,8,8,No Banner,Won,0,NA,Chose Non-Hot,0,NA,NA,2,I still don't get it. It was all just a guess after all?,43,Never,NA,White,Male,Non-Hispanic
P0017,22,1.2199999999999998,4,1,No Banner,Lost,0,NA,Chose Non-Hot,59,51,NA,2,I still don't get it. It was all just a guess after all?,43,Never,NA,White,Male,Non-Hispanic
P0017,23,1.2099999999999995,2,33,Banner,Lost,8,hot_win_number,Chose Hot,57,56,NA,2,I still don't get it. It was all just a guess after all?,43,Never,NA,White,Male,Non-Hispanic
P0017,24,1.1999999999999995,14,6,No Banner,Lost,0,NA,Chose Non-Hot,56,53,NA,2,I still don't get it. It was all just a guess after all?,43,Never,NA,White,Male,Non-Hispanic
P0022,1,0.29,21,31,No Banner,Lost,0,NA,Chose Non-Hot,100,19,NA,2,I have a feeling that the bonus was pre determined.,35,Never,NA,Black/African American,Male,Non-Hispanic
P0022,2,0.27999999999999997,35,16,Banner,Lost,8,nonhot_win_number,Chose Hot,91,8,51,2,I have a feeling that the bonus was pre determined.,35,Never,NA,Black/African American,Male,Non-Hispanic
P0022,3,0.6299999999999999,17,17,No Banner,Won,0,NA,Chose Non-Hot,0,NA,NA,2,I have a feeling that the bonus was pre determined.,35,Never,NA,Black/African American,Male,Non-Hispanic
P0022,4,0.6199999999999999,23,27,No Banner,Lost,0,NA,Chose Non-Hot,96,5,NA,2,I have a feeling that the bonus was pre determined.,35,Never,NA,Black/African American,Male,Non-Hispanic
P0022,5,0.6099999999999999,19,29,No Banner,Lost,0,NA,Chose Non-Hot,97,3,NA,2,I have a feeling that the bonus was pre determined.,35,Never,NA,Black/African American,Male,Non-Hispanic
P0022,6,0.5999999999999999,22,36,No Banner,Lost,0,NA,Chose Non-Hot,86,10,NA,2,I have a feeling that the bonus was pre determined.,35,Never,NA,Black/African American,Male,Non-Hispanic
P0022,7,0.5899999999999999,15,24,No Banner,Lost,0,NA,Chose Non-Hot,93,8,NA,2,I have a feeling that the bonus was pre determined.,35,Never,NA,Black/African American,Male,Non-Hispanic
P0022,8,0.5799999999999998,32,14,Banner,Lost,3,nonhot_win_number,Chose Hot,96,3,5,2,I have a feeling that the bonus was pre determined.,35,Never,NA,Black/African American,Male,Non-Hispanic
P0022,9,0.5699999999999998,3,35,Banner,Lost,2,hot_win_number,Chose Hot,100,100,NA,2,I have a feeling that the bonus was pre determined.,35,Never,NA,Black/African American,Male,Non-Hispanic
P0022,10,0.5599999999999998,22,30,Banner,Lost,16,nonhot_win_number,Chose Non-Hot,97,7,9,2,I have a feeling that the bonus was pre determined.,35,Never,NA,Black/African American,Male,Non-Hispanic
P0022,11,0.9099999999999998,24,24,No Banner,Won,0,NA,Chose Non-Hot,0,NA,NA,2,I have a feeling that the bonus was pre determined.,35,Never,NA,Black/African American,Male,Non-Hispanic
P0022,12,0.8999999999999998,8,34,No Banner,Lost,0,NA,Chose Non-Hot,97,6,NA,2,I have a feeling that the bonus was pre determined.,35,Never,NA,Black/African American,Male,Non-Hispanic
P0022,13,0.8899999999999998,27,9,Banner,Lost,1,nonhot_win_number,Chose Hot,100,9,NA,2,I have a feeling that the bonus was pre determined.,35,Never,NA,Black/African American,Male,Non-Hispanic
P0022,14,0.8799999999999998,3,33,No Banner,Lost,0,NA,Chose Non-Hot,93,8,NA,2,I have a feeling that the bonus was pre determined.,35,Never,NA,Black/African American,Male,Non-Hispanic
P0022,15,1.2299999999999998,29,29,No Banner,Won,0,NA,Chose Non-Hot,0,NA,NA,2,I have a feeling that the bonus was pre determined.,35,Never,NA,Black/African American,Male,Non-Hispanic
P0022,16,1.2199999999999998,10,22,No Banner,Lost,0,NA,Chose Non-Hot,94,4,NA,2,I have a feeling that the bonus was pre determined.,35,Never,NA,Black/African American,Male,Non-Hispanic
P0022,17,1.2099999999999995,28,30,Banner,Lost,1,nonhot_win_number,Chose Non-Hot,96,7,54,2,I have a feeling that the bonus was pre determined.,35,Never,NA,Black/African American,Male,Non-Hispanic
P0022,18,1.1999999999999995,18,20,Banner,Lost,16,hot_win_number,Chose Hot,91,6,6,2,I have a feeling that the bonus was pre determined.,35,Never,NA,Black/African American,Male,Non-Hispanic
P0022,19,1.1899999999999995,14,1,Banner,Lost,3,hot_win_number,Chose Hot,97,97,3,2,I have a feeling that the bonus was pre determined.,35,Never,NA,Black/African American,Male,Non-Hispanic
P0022,20,1.1799999999999995,28,29,No Banner,Lost,0,NA,Chose Non-Hot,92,5,NA,2,I have a feeling that the bonus was pre determined.,35,Never,NA,Black/African American,Male,Non-Hispanic
P0022,21,1.5299999999999998,15,15,No Banner,Won,0,NA,Chose Non-Hot,0,NA,NA,2,I have a feeling that the bonus was pre determined.,35,Never,NA,Black/African American,Male,Non-Hispanic
P0022,22,1.5199999999999998,34,4,No Banner,Lost,0,NA,Chose Non-Hot,89,6,NA,2,I have a feeling that the bonus was pre determined.,35,Never,NA,Black/African American,Male,Non-Hispanic
P0022,23,1.5099999999999998,4,31,Banner,Lost,8,hot_win_number,Chose Hot,94,5,5,2,I have a feeling that the bonus was pre determined.,35,Never,NA,Black/African American,Male,Non-Hispanic
P0022,24,1.4999999999999998,19,31,Banner,Lost,2,nonhot_win_number,Chose Hot,96,4,5,2,I have a feeling that the bonus was pre determined.,35,Never,NA,Black/African American,Male,Non-Hispanic
P0023,1,0.29,27,36,Banner,Lost,1,nonhot_win_number,Chose Hot,6,7,NA,2,nothing in particular,29,Never,NA,White,Male,Non-Hispanic
P0023,2,0.27999999999999997,16,15,Banner,Lost,3,hot_win_number,Chose Non-Hot,74,74,19,2,nothing in particular,29,Never,NA,White,Male,Non-Hispanic
P0023,3,0.26999999999999996,29,26,No Banner,Lost,0,NA,Chose Non-Hot,10,11,NA,2,nothing in particular,29,Never,NA,White,Male,Non-Hispanic
P0023,4,0.25999999999999995,29,7,No Banner,Lost,0,NA,Chose Non-Hot,8,8,NA,2,nothing in particular,29,Never,NA,White,Male,Non-Hispanic
P0023,5,0.6099999999999999,29,29,No Banner,Won,0,NA,Chose Non-Hot,0,NA,NA,2,nothing in particular,29,Never,NA,White,Male,Non-Hispanic
P0023,6,0.5999999999999999,29,32,Banner,Lost,1,nonhot_win_number,Chose Non-Hot,8,8,5,2,nothing in particular,29,Never,NA,White,Male,Non-Hispanic
P0023,7,0.5899999999999999,29,4,No Banner,Lost,0,NA,Chose Non-Hot,9,4,NA,2,nothing in particular,29,Never,NA,White,Male,Non-Hispanic
P0023,8,0.5799999999999998,29,24,Banner,Lost,16,nonhot_win_number,Chose Non-Hot,8,11,6,2,nothing in particular,29,Never,NA,White,Male,Non-Hispanic
P0023,9,0.5699999999999998,29,24,No Banner,Lost,0,NA,Chose Non-Hot,8,9,NA,2,nothing in particular,29,Never,NA,White,Male,Non-Hispanic
P0023,10,0.9199999999999998,29,29,No Banner,Won,0,NA,Chose Non-Hot,0,NA,NA,2,nothing in particular,29,Never,NA,White,Male,Non-Hispanic
P0023,11,0.9099999999999998,29,19,Banner,Lost,2,nonhot_win_number,Chose Non-Hot,7,7,6,2,nothing in particular,29,Never,NA,White,Male,Non-Hispanic
P0023,12,0.8999999999999998,29,18,No Banner,Lost,0,NA,Chose Non-Hot,10,10,NA,2,nothing in particular,29,Never,NA,White,Male,Non-Hispanic
P0023,13,0.8899999999999998,29,21,No Banner,Lost,0,NA,Chose Non-Hot,7,8,NA,2,nothing in particular,29,Never,NA,White,Male,Non-Hispanic
P0023,14,0.8799999999999998,29,2,Banner,Lost,8,hot_win_number,Chose Non-Hot,5,9,3,2,nothing in particular,29,Never,NA,White,Male,Non-Hispanic
P0023,15,0.8699999999999998,29,32,Banner,Lost,3,nonhot_win_number,Chose Non-Hot,5,7,4,2,nothing in particular,29,Never,NA,White,Male,Non-Hispanic
P0023,16,1.2199999999999998,29,29,No Banner,Won,0,NA,Chose Non-Hot,0,NA,NA,2,nothing in particular,29,Never,NA,White,Male,Non-Hispanic
P0023,17,1.2099999999999995,29,16,No Banner,Lost,0,NA,Chose Non-Hot,7,7,NA,2,nothing in particular,29,Never,NA,White,Male,Non-Hispanic
P0023,18,1.1999999999999995,29,16,Banner,Lost,2,hot_win_number,Chose Non-Hot,7,10,5,2,nothing in particular,29,Never,NA,White,Male,Non-Hispanic
P0023,19,1.1899999999999995,29,20,Banner,Lost,16,hot_win_number,Chose Non-Hot,5,8,4,2,nothing in particular,29,Never,NA,White,Male,Non-Hispanic
P0023,20,1.1799999999999995,29,6,Banner,Lost,8,nonhot_win_number,Chose Non-Hot,6,12,4,2,nothing in particular,29,Never,NA,White,Male,Non-Hispanic
P0023,21,1.1699999999999997,29,26,No Banner,Lost,0,NA,Chose Non-Hot,7,10,NA,2,nothing in particular,29,Never,NA,White,Male,Non-Hispanic
P0023,22,1.5199999999999996,29,29,No Banner,Won,0,NA,Chose Non-Hot,0,NA,NA,2,nothing in particular,29,Never,NA,White,Male,Non-Hispanic
P0023,23,1.5099999999999996,29,31,No Banner,Lost,0,NA,Chose Non-Hot,3,5,NA,2,nothing in particular,29,Never,NA,White,Male,Non-Hispanic
P0023,24,1.4999999999999996,29,6,No Banner,Lost,0,NA,Chose Non-Hot,6,8,NA,2,nothing in particular,29,Never,NA,White,Male,Non-Hispanic
P0025,1,0.29,15,6,No Banner,Lost,0,NA,Chose Non-Hot,0,100,NA,1,"I won alot more than I thought I would, Fun study",35,About once a month,NA,White,Male,Non-Hispanic
P0025,2,0.27999999999999997,21,23,No Banner,Lost,0,NA,Chose Non-Hot,0,100,NA,1,"I won alot more than I thought I would, Fun study",35,About once a month,NA,White,Male,Non-Hispanic
P0025,3,0.26999999999999996,27,25,No Banner,Lost,0,NA,Chose Non-Hot,0,100,NA,1,"I won alot more than I thought I would, Fun study",35,About once a month,NA,White,Male,Non-Hispanic
P0025,4,0.25999999999999995,18,20,Banner,Lost,8,hot_win_number,Chose Non-Hot,0,100,0,1,"I won alot more than I thought I would, Fun study",35,About once a month,NA,White,Male,Non-Hispanic
P0025,5,0.6099999999999999,13,13,No Banner,Won,0,NA,Chose Non-Hot,0,NA,NA,1,"I won alot more than I thought I would, Fun study",35,About once a month,NA,White,Male,Non-Hispanic
P0025,6,0.5999999999999999,6,35,No Banner,Lost,0,NA,Chose Non-Hot,0,100,NA,1,"I won alot more than I thought I would, Fun study",35,About once a month,NA,White,Male,Non-Hispanic
P0025,7,0.5899999999999999,34,19,Banner,Lost,1,nonhot_win_number,Chose Non-Hot,0,100,0,1,"I won alot more than I thought I would, Fun study",35,About once a month,NA,White,Male,Non-Hispanic
P0025,8,0.5799999999999998,6,2,Banner,Lost,1,nonhot_win_number,Chose Non-Hot,0,100,0,1,"I won alot more than I thought I would, Fun study",35,About once a month,NA,White,Male,Non-Hispanic
P0025,9,0.5699999999999998,32,22,Banner,Lost,3,hot_win_number,Chose Non-Hot,0,100,0,1,"I won alot more than I thought I would, Fun study",35,About once a month,NA,White,Male,Non-Hispanic
P0025,10,0.5599999999999998,18,16,Banner,Lost,3,nonhot_win_number,Chose Non-Hot,0,100,0,1,"I won alot more than I thought I would, Fun study",35,About once a month,NA,White,Male,Non-Hispanic
P0025,11,0.5499999999999998,6,21,Banner,Lost,16,hot_win_number,Chose Non-Hot,0,100,0,1,"I won alot more than I thought I would, Fun study",35,About once a month,NA,White,Male,Non-Hispanic
P0025,12,0.8999999999999998,6,6,No Banner,Won,0,NA,Chose Non-Hot,0,NA,NA,1,"I won alot more than I thought I would, Fun study",35,About once a month,NA,White,Male,Non-Hispanic
P0025,13,0.8899999999999998,19,17,No Banner,Lost,0,NA,Chose Non-Hot,0,100,NA,1,"I won alot more than I thought I would, Fun study",35,About once a month,NA,White,Male,Non-Hispanic
P0025,14,0.8799999999999998,36,7,No Banner,Lost,0,NA,Chose Non-Hot,0,100,NA,1,"I won alot more than I thought I would, Fun study",35,About once a month,NA,White,Male,Non-Hispanic
P0025,15,0.8699999999999998,2,25,No Banner,Lost,0,NA,Chose Non-Hot,0,100,NA,1,"I won alot more than I thought I would, Fun study",35,About once a month,NA,White,Male,Non-Hispanic
P0025,16,0.8599999999999998,6,16,No Banner,Lost,0,NA,Chose Non-Hot,0,100,NA,1,"I won alot more than I thought I would, Fun study",35,About once a month,NA,White,Male,Non-Hispanic
P0025,17,1.2099999999999995,24,24,No Banner,Won,0,NA,Chose Non-Hot,0,NA,NA,1,"I won alot more than I thought I would, Fun study",35,About once a month,NA,White,Male,Non-Hispanic
P0025,18,1.1999999999999995,27,8,Banner,Lost,8,nonhot_win_number,Chose Non-Hot,0,100,0,1,"I won alot more than I thought I would, Fun study",35,About once a month,NA,White,Male,Non-Hispanic
P0025,19,1.1899999999999995,22,8,Banner,Lost,16,nonhot_win_number,Chose Hot,0,100,0,1,"I won alot more than I thought I would, Fun study",35,About once a month,NA,White,Male,Non-Hispanic
P0025,20,1.1799999999999995,25,30,Banner,Lost,2,hot_win_number,Chose Non-Hot,0,100,0,1,"I won alot more than I thought I would, Fun study",35,About once a month,NA,White,Male,Non-Hispanic
P0025,21,1.5299999999999998,4,4,No Banner,Won,0,NA,Chose Non-Hot,0,NA,NA,1,"I won alot more than I thought I would, Fun study",35,About once a month,NA,White,Male,Non-Hispanic
P0025,22,1.5199999999999998,2,19,No Banner,Lost,0,NA,Chose Non-Hot,0,100,NA,1,"I won alot more than I thought I would, Fun study",35,About once a month,NA,White,Male,Non-Hispanic
P0025,23,1.5099999999999998,24,3,No Banner,Lost,0,NA,Chose Non-Hot,0,100,NA,1,"I won alot more than I thought I would, Fun study",35,About once a month,NA,White,Male,Non-Hispanic
P0025,24,1.4999999999999998,4,7,Banner,Lost,2,nonhot_win_number,Chose Non-Hot,0,100,0,1,"I won alot more than I thought I would, Fun study",35,About once a month,NA,White,Male,Non-Hispanic
P0028,1,-0.01,34,14,No Banner,Lost,0,NA,Chose Non-Hot,62,86,NA,3,This was a fun experiment.,47,Never,NA,White,Male,Non-Hispanic
P0028,2,-0.02,24,3,No Banner,Lost,0,NA,Chose Non-Hot,75,90,NA,3,This was a fun experiment.,47,Never,NA,White,Male,Non-Hispanic
P0028,3,0.32999999999999996,12,12,No Banner,Won,0,NA,Chose Non-Hot,0,NA,NA,3,This was a fun experiment.,47,Never,NA,White,Male,Non-Hispanic
P0028,4,0.31999999999999995,32,21,No Banner,Lost,0,NA,Chose Non-Hot,75,85,NA,3,This was a fun experiment.,47,Never,NA,White,Male,Non-Hispanic
P0028,5,0.30999999999999994,23,31,Banner,Lost,1,nonhot_win_number,Chose Hot,90,75,NA,3,This was a fun experiment.,47,Never,NA,White,Male,Non-Hispanic
P0028,6,0.29999999999999993,18,33,No Banner,Lost,0,NA,Chose Non-Hot,76,83,NA,3,This was a fun experiment.,47,Never,NA,White,Male,Non-Hispanic
P0028,7,0.2899999999999999,19,22,No Banner,Lost,0,NA,Chose Non-Hot,80,88,NA,3,This was a fun experiment.,47,Never,NA,White,Male,Non-Hispanic
P0028,8,0.2799999999999999,12,35,No Banner,Lost,0,NA,Chose Non-Hot,70,83,NA,3,This was a fun experiment.,47,Never,NA,White,Male,Non-Hispanic
P0028,9,0.2699999999999999,31,22,No Banner,Lost,0,NA,Chose Non-Hot,80,90,NA,3,This was a fun experiment.,47,Never,NA,White,Male,Non-Hispanic
P0028,10,0.2599999999999999,11,1,Banner,Lost,3,nonhot_win_number,Chose Hot,90,95,NA,3,This was a fun experiment.,47,Never,NA,White,Male,Non-Hispanic
P0028,11,0.2499999999999999,22,23,No Banner,Lost,0,NA,Chose Non-Hot,86,94,NA,3,This was a fun experiment.,47,Never,NA,White,Male,Non-Hispanic
P0028,12,0.5999999999999999,24,24,No Banner,Won,0,NA,Chose Non-Hot,0,NA,NA,3,This was a fun experiment.,47,Never,NA,White,Male,Non-Hispanic
P0028,13,0.5899999999999999,21,34,No Banner,Lost,0,NA,Chose Non-Hot,80,82,NA,3,This was a fun experiment.,47,Never,NA,White,Male,Non-Hispanic
P0028,14,0.5799999999999998,1,15,Banner,Lost,2,hot_win_number,Chose Hot,90,96,NA,3,This was a fun experiment.,47,Never,NA,White,Male,Non-Hispanic
P0028,15,0.9299999999999998,20,20,No Banner,Won,0,NA,Chose Non-Hot,0,NA,NA,3,This was a fun experiment.,47,Never,NA,White,Male,Non-Hispanic
P0028,16,0.9199999999999998,3,6,Banner,Lost,16,nonhot_win_number,Chose Hot,83,90,NA,3,This was a fun experiment.,47,Never,NA,White,Male,Non-Hispanic
P0028,17,0.9099999999999998,23,20,No Banner,Lost,0,NA,Chose Non-Hot,71,85,NA,3,This was a fun experiment.,47,Never,NA,White,Male,Non-Hispanic
P0028,18,0.8999999999999998,14,8,Banner,Lost,2,nonhot_win_number,Chose Hot,77,70,NA,3,This was a fun experiment.,47,Never,NA,White,Male,Non-Hispanic
P0028,19,0.8899999999999998,19,15,Banner,Lost,16,hot_win_number,Chose Hot,80,88,NA,3,This was a fun experiment.,47,Never,NA,White,Male,Non-Hispanic
P0028,20,0.8799999999999998,26,9,Banner,Lost,3,hot_win_number,Chose Hot,83,92,NA,3,This was a fun experiment.,47,Never,NA,White,Male,Non-Hispanic
P0028,21,0.8699999999999998,25,10,Banner,Lost,1,nonhot_win_number,Chose Hot,90,70,NA,3,This was a fun experiment.,47,Never,NA,White,Male,Non-Hispanic
P0028,22,1.2199999999999998,23,23,No Banner,Won,0,NA,Chose Non-Hot,0,NA,NA,3,This was a fun experiment.,47,Never,NA,White,Male,Non-Hispanic
P0028,23,1.2099999999999995,22,11,Banner,Lost,8,hot_win_number,Chose Hot,85,90,NA,3,This was a fun experiment.,47,Never,NA,White,Male,Non-Hispanic
P0028,24,1.1999999999999995,23,6,Banner,Lost,8,nonhot_win_number,Chose Hot,80,83,NA,3,This was a fun experiment.,47,Never,NA,White,Male,Non-Hispanic
P0030,1,0.29,11,30,Banner,Lost,2,hot_win_number,Chose Non-Hot,0,100,0,1,"It makes no sense to have regrets in a game of chance. At first I regretted not choosing a hot number, but statistically the hot numbers shouldn't be more likely to be winners.",74,Never,NA,White,Female,Non-Hispanic
P0030,2,0.27999999999999997,15,12,Banner,Lost,3,hot_win_number,Chose Hot,0,100,0,1,"It makes no sense to have regrets in a game of chance. At first I regretted not choosing a hot number, but statistically the hot numbers shouldn't be more likely to be winners.",74,Never,NA,White,Female,Non-Hispanic
P0030,3,0.26999999999999996,11,2,No Banner,Lost,0,NA,Chose Non-Hot,0,0,NA,1,"It makes no sense to have regrets in a game of chance. At first I regretted not choosing a hot number, but statistically the hot numbers shouldn't be more likely to be winners.",74,Never,NA,White,Female,Non-Hispanic
P0030,4,0.25999999999999995,11,21,No Banner,Lost,0,NA,Chose Non-Hot,0,0,NA,1,"It makes no sense to have regrets in a game of chance. At first I regretted not choosing a hot number, but statistically the hot numbers shouldn't be more likely to be winners.",74,Never,NA,White,Female,Non-Hispanic
P0030,5,0.24999999999999992,11,21,No Banner,Lost,0,NA,Chose Non-Hot,0,0,NA,1,"It makes no sense to have regrets in a game of chance. At first I regretted not choosing a hot number, but statistically the hot numbers shouldn't be more likely to be winners.",74,Never,NA,White,Female,Non-Hispanic
P0030,6,0.5999999999999999,11,11,No Banner,Won,0,NA,Chose Non-Hot,0,NA,NA,1,"It makes no sense to have regrets in a game of chance. At first I regretted not choosing a hot number, but statistically the hot numbers shouldn't be more likely to be winners.",74,Never,NA,White,Female,Non-Hispanic
P0030,7,0.5899999999999999,11,21,Banner,Lost,16,nonhot_win_number,Chose Hot,0,0,0,1,"It makes no sense to have regrets in a game of chance. At first I regretted not choosing a hot number, but statistically the hot numbers shouldn't be more likely to be winners.",74,Never,NA,White,Female,Non-Hispanic
P0030,8,0.5799999999999998,11,26,No Banner,Lost,0,NA,Chose Non-Hot,0,0,NA,1,"It makes no sense to have regrets in a game of chance. At first I regretted not choosing a hot number, but statistically the hot numbers shouldn't be more likely to be winners.",74,Never,NA,White,Female,Non-Hispanic
P0030,9,0.5699999999999998,32,6,Banner,Lost,3,nonhot_win_number,Chose Hot,0,0,0,1,"It makes no sense to have regrets in a game of chance. At first I regretted not choosing a hot number, but statistically the hot numbers shouldn't be more likely to be winners.",74,Never,NA,White,Female,Non-Hispanic
P0030,10,0.5599999999999998,11,10,No Banner,Lost,0,NA,Chose Non-Hot,0,0,NA,1,"It makes no sense to have regrets in a game of chance. At first I regretted not choosing a hot number, but statistically the hot numbers shouldn't be more likely to be winners.",74,Never,NA,White,Female,Non-Hispanic
P0030,11,0.9099999999999998,11,11,No Banner,Won,0,NA,Chose Non-Hot,0,NA,NA,1,"It makes no sense to have regrets in a game of chance. At first I regretted not choosing a hot number, but statistically the hot numbers shouldn't be more likely to be winners.",74,Never,NA,White,Female,Non-Hispanic
P0030,12,0.8999999999999998,11,17,No Banner,Lost,0,NA,Chose Non-Hot,0,0,NA,1,"It makes no sense to have regrets in a game of chance. At first I regretted not choosing a hot number, but statistically the hot numbers shouldn't be more likely to be winners.",74,Never,NA,White,Female,Non-Hispanic
P0030,13,0.8899999999999998,26,19,Banner,Lost,2,nonhot_win_number,Chose Hot,0,0,0,1,"It makes no sense to have regrets in a game of chance. At first I regretted not choosing a hot number, but statistically the hot numbers shouldn't be more likely to be winners.",74,Never,NA,White,Female,Non-Hispanic
P0030,14,0.8799999999999998,22,27,Banner,Lost,16,hot_win_number,Chose Hot,0,0,0,1,"It makes no sense to have regrets in a game of chance. At first I regretted not choosing a hot number, but statistically the hot numbers shouldn't be more likely to be winners.",74,Never,NA,White,Female,Non-Hispanic
P0030,15,0.8699999999999998,11,13,No Banner,Lost,0,NA,Chose Non-Hot,0,0,NA,1,"It makes no sense to have regrets in a game of chance. At first I regretted not choosing a hot number, but statistically the hot numbers shouldn't be more likely to be winners.",74,Never,NA,White,Female,Non-Hispanic
P0030,16,0.8599999999999998,11,28,No Banner,Lost,0,NA,Chose Non-Hot,0,0,NA,1,"It makes no sense to have regrets in a game of chance. At first I regretted not choosing a hot number, but statistically the hot numbers shouldn't be more likely to be winners.",74,Never,NA,White,Female,Non-Hispanic
P0030,17,0.8499999999999998,11,4,Banner,Lost,8,hot_win_number,Chose Hot,0,0,0,1,"It makes no sense to have regrets in a game of chance. At first I regretted not choosing a hot number, but statistically the hot numbers shouldn't be more likely to be winners.",74,Never,NA,White,Female,Non-Hispanic
P0030,18,1.1999999999999995,11,11,No Banner,Won,0,NA,Chose Non-Hot,0,NA,NA,1,"It makes no sense to have regrets in a game of chance. At first I regretted not choosing a hot number, but statistically the hot numbers shouldn't be more likely to be winners.",74,Never,NA,White,Female,Non-Hispanic
P0030,19,1.1899999999999995,31,11,Banner,Lost,1,nonhot_win_number,Chose Hot,0,0,NA,1,"It makes no sense to have regrets in a game of chance. At first I regretted not choosing a hot number, but statistically the hot numbers shouldn't be more likely to be winners.",74,Never,NA,White,Female,Non-Hispanic
P0030,20,1.1799999999999995,11,12,No Banner,Lost,0,NA,Chose Non-Hot,0,0,NA,1,"It makes no sense to have regrets in a game of chance. At first I regretted not choosing a hot number, but statistically the hot numbers shouldn't be more likely to be winners.",74,Never,NA,White,Female,Non-Hispanic
P0030,21,1.1699999999999997,36,11,Banner,Lost,1,nonhot_win_number,Chose Hot,0,0,NA,1,"It makes no sense to have regrets in a game of chance. At first I regretted not choosing a hot number, but statistically the hot numbers shouldn't be more likely to be winners.",74,Never,NA,White,Female,Non-Hispanic
P0030,22,1.1599999999999997,11,17,Banner,Lost,8,nonhot_win_number,Chose Non-Hot,0,0,0,1,"It makes no sense to have regrets in a game of chance. At first I regretted not choosing a hot number, but statistically the hot numbers shouldn't be more likely to be winners.",74,Never,NA,White,Female,Non-Hispanic
P0030,23,1.1499999999999997,11,20,No Banner,Lost,0,NA,Chose Non-Hot,0,0,NA,1,"It makes no sense to have regrets in a game of chance. At first I regretted not choosing a hot number, but statistically the hot numbers shouldn't be more likely to be winners.",74,Never,NA,White,Female,Non-Hispanic
P0030,24,1.4999999999999996,11,11,No Banner,Won,0,NA,Chose Non-Hot,0,NA,NA,1,"It makes no sense to have regrets in a game of chance. At first I regretted not choosing a hot number, but statistically the hot numbers shouldn't be more likely to be winners.",74,Never,NA,White,Female,Non-Hispanic
P0032,1,0.29,2,26,Banner,Lost,16,hot_win_number,Chose Non-Hot,100,100,7,1,it was fun!,66,About once a month,NA,White,Female,Non-Hispanic
P0032,2,0.27999999999999997,31,27,Banner,Lost,1,nonhot_win_number,Chose Hot,100,100,NA,1,it was fun!,66,About once a month,NA,White,Female,Non-Hispanic
P0032,3,0.26999999999999996,2,11,No Banner,Lost,0,NA,Chose Non-Hot,100,100,NA,1,it was fun!,66,About once a month,NA,White,Female,Non-Hispanic
P0032,4,0.6199999999999999,22,22,No Banner,Won,0,NA,Chose Non-Hot,0,NA,NA,1,it was fun!,66,About once a month,NA,White,Female,Non-Hispanic
P0032,5,0.6099999999999999,9,27,Banner,Lost,16,nonhot_win_number,Chose Hot,100,100,0,1,it was fun!,66,About once a month,NA,White,Female,Non-Hispanic
P0032,6,0.5999999999999999,9,2,Banner,Lost,8,nonhot_win_number,Chose Hot,100,100,0,1,it was fun!,66,About once a month,NA,White,Female,Non-Hispanic
P0032,7,0.5899999999999999,4,11,Banner,Lost,2,nonhot_win_number,Chose Hot,100,100,0,1,it was fun!,66,About once a month,NA,White,Female,Non-Hispanic
P0032,8,0.5799999999999998,32,6,Banner,Lost,2,hot_win_number,Chose Hot,100,100,NA,1,it was fun!,66,About once a month,NA,White,Female,Non-Hispanic
P0032,9,0.5699999999999998,3,11,No Banner,Lost,0,NA,Chose Non-Hot,100,100,NA,1,it was fun!,66,About once a month,NA,White,Female,Non-Hispanic
P0032,10,0.9199999999999998,2,2,No Banner,Won,0,NA,Chose Non-Hot,0,NA,NA,1,it was fun!,66,About once a month,NA,White,Female,Non-Hispanic
P0032,11,0.9099999999999998,33,4,No Banner,Lost,0,NA,Chose Non-Hot,100,100,NA,1,it was fun!,66,About once a month,NA,White,Female,Non-Hispanic
P0032,12,0.8999999999999998,33,19,No Banner,Lost,0,NA,Chose Non-Hot,100,100,NA,1,it was fun!,66,About once a month,NA,White,Female,Non-Hispanic
P0032,13,0.8899999999999998,21,35,No Banner,Lost,0,NA,Chose Non-Hot,100,100,NA,1,it was fun!,66,About once a month,NA,White,Female,Non-Hispanic
P0032,14,0.8799999999999998,2,35,No Banner,Lost,0,NA,Chose Non-Hot,100,100,NA,1,it was fun!,66,About once a month,NA,White,Female,Non-Hispanic
P0032,15,1.2299999999999998,22,22,No Banner,Won,0,NA,Chose Non-Hot,0,NA,NA,1,it was fun!,66,About once a month,NA,White,Female,Non-Hispanic
P0032,16,1.2199999999999998,9,8,Banner,Lost,3,hot_win_number,Chose Hot,100,100,0,1,it was fun!,66,About once a month,NA,White,Female,Non-Hispanic
P0032,17,1.2099999999999995,28,3,No Banner,Lost,0,NA,Chose Non-Hot,100,100,NA,1,it was fun!,66,About once a month,NA,White,Female,Non-Hispanic
P0032,18,1.1999999999999995,4,25,Banner,Lost,1,nonhot_win_number,Chose Hot,100,100,NA,1,it was fun!,66,About once a month,NA,White,Female,Non-Hispanic
P0032,19,1.1899999999999995,2,20,Banner,Lost,3,nonhot_win_number,Chose Non-Hot,100,100,0,1,it was fun!,66,About once a month,NA,White,Female,Non-Hispanic
P0032,20,1.1799999999999995,2,36,No Banner,Lost,0,NA,Chose Non-Hot,100,100,NA,1,it was fun!,66,About once a month,NA,White,Female,Non-Hispanic
P0032,21,1.1699999999999997,2,34,Banner,Lost,8,hot_win_number,Chose Hot,100,100,0,1,it was fun!,66,About once a month,NA,White,Female,Non-Hispanic
P0032,22,1.1599999999999997,2,27,No Banner,Lost,0,NA,Chose Non-Hot,100,100,NA,1,it was fun!,66,About once a month,NA,White,Female,Non-Hispanic
P0032,23,1.5099999999999998,2,2,No Banner,Won,0,NA,Chose Non-Hot,0,NA,NA,1,it was fun!,66,About once a month,NA,White,Female,Non-Hispanic
P0032,24,1.4999999999999998,22,19,No Banner,Lost,0,NA,Chose Non-Hot,100,100,NA,1,it was fun!,66,About once a month,NA,White,Female,Non-Hispanic
P0038,1,0.29,34,7,Banner,Lost,3,nonhot_win_number,Chose Hot,66,94,0,4,i enjoyed taking the study and playing the game,49,About once a week,NA,White,Male,Non-Hispanic
P0038,2,0.27999999999999997,13,4,No Banner,Lost,0,NA,Chose Non-Hot,100,100,NA,4,i enjoyed taking the study and playing the game,49,About once a week,NA,White,Male,Non-Hispanic
P0038,3,0.26999999999999996,21,7,No Banner,Lost,0,NA,Chose Non-Hot,100,100,NA,4,i enjoyed taking the study and playing the game,49,About once a week,NA,White,Male,Non-Hispanic
P0038,4,0.6199999999999999,10,10,No Banner,Won,0,NA,Chose Non-Hot,0,NA,NA,4,i enjoyed taking the study and playing the game,49,About once a week,NA,White,Male,Non-Hispanic
P0038,5,0.6099999999999999,14,15,No Banner,Lost,0,NA,Chose Non-Hot,100,100,NA,4,i enjoyed taking the study and playing the game,49,About once a week,NA,White,Male,Non-Hispanic
P0038,6,0.5999999999999999,19,12,Banner,Lost,8,hot_win_number,Chose Non-Hot,100,100,0,4,i enjoyed taking the study and playing the game,49,About once a week,NA,White,Male,Non-Hispanic
P0038,7,0.5899999999999999,10,14,No Banner,Lost,0,NA,Chose Non-Hot,100,100,NA,4,i enjoyed taking the study and playing the game,49,About once a week,NA,White,Male,Non-Hispanic
P0038,8,0.5799999999999998,16,21,Banner,Lost,2,hot_win_number,Chose Non-Hot,100,100,0,4,i enjoyed taking the study and playing the game,49,About once a week,NA,White,Male,Non-Hispanic
P0038,9,0.5699999999999998,17,13,No Banner,Lost,0,NA,Chose Non-Hot,100,100,NA,4,i enjoyed taking the study and playing the game,49,About once a week,NA,White,Male,Non-Hispanic
P0038,10,0.9199999999999998,15,15,No Banner,Won,0,NA,Chose Non-Hot,0,NA,NA,4,i enjoyed taking the study and playing the game,49,About once a week,NA,White,Male,Non-Hispanic
P0038,11,0.9099999999999998,19,22,Banner,Lost,16,nonhot_win_number,Chose Non-Hot,100,100,0,4,i enjoyed taking the study and playing the game,49,About once a week,NA,White,Male,Non-Hispanic
P0038,12,0.8999999999999998,18,28,Banner,Lost,1,nonhot_win_number,Chose Non-Hot,100,100,0,4,i enjoyed taking the study and playing the game,49,About once a week,NA,White,Male,Non-Hispanic
P0038,13,0.8899999999999998,32,4,No Banner,Lost,0,NA,Chose Non-Hot,100,100,NA,4,i enjoyed taking the study and playing the game,49,About once a week,NA,White,Male,Non-Hispanic
P0038,14,0.8799999999999998,10,4,No Banner,Lost,0,NA,Chose Non-Hot,100,100,NA,4,i enjoyed taking the study and playing the game,49,About once a week,NA,White,Male,Non-Hispanic
P0038,15,0.8699999999999998,10,32,Banner,Lost,2,nonhot_win_number,Chose Hot,100,100,0,4,i enjoyed taking the study and playing the game,49,About once a week,NA,White,Male,Non-Hispanic
P0038,16,1.2199999999999998,15,15,No Banner,Won,0,NA,Chose Non-Hot,0,NA,NA,4,i enjoyed taking the study and playing the game,49,About once a week,NA,White,Male,Non-Hispanic
P0038,17,1.2099999999999995,4,1,No Banner,Lost,0,NA,Chose Non-Hot,100,100,NA,4,i enjoyed taking the study and playing the game,49,About once a week,NA,White,Male,Non-Hispanic
P0038,18,1.1999999999999995,11,33,Banner,Lost,3,hot_win_number,Chose Hot,100,100,0,4,i enjoyed taking the study and playing the game,49,About once a week,NA,White,Male,Non-Hispanic
P0038,19,1.1899999999999995,15,16,Banner,Lost,1,nonhot_win_number,Chose Non-Hot,100,100,0,4,i enjoyed taking the study and playing the game,49,About once a week,NA,White,Male,Non-Hispanic
P0038,20,1.1799999999999995,28,21,No Banner,Lost,0,NA,Chose Non-Hot,100,100,NA,4,i enjoyed taking the study and playing the game,49,About once a week,NA,White,Male,Non-Hispanic
P0038,21,1.1699999999999997,9,3,Banner,Lost,8,nonhot_win_number,Chose Non-Hot,100,100,0,4,i enjoyed taking the study and playing the game,49,About once a week,NA,White,Male,Non-Hispanic
P0038,22,1.1599999999999997,8,34,Banner,Lost,16,hot_win_number,Chose Non-Hot,100,100,0,4,i enjoyed taking the study and playing the game,49,About once a week,NA,White,Male,Non-Hispanic
P0038,23,1.1499999999999997,16,8,No Banner,Lost,0,NA,Chose Non-Hot,100,100,NA,4,i enjoyed taking the study and playing the game,49,About once a week,NA,White,Male,Non-Hispanic
P0038,24,1.4999999999999996,16,16,No Banner,Won,0,NA,Chose Non-Hot,0,NA,NA,4,i enjoyed taking the study and playing the game,49,About once a week,NA,White,Male,Non-Hispanic
P0039,1,-0.01,28,7,Banner,Lost,16,hot_win_number,Chose Hot,19,30,NA,1,,39,Never,NA,White,Female,Non-Hispanic
P0039,2,-0.02,28,17,No Banner,Lost,0,NA,Chose Non-Hot,18,27,NA,1,,39,Never,NA,White,Female,Non-Hispanic
P0039,3,0.32999999999999996,28,28,No Banner,Won,0,NA,Chose Non-Hot,0,NA,NA,1,,39,Never,NA,White,Female,Non-Hispanic
P0039,4,0.31999999999999995,4,13,Banner,Lost,2,hot_win_number,Chose Hot,12,23,NA,1,,39,Never,NA,White,Female,Non-Hispanic
P0039,5,0.30999999999999994,28,19,No Banner,Lost,0,NA,Chose Non-Hot,12,19,NA,1,,39,Never,NA,White,Female,Non-Hispanic
P0039,6,0.29999999999999993,28,2,Banner,Lost,16,nonhot_win_number,Chose Hot,15,22,NA,1,,39,Never,NA,White,Female,Non-Hispanic
P0039,7,0.2899999999999999,28,7,No Banner,Lost,0,NA,Chose Non-Hot,15,21,NA,1,,39,Never,NA,White,Female,Non-Hispanic
P0039,8,0.2799999999999999,28,13,No Banner,Lost,0,NA,Chose Non-Hot,12,20,NA,1,,39,Never,NA,White,Female,Non-Hispanic
P0039,9,0.6299999999999999,28,28,No Banner,Won,0,NA,Chose Non-Hot,0,NA,NA,1,,39,Never,NA,White,Female,Non-Hispanic
P0039,10,0.6199999999999999,9,8,Banner,Lost,3,hot_win_number,Chose Hot,19,28,NA,1,,39,Never,NA,White,Female,Non-Hispanic
P0039,11,0.6099999999999999,28,36,No Banner,Lost,0,NA,Chose Non-Hot,10,26,NA,1,,39,Never,NA,White,Female,Non-Hispanic
P0039,12,0.5999999999999999,28,11,No Banner,Lost,0,NA,Chose Non-Hot,15,26,NA,1,,39,Never,NA,White,Female,Non-Hispanic
P0039,13,0.5899999999999999,28,19,No Banner,Lost,0,NA,Chose Non-Hot,15,24,NA,1,,39,Never,NA,White,Female,Non-Hispanic
P0039,14,0.5799999999999998,28,34,Banner,Lost,8,hot_win_number,Chose Hot,14,19,NA,1,,39,Never,NA,White,Female,Non-Hispanic
P0039,15,0.5699999999999998,27,35,Banner,Lost,3,nonhot_win_number,Chose Hot,11,20,NA,1,,39,Never,NA,White,Female,Non-Hispanic
P0039,16,0.5599999999999998,28,11,No Banner,Lost,0,NA,Chose Non-Hot,8,17,NA,1,,39,Never,NA,White,Female,Non-Hispanic
P0039,17,0.9099999999999998,28,28,No Banner,Won,0,NA,Chose Non-Hot,0,NA,NA,1,,39,Never,NA,White,Female,Non-Hispanic
P0039,18,0.8999999999999998,28,6,No Banner,Lost,0,NA,Chose Non-Hot,11,19,NA,1,,39,Never,NA,White,Female,Non-Hispanic
P0039,19,0.8899999999999998,28,21,No Banner,Lost,0,NA,Chose Non-Hot,10,17,NA,1,,39,Never,NA,White,Female,Non-Hispanic
P0039,20,0.8799999999999998,28,5,Banner,Lost,1,nonhot_win_number,Chose Non-Hot,9,16,NA,1,,39,Never,NA,White,Female,Non-Hispanic
P0039,21,1.2299999999999998,28,28,No Banner,Won,0,NA,Chose Non-Hot,0,NA,NA,1,,39,Never,NA,White,Female,Non-Hispanic
P0039,22,1.2199999999999998,28,33,Banner,Lost,8,nonhot_win_number,Chose Hot,8,19,NA,1,,39,Never,NA,White,Female,Non-Hispanic
P0039,23,1.2099999999999995,28,6,Banner,Lost,1,nonhot_win_number,Chose Non-Hot,12,19,NA,1,,39,Never,NA,White,Female,Non-Hispanic
P0039,24,1.1999999999999995,28,32,Banner,Lost,2,nonhot_win_number,Chose Non-Hot,7,16,NA,1,,39,Never,NA,White,Female,Non-Hispanic
P0041,1,0.29,6,7,No Banner,Lost,0,NA,Chose Non-Hot,78,89,NA,1,none,51,A few times,NA,White,Female,Non-Hispanic
P0041,2,0.27999999999999997,21,13,No Banner,Lost,0,NA,Chose Non-Hot,77,95,NA,1,none,51,A few times,NA,White,Female,Non-Hispanic
P0041,3,0.6299999999999999,28,28,No Banner,Won,0,NA,Chose Non-Hot,0,NA,NA,1,none,51,A few times,NA,White,Female,Non-Hispanic
P0041,4,0.6199999999999999,30,1,No Banner,Lost,0,NA,Chose Non-Hot,76,87,NA,1,none,51,A few times,NA,White,Female,Non-Hispanic
P0041,5,0.6099999999999999,6,2,Banner,Lost,16,nonhot_win_number,Chose Hot,72,79,46,1,none,51,A few times,NA,White,Female,Non-Hispanic
P0041,6,0.5999999999999999,23,33,Banner,Lost,2,hot_win_number,Chose Hot,100,100,NA,1,none,51,A few times,NA,White,Female,Non-Hispanic
P0041,7,0.5899999999999999,33,32,No Banner,Lost,0,NA,Chose Non-Hot,86,93,NA,1,none,51,A few times,NA,White,Female,Non-Hispanic
P0041,8,0.5799999999999998,4,2,Banner,Lost,3,hot_win_number,Chose Hot,77,87,15,1,none,51,A few times,NA,White,Female,Non-Hispanic
P0041,9,0.9299999999999998,17,17,No Banner,Won,0,NA,Chose Non-Hot,0,NA,NA,1,none,51,A few times,NA,White,Female,Non-Hispanic
P0041,10,0.9199999999999998,25,16,No Banner,Lost,0,NA,Chose Non-Hot,77,27,NA,1,none,51,A few times,NA,White,Female,Non-Hispanic
P0041,11,0.9099999999999998,35,12,No Banner,Lost,0,NA,Chose Non-Hot,91,20,NA,1,none,51,A few times,NA,White,Female,Non-Hispanic
P0041,12,0.8999999999999998,24,29,No Banner,Lost,0,NA,Chose Non-Hot,78,98,NA,1,none,51,A few times,NA,White,Female,Non-Hispanic
P0041,13,0.8899999999999998,28,18,Banner,Lost,8,nonhot_win_number,Chose Hot,93,93,2,1,none,51,A few times,NA,White,Female,Non-Hispanic
P0041,14,0.8799999999999998,26,25,No Banner,Lost,0,NA,Chose Non-Hot,87,94,NA,1,none,51,A few times,NA,White,Female,Non-Hispanic
P0041,15,0.8699999999999998,19,30,Banner,Lost,8,hot_win_number,Chose Hot,87,93,0,1,none,51,A few times,NA,White,Female,Non-Hispanic
P0041,16,0.8599999999999998,11,8,Banner,Lost,16,hot_win_number,Chose Hot,89,97,0,1,none,51,A few times,NA,White,Female,Non-Hispanic
P0041,17,1.2099999999999995,2,2,No Banner,Won,0,NA,Chose Non-Hot,0,NA,NA,1,none,51,A few times,NA,White,Female,Non-Hispanic
P0041,18,1.1999999999999995,27,15,Banner,Lost,1,nonhot_win_number,Chose Hot,91,97,NA,1,none,51,A few times,NA,White,Female,Non-Hispanic
P0041,19,1.1899999999999995,32,28,Banner,Lost,3,nonhot_win_number,Chose Hot,94,95,0,1,none,51,A few times,NA,White,Female,Non-Hispanic
P0041,20,1.1799999999999995,21,4,No Banner,Lost,0,NA,Chose Non-Hot,96,99,NA,1,none,51,A few times,NA,White,Female,Non-Hispanic
P0041,21,1.1699999999999997,28,30,Banner,Lost,2,nonhot_win_number,Chose Hot,99,99,2,1,none,51,A few times,NA,White,Female,Non-Hispanic
P0041,22,1.1599999999999997,22,25,Banner,Lost,1,nonhot_win_number,Chose Hot,98,100,NA,1,none,51,A few times,NA,White,Female,Non-Hispanic
P0041,23,1.1499999999999997,10,2,No Banner,Lost,0,NA,Chose Non-Hot,100,100,NA,1,none,51,A few times,NA,White,Female,Non-Hispanic
P0041,24,1.4999999999999996,24,24,No Banner,Won,0,NA,Chose Non-Hot,0,NA,NA,1,none,51,A few times,NA,White,Female,Non-Hispanic
P0044,1,0.29,9,12,No Banner,Lost,0,NA,Chose Non-Hot,22,33,NA,2,I enjoyed the game and was nicely surprised when I won a few rounds.,42,A few times,NA,White,Female,Non-Hispanic
P0044,2,0.27999999999999997,28,4,Banner,Lost,2,hot_win_number,Chose Non-Hot,45,64,1,2,I enjoyed the game and was nicely surprised when I won a few rounds.,42,A few times,NA,White,Female,Non-Hispanic
P0044,3,0.26999999999999996,17,22,Banner,Lost,8,nonhot_win_number,Chose Non-Hot,25,27,1,2,I enjoyed the game and was nicely surprised when I won a few rounds.,42,A few times,NA,White,Female,Non-Hispanic
P0044,4,0.25999999999999995,2,11,Banner,Lost,16,hot_win_number,Chose Hot,29,32,1,2,I enjoyed the game and was nicely surprised when I won a few rounds.,42,A few times,NA,White,Female,Non-Hispanic
P0044,5,0.6099999999999999,19,19,No Banner,Won,0,NA,Chose Non-Hot,0,NA,NA,2,I enjoyed the game and was nicely surprised when I won a few rounds.,42,A few times,NA,White,Female,Non-Hispanic
P0044,6,0.5999999999999999,6,23,Banner,Lost,3,nonhot_win_number,Chose Non-Hot,18,25,4,2,I enjoyed the game and was nicely surprised when I won a few rounds.,42,A few times,NA,White,Female,Non-Hispanic
P0044,7,0.5899999999999999,20,34,No Banner,Lost,0,NA,Chose Non-Hot,38,38,NA,2,I enjoyed the game and was nicely surprised when I won a few rounds.,42,A few times,NA,White,Female,Non-Hispanic
P0044,8,0.5799999999999998,10,21,No Banner,Lost,0,NA,Chose Non-Hot,18,28,NA,2,I enjoyed the game and was nicely surprised when I won a few rounds.,42,A few times,NA,White,Female,Non-Hispanic
P0044,9,0.9299999999999998,7,7,No Banner,Won,0,NA,Chose Non-Hot,0,NA,NA,2,I enjoyed the game and was nicely surprised when I won a few rounds.,42,A few times,NA,White,Female,Non-Hispanic
P0044,10,0.9199999999999998,22,29,Banner,Lost,3,hot_win_number,Chose Non-Hot,12,14,1,2,I enjoyed the game and was nicely surprised when I won a few rounds.,42,A few times,NA,White,Female,Non-Hispanic
P0044,11,0.9099999999999998,18,17,No Banner,Lost,0,NA,Chose Non-Hot,59,62,NA,2,I enjoyed the game and was nicely surprised when I won a few rounds.,42,A few times,NA,White,Female,Non-Hispanic
P0044,12,0.8999999999999998,4,29,Banner,Lost,16,nonhot_win_number,Chose Hot,11,21,3,2,I enjoyed the game and was nicely surprised when I won a few rounds.,42,A few times,NA,White,Female,Non-Hispanic
P0044,13,0.8899999999999998,12,4,Banner,Lost,2,nonhot_win_number,Chose Non-Hot,23,26,4,2,I enjoyed the game and was nicely surprised when I won a few rounds.,42,A few times,NA,White,Female,Non-Hispanic
P0044,14,0.8799999999999998,15,19,Banner,Lost,1,nonhot_win_number,Chose Non-Hot,21,23,2,2,I enjoyed the game and was nicely surprised when I won a few rounds.,42,A few times,NA,White,Female,Non-Hispanic
P0044,15,0.8699999999999998,33,15,Banner,Lost,8,hot_win_number,Chose Non-Hot,4,9,3,2,I enjoyed the game and was nicely surprised when I won a few rounds.,42,A few times,NA,White,Female,Non-Hispanic
P0044,16,1.2199999999999998,22,22,No Banner,Won,0,NA,Chose Non-Hot,0,NA,NA,2,I enjoyed the game and was nicely surprised when I won a few rounds.,42,A few times,NA,White,Female,Non-Hispanic
P0044,17,1.2099999999999995,1,15,No Banner,Lost,0,NA,Chose Non-Hot,3,4,NA,2,I enjoyed the game and was nicely surprised when I won a few rounds.,42,A few times,NA,White,Female,Non-Hispanic
P0044,18,1.1999999999999995,18,25,No Banner,Lost,0,NA,Chose Non-Hot,17,18,NA,2,I enjoyed the game and was nicely surprised when I won a few rounds.,42,A few times,NA,White,Female,Non-Hispanic
P0044,19,1.1899999999999995,10,18,No Banner,Lost,0,NA,Chose Non-Hot,15,33,NA,2,I enjoyed the game and was nicely surprised when I won a few rounds.,42,A few times,NA,White,Female,Non-Hispanic
P0044,20,1.1799999999999995,29,18,No Banner,Lost,0,NA,Chose Non-Hot,16,49,NA,2,I enjoyed the game and was nicely surprised when I won a few rounds.,42,A few times,NA,White,Female,Non-Hispanic
P0044,21,1.1699999999999997,3,21,No Banner,Lost,0,NA,Chose Non-Hot,8,15,NA,2,I enjoyed the game and was nicely surprised when I won a few rounds.,42,A few times,NA,White,Female,Non-Hispanic
P0044,22,1.1599999999999997,6,26,No Banner,Lost,0,NA,Chose Non-Hot,12,27,NA,2,I enjoyed the game and was nicely surprised when I won a few rounds.,42,A few times,NA,White,Female,Non-Hispanic
P0044,23,1.1499999999999997,11,30,Banner,Lost,1,nonhot_win_number,Chose Non-Hot,11,16,2,2,I enjoyed the game and was nicely surprised when I won a few rounds.,42,A few times,NA,White,Female,Non-Hispanic
P0044,24,1.4999999999999996,13,13,No Banner,Won,0,NA,Chose Non-Hot,0,NA,NA,2,I enjoyed the game and was nicely surprised when I won a few rounds.,42,A few times,NA,White,Female,Non-Hispanic
P0045,1,0.29,23,8,No Banner,Lost,0,NA,Chose Non-Hot,51,0,NA,1,,58,Never,NA,White,Female,Non-Hispanic
P0045,2,0.27999999999999997,19,2,No Banner,Lost,0,NA,Chose Non-Hot,47,0,NA,1,,58,Never,NA,White,Female,Non-Hispanic
P0045,3,0.6299999999999999,9,9,No Banner,Won,0,NA,Chose Non-Hot,0,NA,NA,1,,58,Never,NA,White,Female,Non-Hispanic
P0045,4,0.6199999999999999,35,27,Banner,Lost,16,hot_win_number,Chose Hot,65,84,0,1,,58,Never,NA,White,Female,Non-Hispanic
P0045,5,0.6099999999999999,11,36,Banner,Lost,3,nonhot_win_number,Chose Hot,76,0,0,1,,58,Never,NA,White,Female,Non-Hispanic
P0045,6,0.5999999999999999,27,28,No Banner,Lost,0,NA,Chose Non-Hot,44,90,NA,1,,58,Never,NA,White,Female,Non-Hispanic
P0045,7,0.5899999999999999,33,7,No Banner,Lost,0,NA,Chose Non-Hot,12,34,NA,1,,58,Never,NA,White,Female,Non-Hispanic
P0045,8,0.5799999999999998,6,5,Banner,Lost,3,hot_win_number,Chose Hot,22,86,0,1,,58,Never,NA,White,Female,Non-Hispanic
P0045,9,0.9299999999999998,28,28,No Banner,Won,0,NA,Chose Non-Hot,0,NA,NA,1,,58,Never,NA,White,Female,Non-Hispanic
P0045,10,0.9199999999999998,24,30,No Banner,Lost,0,NA,Chose Non-Hot,8,2,NA,1,,58,Never,NA,White,Female,Non-Hispanic
P0045,11,0.9099999999999998,33,6,Banner,Lost,1,nonhot_win_number,Chose Non-Hot,55,29,0,1,,58,Never,NA,White,Female,Non-Hispanic
P0045,12,0.8999999999999998,13,11,No Banner,Lost,0,NA,Chose Non-Hot,25,68,NA,1,,58,Never,NA,White,Female,Non-Hispanic
P0045,13,0.8899999999999998,8,4,No Banner,Lost,0,NA,Chose Non-Hot,0,26,NA,1,,58,Never,NA,White,Female,Non-Hispanic
P0045,14,0.8799999999999998,20,12,No Banner,Lost,0,NA,Chose Non-Hot,23,3,NA,1,,58,Never,NA,White,Female,Non-Hispanic
P0045,15,0.8699999999999998,3,4,Banner,Lost,1,nonhot_win_number,Chose Hot,47,94,NA,1,,58,Never,NA,White,Female,Non-Hispanic
P0045,16,1.2199999999999998,28,28,No Banner,Won,0,NA,Chose Non-Hot,0,NA,NA,1,,58,Never,NA,White,Female,Non-Hispanic
P0045,17,1.2099999999999995,10,13,Banner,Lost,2,nonhot_win_number,Chose Non-Hot,5,0,0,1,,58,Never,NA,White,Female,Non-Hispanic
P0045,18,1.1999999999999995,19,34,Banner,Lost,8,hot_win_number,Chose Hot,10,0,0,1,,58,Never,NA,White,Female,Non-Hispanic
P0045,19,1.1899999999999995,2,27,Banner,Lost,2,hot_win_number,Chose Non-Hot,21,7,0,1,,58,Never,NA,White,Female,Non-Hispanic
P0045,20,1.1799999999999995,15,35,No Banner,Lost,0,NA,Chose Non-Hot,46,3,NA,1,,58,Never,NA,White,Female,Non-Hispanic
P0045,21,1.5299999999999998,11,11,No Banner,Won,0,NA,Chose Non-Hot,0,NA,NA,1,,58,Never,NA,White,Female,Non-Hispanic
P0045,22,1.5199999999999998,7,34,Banner,Lost,8,nonhot_win_number,Chose Hot,7,1,0,1,,58,Never,NA,White,Female,Non-Hispanic
P0045,23,1.5099999999999998,31,28,No Banner,Lost,0,NA,Chose Non-Hot,78,83,NA,1,,58,Never,NA,White,Female,Non-Hispanic
P0045,24,1.4999999999999998,9,24,Banner,Lost,16,nonhot_win_number,Chose Hot,10,6,0,1,,58,Never,NA,White,Female,Non-Hispanic
P0046,1,0.29,3,30,Banner,Lost,1,nonhot_win_number,Chose Non-Hot,0,0,0,1,I don't have any. Why did you need a microphone?,65,Never,NA,White,Female,Non-Hispanic
P0046,2,0.27999999999999997,12,27,Banner,Lost,8,nonhot_win_number,Chose Non-Hot,0,0,0,1,I don't have any. Why did you need a microphone?,65,Never,NA,White,Female,Non-Hispanic
P0046,3,0.26999999999999996,7,9,No Banner,Lost,0,NA,Chose Non-Hot,0,0,NA,1,I don't have any. Why did you need a microphone?,65,Never,NA,White,Female,Non-Hispanic
P0046,4,0.25999999999999995,8,2,No Banner,Lost,0,NA,Chose Non-Hot,0,0,NA,1,I don't have any. Why did you need a microphone?,65,Never,NA,White,Female,Non-Hispanic
P0046,5,0.24999999999999992,23,24,No Banner,Lost,0,NA,Chose Non-Hot,0,0,NA,1,I don't have any. Why did you need a microphone?,65,Never,NA,White,Female,Non-Hispanic
P0046,6,0.5999999999999999,7,7,No Banner,Won,0,NA,Chose Non-Hot,0,NA,NA,1,I don't have any. Why did you need a microphone?,65,Never,NA,White,Female,Non-Hispanic
P0046,7,0.5899999999999999,7,17,Banner,Lost,8,hot_win_number,Chose Non-Hot,0,0,0,1,I don't have any. Why did you need a microphone?,65,Never,NA,White,Female,Non-Hispanic
P0046,8,0.5799999999999998,10,1,Banner,Lost,3,hot_win_number,Chose Hot,0,0,0,1,I don't have any. Why did you need a microphone?,65,Never,NA,White,Female,Non-Hispanic
P0046,9,0.9299999999999998,7,7,No Banner,Won,0,NA,Chose Non-Hot,0,NA,NA,1,I don't have any. Why did you need a microphone?,65,Never,NA,White,Female,Non-Hispanic
P0046,10,0.9199999999999998,7,4,Banner,Lost,16,hot_win_number,Chose Hot,0,0,0,1,I don't have any. Why did you need a microphone?,65,Never,NA,White,Female,Non-Hispanic
P0046,11,0.9099999999999998,7,11,Banner,Lost,3,nonhot_win_number,Chose Non-Hot,0,0,0,1,I don't have any. Why did you need a microphone?,65,Never,NA,White,Female,Non-Hispanic
P0046,12,0.8999999999999998,22,32,No Banner,Lost,0,NA,Chose Non-Hot,0,0,NA,1,I don't have any. Why did you need a microphone?,65,Never,NA,White,Female,Non-Hispanic
P0046,13,0.8899999999999998,1,18,No Banner,Lost,0,NA,Chose Non-Hot,0,0,NA,1,I don't have any. Why did you need a microphone?,65,Never,NA,White,Female,Non-Hispanic
P0046,14,0.8799999999999998,2,23,Banner,Lost,16,nonhot_win_number,Chose Non-Hot,0,0,0,1,I don't have any. Why did you need a microphone?,65,Never,NA,White,Female,Non-Hispanic
P0046,15,1.2299999999999998,36,36,No Banner,Won,0,NA,Chose Non-Hot,0,NA,NA,1,I don't have any. Why did you need a microphone?,65,Never,NA,White,Female,Non-Hispanic
P0046,16,1.2199999999999998,31,7,Banner,Lost,2,nonhot_win_number,Chose Non-Hot,0,0,0,1,I don't have any. Why did you need a microphone?,65,Never,NA,White,Female,Non-Hispanic
P0046,17,1.2099999999999995,6,9,No Banner,Lost,0,NA,Chose Non-Hot,0,0,NA,1,I don't have any. Why did you need a microphone?,65,Never,NA,White,Female,Non-Hispanic
P0046,18,1.1999999999999995,8,10,Banner,Lost,1,nonhot_win_number,Chose Non-Hot,0,0,0,1,I don't have any. Why did you need a microphone?,65,Never,NA,White,Female,Non-Hispanic
P0046,19,1.1899999999999995,7,25,No Banner,Lost,0,NA,Chose Non-Hot,0,0,NA,1,I don't have any. Why did you need a microphone?,65,Never,NA,White,Female,Non-Hispanic
P0046,20,1.1799999999999995,15,22,No Banner,Lost,0,NA,Chose Non-Hot,0,0,NA,1,I don't have any. Why did you need a microphone?,65,Never,NA,White,Female,Non-Hispanic
P0046,21,1.5299999999999998,33,33,No Banner,Won,0,NA,Chose Non-Hot,0,NA,NA,1,I don't have any. Why did you need a microphone?,65,Never,NA,White,Female,Non-Hispanic
P0046,22,1.5199999999999998,17,29,No Banner,Lost,0,NA,Chose Non-Hot,0,0,NA,1,I don't have any. Why did you need a microphone?,65,Never,NA,White,Female,Non-Hispanic
P0046,23,1.5099999999999998,7,11,Banner,Lost,2,hot_win_number,Chose Hot,0,0,NA,1,I don't have any. Why did you need a microphone?,65,Never,NA,White,Female,Non-Hispanic
P0046,24,1.4999999999999998,29,25,No Banner,Lost,0,NA,Chose Non-Hot,0,0,NA,1,I don't have any. Why did you need a microphone?,65,Never,NA,White,Female,Non-Hispanic
P0050,1,0.29,23,36,Banner,Lost,8,nonhot_win_number,Chose Non-Hot,12,13,13,2,Thanks! I love Roulette!,56,A few times,NA,White,Female,Non-Hispanic
P0050,2,0.27999999999999997,27,18,No Banner,Lost,0,NA,Chose Non-Hot,0,0,NA,2,Thanks! I love Roulette!,56,A few times,NA,White,Female,Non-Hispanic
P0050,3,0.26999999999999996,32,20,Banner,Lost,3,nonhot_win_number,Chose Hot,0,0,0,2,Thanks! I love Roulette!,56,A few times,NA,White,Female,Non-Hispanic
P0050,4,0.6199999999999999,15,15,No Banner,Won,0,NA,Chose Non-Hot,0,NA,NA,2,Thanks! I love Roulette!,56,A few times,NA,White,Female,Non-Hispanic
P0050,5,0.6099999999999999,12,19,No Banner,Lost,0,NA,Chose Non-Hot,0,0,NA,2,Thanks! I love Roulette!,56,A few times,NA,White,Female,Non-Hispanic
P0050,6,0.5999999999999999,14,17,No Banner,Lost,0,NA,Chose Non-Hot,0,0,NA,2,Thanks! I love Roulette!,56,A few times,NA,White,Female,Non-Hispanic
P0050,7,0.5899999999999999,5,12,Banner,Lost,1,nonhot_win_number,Chose Hot,100,0,NA,2,Thanks! I love Roulette!,56,A few times,NA,White,Female,Non-Hispanic
P0050,8,0.5799999999999998,26,29,No Banner,Lost,0,NA,Chose Non-Hot,0,0,NA,2,Thanks! I love Roulette!,56,A few times,NA,White,Female,Non-Hispanic
P0050,9,0.5699999999999998,18,12,Banner,Lost,2,nonhot_win_number,Chose Hot,0,0,0,2,Thanks! I love Roulette!,56,A few times,NA,White,Female,Non-Hispanic
P0050,10,0.9199999999999998,28,28,No Banner,Won,0,NA,Chose Non-Hot,0,NA,NA,2,Thanks! I love Roulette!,56,A few times,NA,White,Female,Non-Hispanic
P0050,11,0.9099999999999998,16,5,Banner,Lost,16,nonhot_win_number,Chose Non-Hot,0,0,0,2,Thanks! I love Roulette!,56,A few times,NA,White,Female,Non-Hispanic
P0050,12,0.8999999999999998,10,14,Banner,Lost,2,hot_win_number,Chose Hot,61,20,NA,2,Thanks! I love Roulette!,56,A few times,NA,White,Female,Non-Hispanic
P0050,13,0.8899999999999998,20,25,No Banner,Lost,0,NA,Chose Non-Hot,0,0,NA,2,Thanks! I love Roulette!,56,A few times,NA,White,Female,Non-Hispanic
P0050,14,0.8799999999999998,2,31,No Banner,Lost,0,NA,Chose Non-Hot,0,0,NA,2,Thanks! I love Roulette!,56,A few times,NA,White,Female,Non-Hispanic
P0050,15,0.8699999999999998,29,16,No Banner,Lost,0,NA,Chose Non-Hot,0,0,NA,2,Thanks! I love Roulette!,56,A few times,NA,White,Female,Non-Hispanic
P0050,16,0.8599999999999998,15,22,Banner,Lost,8,hot_win_number,Chose Non-Hot,0,0,0,2,Thanks! I love Roulette!,56,A few times,NA,White,Female,Non-Hispanic
P0050,17,0.8499999999999998,16,24,Banner,Lost,1,nonhot_win_number,Chose Non-Hot,0,0,0,2,Thanks! I love Roulette!,56,A few times,NA,White,Female,Non-Hispanic
P0050,18,1.1999999999999995,9,9,No Banner,Won,0,NA,Chose Non-Hot,0,NA,NA,2,Thanks! I love Roulette!,56,A few times,NA,White,Female,Non-Hispanic
P0050,19,1.1899999999999995,28,14,No Banner,Lost,0,NA,Chose Non-Hot,0,0,NA,2,Thanks! I love Roulette!,56,A few times,NA,White,Female,Non-Hispanic
P0050,20,1.1799999999999995,17,8,Banner,Lost,3,hot_win_number,Chose Non-Hot,0,0,0,2,Thanks! I love Roulette!,56,A few times,NA,White,Female,Non-Hispanic
P0050,21,1.5299999999999998,9,9,No Banner,Won,0,NA,Chose Non-Hot,0,NA,NA,2,Thanks! I love Roulette!,56,A few times,NA,White,Female,Non-Hispanic
P0050,22,1.5199999999999998,23,34,No Banner,Lost,0,NA,Chose Non-Hot,0,0,NA,2,Thanks! I love Roulette!,56,A few times,NA,White,Female,Non-Hispanic
P0050,23,1.5099999999999998,18,24,Banner,Lost,16,hot_win_number,Chose Non-Hot,0,0,0,2,Thanks! I love Roulette!,56,A few times,NA,White,Female,Non-Hispanic
P0050,24,1.4999999999999998,16,32,No Banner,Lost,0,NA,Chose Non-Hot,0,0,NA,2,Thanks! I love Roulette!,56,A few times,NA,White,Female,Non-Hispanic
P0051,1,0.29,23,2,No Banner,Lost,0,NA,Chose Non-Hot,100,50,NA,2,,46,A few times,NA,White,Female,Non-Hispanic
P0051,2,0.27999999999999997,27,35,No Banner,Lost,0,NA,Chose Non-Hot,100,54,NA,2,,46,A few times,NA,White,Female,Non-Hispanic
P0051,3,0.6299999999999999,33,33,No Banner,Won,0,NA,Chose Non-Hot,0,NA,NA,2,,46,A few times,NA,White,Female,Non-Hispanic
P0051,4,0.6199999999999999,3,20,Banner,Lost,2,hot_win_number,Chose Non-Hot,100,53,0,2,,46,A few times,NA,White,Female,Non-Hispanic
P0051,5,0.6099999999999999,12,4,Banner,Lost,3,hot_win_number,Chose Non-Hot,100,58,0,2,,46,A few times,NA,White,Female,Non-Hispanic
P0051,6,0.5999999999999999,31,6,No Banner,Lost,0,NA,Chose Non-Hot,100,52,NA,2,,46,A few times,NA,White,Female,Non-Hispanic
P0051,7,0.5899999999999999,9,18,Banner,Lost,16,hot_win_number,Chose Non-Hot,100,56,0,2,,46,A few times,NA,White,Female,Non-Hispanic
P0051,8,0.5799999999999998,27,22,No Banner,Lost,0,NA,Chose Non-Hot,100,52,NA,2,,46,A few times,NA,White,Female,Non-Hispanic
P0051,9,0.5699999999999998,33,31,No Banner,Lost,0,NA,Chose Non-Hot,100,55,NA,2,,46,A few times,NA,White,Female,Non-Hispanic
P0051,10,0.5599999999999998,14,6,No Banner,Lost,0,NA,Chose Non-Hot,100,56,NA,2,,46,A few times,NA,White,Female,Non-Hispanic
P0051,11,0.5499999999999998,29,30,No Banner,Lost,0,NA,Chose Non-Hot,100,54,NA,2,,46,A few times,NA,White,Female,Non-Hispanic
P0051,12,0.8999999999999998,31,31,No Banner,Won,0,NA,Chose Non-Hot,0,NA,NA,2,,46,A few times,NA,White,Female,Non-Hispanic
P0051,13,0.8899999999999998,17,8,Banner,Lost,2,nonhot_win_number,Chose Non-Hot,100,57,0,2,,46,A few times,NA,White,Female,Non-Hispanic
P0051,14,0.8799999999999998,20,13,No Banner,Lost,0,NA,Chose Non-Hot,100,51,NA,2,,46,A few times,NA,White,Female,Non-Hispanic
P0051,15,0.8699999999999998,17,28,Banner,Lost,8,nonhot_win_number,Chose Non-Hot,100,54,0,2,,46,A few times,NA,White,Female,Non-Hispanic
P0051,16,0.8599999999999998,13,8,Banner,Lost,1,nonhot_win_number,Chose Non-Hot,100,59,0,2,,46,A few times,NA,White,Female,Non-Hispanic
P0051,17,0.8499999999999998,34,29,No Banner,Lost,0,NA,Chose Non-Hot,100,53,NA,2,,46,A few times,NA,White,Female,Non-Hispanic
P0051,18,1.1999999999999995,8,8,No Banner,Won,0,NA,Chose Non-Hot,0,NA,NA,2,,46,A few times,NA,White,Female,Non-Hispanic
P0051,19,1.1899999999999995,24,28,Banner,Lost,1,nonhot_win_number,Chose Non-Hot,100,55,0,2,,46,A few times,NA,White,Female,Non-Hispanic
P0051,20,1.1799999999999995,8,25,Banner,Lost,16,nonhot_win_number,Chose Non-Hot,100,57,0,2,,46,A few times,NA,White,Female,Non-Hispanic
P0051,21,1.1699999999999997,20,35,Banner,Lost,8,hot_win_number,Chose Hot,100,51,0,2,,46,A few times,NA,White,Female,Non-Hispanic
P0051,22,1.1599999999999997,33,29,No Banner,Lost,0,NA,Chose Non-Hot,100,55,NA,2,,46,A few times,NA,White,Female,Non-Hispanic
P0051,23,1.1499999999999997,17,2,Banner,Lost,3,nonhot_win_number,Chose Non-Hot,100,50,0,2,,46,A few times,NA,White,Female,Non-Hispanic
P0051,24,1.4999999999999996,26,26,No Banner,Won,0,NA,Chose Non-Hot,0,NA,NA,2,,46,A few times,NA,White,Female,Non-Hispanic
P0052,1,0.29,36,12,Banner,Lost,2,hot_win_number,Chose Hot,72,76,NA,1,,25,Never,NA,White,Non-binary,Non-Hispanic
P0052,2,0.27999999999999997,22,20,Banner,Lost,1,nonhot_win_number,Chose Hot,44,29,NA,1,,25,Never,NA,White,Non-binary,Non-Hispanic
P0052,3,0.26999999999999996,16,34,No Banner,Lost,0,NA,Chose Non-Hot,25,29,NA,1,,25,Never,NA,White,Non-binary,Non-Hispanic
P0052,4,0.25999999999999995,4,2,Banner,Lost,3,hot_win_number,Chose Hot,65,64,0,1,,25,Never,NA,White,Non-binary,Non-Hispanic
P0052,5,0.6099999999999999,26,26,No Banner,Won,0,NA,Chose Non-Hot,0,NA,NA,1,,25,Never,NA,White,Non-binary,Non-Hispanic
P0052,6,0.5999999999999999,17,20,No Banner,Lost,0,NA,Chose Non-Hot,25,25,NA,1,,25,Never,NA,White,Non-binary,Non-Hispanic
P0052,7,0.5899999999999999,8,19,No Banner,Lost,0,NA,Chose Non-Hot,30,20,NA,1,,25,Never,NA,White,Non-binary,Non-Hispanic
P0052,8,0.5799999999999998,17,15,No Banner,Lost,0,NA,Chose Non-Hot,21,22,NA,1,,25,Never,NA,White,Non-binary,Non-Hispanic
P0052,9,0.5699999999999998,26,27,Banner,Lost,16,hot_win_number,Chose Hot,58,29,0,1,,25,Never,NA,White,Non-binary,Non-Hispanic
P0052,10,0.9199999999999998,5,5,No Banner,Won,0,NA,Chose Non-Hot,0,NA,NA,1,,25,Never,NA,White,Non-binary,Non-Hispanic
P0052,11,0.9099999999999998,19,10,No Banner,Lost,0,NA,Chose Non-Hot,17,23,NA,1,,25,Never,NA,White,Non-binary,Non-Hispanic
P0052,12,0.8999999999999998,34,6,Banner,Lost,3,nonhot_win_number,Chose Hot,38,21,0,1,,25,Never,NA,White,Non-binary,Non-Hispanic
P0052,13,0.8899999999999998,4,16,Banner,Lost,8,hot_win_number,Chose Hot,21,20,0,1,,25,Never,NA,White,Non-binary,Non-Hispanic
P0052,14,0.8799999999999998,21,16,No Banner,Lost,0,NA,Chose Non-Hot,34,36,NA,1,,25,Never,NA,White,Non-binary,Non-Hispanic
P0052,15,1.2299999999999998,9,9,No Banner,Won,0,NA,Chose Non-Hot,0,NA,NA,1,,25,Never,NA,White,Non-binary,Non-Hispanic
P0052,16,1.2199999999999998,23,14,Banner,Lost,16,nonhot_win_number,Chose Hot,40,29,0,1,,25,Never,NA,White,Non-binary,Non-Hispanic
P0052,17,1.2099999999999995,10,19,No Banner,Lost,0,NA,Chose Non-Hot,31,30,NA,1,,25,Never,NA,White,Non-binary,Non-Hispanic
P0052,18,1.1999999999999995,18,15,Banner,Lost,8,nonhot_win_number,Chose Hot,23,21,0,1,,25,Never,NA,White,Non-binary,Non-Hispanic
P0052,19,1.1899999999999995,14,35,Banner,Lost,1,nonhot_win_number,Chose Hot,75,38,NA,1,,25,Never,NA,White,Non-binary,Non-Hispanic
P0052,20,1.1799999999999995,27,29,No Banner,Lost,0,NA,Chose Non-Hot,38,39,NA,1,,25,Never,NA,White,Non-binary,Non-Hispanic
P0052,21,1.5299999999999998,8,8,No Banner,Won,0,NA,Chose Non-Hot,0,NA,NA,1,,25,Never,NA,White,Non-binary,Non-Hispanic
P0052,22,1.5199999999999998,17,10,Banner,Lost,2,nonhot_win_number,Chose Non-Hot,15,17,0,1,,25,Never,NA,White,Non-binary,Non-Hispanic
P0052,23,1.5099999999999998,6,15,No Banner,Lost,0,NA,Chose Non-Hot,22,27,NA,1,,25,Never,NA,White,Non-binary,Non-Hispanic
P0052,24,1.4999999999999998,19,15,No Banner,Lost,0,NA,Chose Non-Hot,23,26,NA,1,,25,Never,NA,White,Non-binary,Non-Hispanic
P0054,1,0.29,13,36,No Banner,Lost,0,NA,Chose Non-Hot,77,84,NA,1,,50,Never,NA,White,Female,Non-Hispanic
P0054,2,0.27999999999999997,4,5,No Banner,Lost,0,NA,Chose Non-Hot,96,100,NA,1,,50,Never,NA,White,Female,Non-Hispanic
P0054,3,0.26999999999999996,17,2,Banner,Lost,16,nonhot_win_number,Chose Hot,62,90,0,1,,50,Never,NA,White,Female,Non-Hispanic
P0054,4,0.6199999999999999,30,30,No Banner,Won,0,NA,Chose Non-Hot,0,NA,NA,1,,50,Never,NA,White,Female,Non-Hispanic
P0054,5,0.6099999999999999,3,15,Banner,Lost,2,hot_win_number,Chose Hot,100,79,NA,1,,50,Never,NA,White,Female,Non-Hispanic
P0054,6,0.5999999999999999,23,12,No Banner,Lost,0,NA,Chose Non-Hot,100,100,NA,1,,50,Never,NA,White,Female,Non-Hispanic
P0054,7,0.5899999999999999,6,17,No Banner,Lost,0,NA,Chose Non-Hot,100,100,NA,1,,50,Never,NA,White,Female,Non-Hispanic
P0054,8,0.5799999999999998,25,9,No Banner,Lost,0,NA,Chose Non-Hot,100,100,NA,1,,50,Never,NA,White,Female,Non-Hispanic
P0054,9,0.5699999999999998,21,36,No Banner,Lost,0,NA,Chose Non-Hot,100,100,NA,1,,50,Never,NA,White,Female,Non-Hispanic
P0054,10,0.5599999999999998,2,6,No Banner,Lost,0,NA,Chose Non-Hot,100,100,NA,1,,50,Never,NA,White,Female,Non-Hispanic
P0054,11,0.9099999999999998,29,29,No Banner,Won,0,NA,Chose Non-Hot,0,NA,NA,1,,50,Never,NA,White,Female,Non-Hispanic
P0054,12,0.8999999999999998,24,34,No Banner,Lost,0,NA,Chose Non-Hot,100,100,NA,1,,50,Never,NA,White,Female,Non-Hispanic
P0054,13,0.8899999999999998,1,21,Banner,Lost,8,nonhot_win_number,Chose Non-Hot,100,100,100,1,,50,Never,NA,White,Female,Non-Hispanic
P0054,14,0.8799999999999998,3,26,No Banner,Lost,0,NA,Chose Non-Hot,100,100,NA,1,,50,Never,NA,White,Female,Non-Hispanic
P0054,15,0.8699999999999998,33,21,Banner,Lost,3,hot_win_number,Chose Non-Hot,100,100,0,1,,50,Never,NA,White,Female,Non-Hispanic
P0054,16,0.8599999999999998,4,33,Banner,Lost,2,nonhot_win_number,Chose Hot,100,100,0,1,,50,Never,NA,White,Female,Non-Hispanic
P0054,17,0.8499999999999998,36,18,Banner,Lost,8,hot_win_number,Chose Hot,100,100,0,1,,50,Never,NA,White,Female,Non-Hispanic
P0054,18,1.1999999999999995,35,35,No Banner,Won,0,NA,Chose Non-Hot,0,NA,NA,1,,50,Never,NA,White,Female,Non-Hispanic
P0054,19,1.1899999999999995,34,30,Banner,Lost,3,nonhot_win_number,Chose Hot,100,100,0,1,,50,Never,NA,White,Female,Non-Hispanic
P0054,20,1.1799999999999995,12,1,Banner,Lost,1,nonhot_win_number,Chose Hot,100,100,NA,1,,50,Never,NA,White,Female,Non-Hispanic
P0054,21,1.1699999999999997,5,10,Banner,Lost,16,hot_win_number,Chose Hot,100,100,0,1,,50,Never,NA,White,Female,Non-Hispanic
P0054,22,1.1599999999999997,31,4,Banner,Lost,1,nonhot_win_number,Chose Hot,100,100,NA,1,,50,Never,NA,White,Female,Non-Hispanic
P0054,23,1.1499999999999997,11,14,No Banner,Lost,0,NA,Chose Non-Hot,100,100,NA,1,,50,Never,NA,White,Female,Non-Hispanic
P0054,24,1.4999999999999996,17,17,No Banner,Won,0,NA,Chose Non-Hot,0,NA,NA,1,,50,Never,NA,White,Female,Non-Hispanic
P0055,1,-0.01,12,20,Banner,Lost,2,nonhot_win_number,Chose Hot,100,100,NA,1,,60,Never,NA,White,Male,Non-Hispanic
P0055,2,-0.02,15,3,No Banner,Lost,0,NA,Chose Non-Hot,100,100,NA,1,,60,Never,NA,White,Male,Non-Hispanic
P0055,3,0.32999999999999996,24,24,No Banner,Won,0,NA,Chose Non-Hot,0,NA,NA,1,,60,Never,NA,White,Male,Non-Hispanic
P0055,4,0.31999999999999995,15,16,Banner,Lost,1,nonhot_win_number,Chose Non-Hot,100,100,NA,1,,60,Never,NA,White,Male,Non-Hispanic
P0055,5,0.30999999999999994,32,23,No Banner,Lost,0,NA,Chose Non-Hot,100,100,NA,1,,60,Never,NA,White,Male,Non-Hispanic
P0055,6,0.29999999999999993,15,4,No Banner,Lost,0,NA,Chose Non-Hot,100,100,NA,1,,60,Never,NA,White,Male,Non-Hispanic
P0055,7,0.2899999999999999,8,11,Banner,Lost,3,nonhot_win_number,Chose Non-Hot,100,100,NA,1,,60,Never,NA,White,Male,Non-Hispanic
P0055,8,0.2799999999999999,11,3,Banner,Lost,2,hot_win_number,Chose Hot,100,100,NA,1,,60,Never,NA,White,Male,Non-Hispanic
P0055,9,0.2699999999999999,33,25,No Banner,Lost,0,NA,Chose Non-Hot,100,100,NA,1,,60,Never,NA,White,Male,Non-Hispanic
P0055,10,0.2599999999999999,12,14,Banner,Lost,1,nonhot_win_number,Chose Non-Hot,100,100,NA,1,,60,Never,NA,White,Male,Non-Hispanic
P0055,11,0.2499999999999999,22,12,Banner,Lost,16,nonhot_win_number,Chose Non-Hot,100,100,NA,1,,60,Never,NA,White,Male,Non-Hispanic
P0055,12,0.5999999999999999,18,18,No Banner,Won,0,NA,Chose Non-Hot,0,NA,NA,1,,60,Never,NA,White,Male,Non-Hispanic
P0055,13,0.5899999999999999,19,17,No Banner,Lost,0,NA,Chose Non-Hot,100,100,NA,1,,60,Never,NA,White,Male,Non-Hispanic
P0055,14,0.5799999999999998,4,23,Banner,Lost,3,hot_win_number,Chose Non-Hot,100,100,NA,1,,60,Never,NA,White,Male,Non-Hispanic
P0055,15,0.5699999999999998,24,11,No Banner,Lost,0,NA,Chose Non-Hot,100,100,NA,1,,60,Never,NA,White,Male,Non-Hispanic
P0055,16,0.9199999999999998,10,10,No Banner,Won,0,NA,Chose Non-Hot,0,NA,NA,1,,60,Never,NA,White,Male,Non-Hispanic
P0055,17,0.9099999999999998,15,13,No Banner,Lost,0,NA,Chose Non-Hot,100,100,NA,1,,60,Never,NA,White,Male,Non-Hispanic
P0055,18,0.8999999999999998,12,30,Banner,Lost,8,nonhot_win_number,Chose Non-Hot,100,100,NA,1,,60,Never,NA,White,Male,Non-Hispanic
P0055,19,0.8899999999999998,11,12,No Banner,Lost,0,NA,Chose Non-Hot,100,100,NA,1,,60,Never,NA,White,Male,Non-Hispanic
P0055,20,0.8799999999999998,18,19,Banner,Lost,16,hot_win_number,Chose Non-Hot,100,100,NA,1,,60,Never,NA,White,Male,Non-Hispanic
P0055,21,1.2299999999999998,18,18,No Banner,Won,0,NA,Chose Non-Hot,0,NA,NA,1,,60,Never,NA,White,Male,Non-Hispanic
P0055,22,1.2199999999999998,10,7,No Banner,Lost,0,NA,Chose Non-Hot,100,100,NA,1,,60,Never,NA,White,Male,Non-Hispanic
P0055,23,1.2099999999999995,18,25,No Banner,Lost,0,NA,Chose Non-Hot,100,100,NA,1,,60,Never,NA,White,Male,Non-Hispanic
P0055,24,1.1999999999999995,18,21,Banner,Lost,8,hot_win_number,Chose Hot,100,100,NA,1,,60,Never,NA,White,Male,Non-Hispanic
P0056,1,0.29,16,11,Banner,Lost,16,nonhot_win_number,Chose Hot,37,75,0,1,Interesting and engaging experiment.,64,Never,NA,White,Male,Non-Hispanic
P0056,2,0.27999999999999997,5,19,Banner,Lost,8,nonhot_win_number,Chose Non-Hot,66,93,0,1,Interesting and engaging experiment.,64,Never,NA,White,Male,Non-Hispanic
P0056,3,0.6299999999999999,21,21,No Banner,Won,0,NA,Chose Non-Hot,0,NA,NA,1,Interesting and engaging experiment.,64,Never,NA,White,Male,Non-Hispanic
P0056,4,0.6199999999999999,30,31,No Banner,Lost,0,NA,Chose Non-Hot,56,72,NA,1,Interesting and engaging experiment.,64,Never,NA,White,Male,Non-Hispanic
P0056,5,0.6099999999999999,9,8,No Banner,Lost,0,NA,Chose Non-Hot,44,83,NA,1,Interesting and engaging experiment.,64,Never,NA,White,Male,Non-Hispanic
P0056,6,0.5999999999999999,23,7,No Banner,Lost,0,NA,Chose Non-Hot,64,82,NA,1,Interesting and engaging experiment.,64,Never,NA,White,Male,Non-Hispanic
P0056,7,0.5899999999999999,20,32,Banner,Lost,3,hot_win_number,Chose Hot,51,80,0,1,Interesting and engaging experiment.,64,Never,NA,White,Male,Non-Hispanic
P0056,8,0.5799999999999998,25,13,No Banner,Lost,0,NA,Chose Non-Hot,56,91,NA,1,Interesting and engaging experiment.,64,Never,NA,White,Male,Non-Hispanic
P0056,9,0.9299999999999998,36,36,No Banner,Won,0,NA,Chose Non-Hot,0,NA,NA,1,Interesting and engaging experiment.,64,Never,NA,White,Male,Non-Hispanic
P0056,10,0.9199999999999998,15,12,Banner,Lost,1,nonhot_win_number,Chose Hot,72,68,NA,1,Interesting and engaging experiment.,64,Never,NA,White,Male,Non-Hispanic
P0056,11,0.9099999999999998,15,24,Banner,Lost,1,nonhot_win_number,Chose Hot,88,53,NA,1,Interesting and engaging experiment.,64,Never,NA,White,Male,Non-Hispanic
P0056,12,0.8999999999999998,19,7,Banner,Lost,2,nonhot_win_number,Chose Non-Hot,62,75,0,1,Interesting and engaging experiment.,64,Never,NA,White,Male,Non-Hispanic
P0056,13,0.8899999999999998,27,22,No Banner,Lost,0,NA,Chose Non-Hot,45,78,NA,1,Interesting and engaging experiment.,64,Never,NA,White,Male,Non-Hispanic
P0056,14,0.8799999999999998,5,14,No Banner,Lost,0,NA,Chose Non-Hot,43,77,NA,1,Interesting and engaging experiment.,64,Never,NA,White,Male,Non-Hispanic
P0056,15,0.8699999999999998,7,35,No Banner,Lost,0,NA,Chose Non-Hot,41,83,NA,1,Interesting and engaging experiment.,64,Never,NA,White,Male,Non-Hispanic
P0056,16,0.8599999999999998,18,8,Banner,Lost,3,nonhot_win_number,Chose Hot,57,70,0,1,Interesting and engaging experiment.,64,Never,NA,White,Male,Non-Hispanic
P0056,17,1.2099999999999995,21,21,No Banner,Won,0,NA,Chose Non-Hot,0,NA,NA,1,Interesting and engaging experiment.,64,Never,NA,White,Male,Non-Hispanic
P0056,18,1.1999999999999995,7,31,Banner,Lost,2,hot_win_number,Chose Hot,65,84,NA,1,Interesting and engaging experiment.,64,Never,NA,White,Male,Non-Hispanic
P0056,19,1.1899999999999995,3,2,No Banner,Lost,0,NA,Chose Non-Hot,35,71,NA,1,Interesting and engaging experiment.,64,Never,NA,White,Male,Non-Hispanic
P0056,20,1.1799999999999995,14,7,No Banner,Lost,0,NA,Chose Non-Hot,55,79,NA,1,Interesting and engaging experiment.,64,Never,NA,White,Male,Non-Hispanic
P0056,21,1.1699999999999997,12,1,Banner,Lost,8,hot_win_number,Chose Hot,63,89,0,1,Interesting and engaging experiment.,64,Never,NA,White,Male,Non-Hispanic
P0056,22,1.1599999999999997,34,10,No Banner,Lost,0,NA,Chose Non-Hot,57,74,NA,1,Interesting and engaging experiment.,64,Never,NA,White,Male,Non-Hispanic
P0056,23,1.1499999999999997,10,3,Banner,Lost,16,hot_win_number,Chose Hot,58,79,0,1,Interesting and engaging experiment.,64,Never,NA,White,Male,Non-Hispanic
P0056,24,1.4999999999999996,25,25,No Banner,Won,0,NA,Chose Non-Hot,0,NA,NA,1,Interesting and engaging experiment.,64,Never,NA,White,Male,Non-Hispanic
P0057,1,-0.01,33,7,No Banner,Lost,0,NA,Chose Non-Hot,94,100,NA,1,,36,A few times,NA,White,Male,Non-Hispanic
P0057,2,-0.02,7,34,No Banner,Lost,0,NA,Chose Non-Hot,89,100,NA,1,,36,A few times,NA,White,Male,Non-Hispanic
P0057,3,-0.03,35,22,No Banner,Lost,0,NA,Chose Non-Hot,92,100,NA,1,,36,A few times,NA,White,Male,Non-Hispanic
P0057,4,-0.04,36,20,No Banner,Lost,0,NA,Chose Non-Hot,85,92,NA,1,,36,A few times,NA,White,Male,Non-Hispanic
P0057,5,0.31,1,1,No Banner,Won,0,NA,Chose Non-Hot,0,NA,NA,1,,36,A few times,NA,White,Male,Non-Hispanic
P0057,6,0.3,2,30,No Banner,Lost,0,NA,Chose Non-Hot,95,100,NA,1,,36,A few times,NA,White,Male,Non-Hispanic
P0057,7,0.29,22,31,Banner,Lost,3,hot_win_number,Chose Non-Hot,99,100,NA,1,,36,A few times,NA,White,Male,Non-Hispanic
P0057,8,0.27999999999999997,9,32,Banner,Lost,2,nonhot_win_number,Chose Hot,74,100,NA,1,,36,A few times,NA,White,Male,Non-Hispanic
P0057,9,0.26999999999999996,9,19,No Banner,Lost,0,NA,Chose Non-Hot,82,100,NA,1,,36,A few times,NA,White,Male,Non-Hispanic
P0057,10,0.25999999999999995,9,18,No Banner,Lost,0,NA,Chose Non-Hot,84,100,NA,1,,36,A few times,NA,White,Male,Non-Hispanic
P0057,11,0.24999999999999992,32,4,Banner,Lost,3,nonhot_win_number,Chose Hot,83,100,NA,1,,36,A few times,NA,White,Male,Non-Hispanic
P0057,12,0.5999999999999999,20,20,No Banner,Won,0,NA,Chose Non-Hot,0,NA,NA,1,,36,A few times,NA,White,Male,Non-Hispanic
P0057,13,0.5899999999999999,9,10,Banner,Lost,8,nonhot_win_number,Chose Hot,74,100,NA,1,,36,A few times,NA,White,Male,Non-Hispanic
P0057,14,0.5799999999999998,21,22,Banner,Lost,16,hot_win_number,Chose Hot,91,100,NA,1,,36,A few times,NA,White,Male,Non-Hispanic
P0057,15,0.5699999999999998,9,34,No Banner,Lost,0,NA,Chose Non-Hot,84,100,NA,1,,36,A few times,NA,White,Male,Non-Hispanic
P0057,16,0.5599999999999998,22,36,Banner,Lost,8,hot_win_number,Chose Hot,72,100,NA,1,,36,A few times,NA,White,Male,Non-Hispanic
P0057,17,0.9099999999999998,24,24,No Banner,Won,0,NA,Chose Non-Hot,0,NA,NA,1,,36,A few times,NA,White,Male,Non-Hispanic
P0057,18,0.8999999999999998,22,17,Banner,Lost,1,nonhot_win_number,Chose Hot,59,100,NA,1,,36,A few times,NA,White,Male,Non-Hispanic
P0057,19,0.8899999999999998,32,14,Banner,Lost,2,hot_win_number,Chose Hot,100,100,NA,1,,36,A few times,NA,White,Male,Non-Hispanic
P0057,20,0.8799999999999998,32,15,Banner,Lost,1,nonhot_win_number,Chose Non-Hot,90,100,NA,1,,36,A few times,NA,White,Male,Non-Hispanic
P0057,21,0.8699999999999998,22,1,No Banner,Lost,0,NA,Chose Non-Hot,86,100,NA,1,,36,A few times,NA,White,Male,Non-Hispanic
P0057,22,1.2199999999999998,17,17,No Banner,Won,0,NA,Chose Non-Hot,0,NA,NA,1,,36,A few times,NA,White,Male,Non-Hispanic
P0057,23,1.2099999999999995,1,31,No Banner,Lost,0,NA,Chose Non-Hot,80,100,NA,1,,36,A few times,NA,White,Male,Non-Hispanic
P0057,24,1.1999999999999995,20,9,Banner,Lost,16,nonhot_win_number,Chose Hot,55,87,NA,1,,36,A few times,NA,White,Male,Non-Hispanic
P0058,1,0.29,36,32,Banner,Lost,1,nonhot_win_number,Chose Hot,2,50,NA,1,,56,A few times,NA,White,Female,
P0058,2,0.27999999999999997,9,30,No Banner,Lost,0,NA,Chose Non-Hot,94,58,NA,1,,56,A few times,NA,White,Female,
P0058,3,0.26999999999999996,11,12,Banner,Lost,1,nonhot_win_number,Chose Non-Hot,49,84,1,1,,56,A few times,NA,White,Female,
P0058,4,0.25999999999999995,14,9,Banner,Lost,16,hot_win_number,Chose Hot,72,85,1,1,,56,A few times,NA,White,Female,
P0058,5,0.6099999999999999,5,5,No Banner,Won,0,NA,Chose Non-Hot,0,NA,NA,1,,56,A few times,NA,White,Female,
P0058,6,0.5999999999999999,29,36,Banner,Lost,3,hot_win_number,Chose Hot,71,93,0,1,,56,A few times,NA,White,Female,
P0058,7,0.5899999999999999,8,24,No Banner,Lost,0,NA,Chose Non-Hot,82,93,NA,1,,56,A few times,NA,White,Female,
P0058,8,0.5799999999999998,4,13,No Banner,Lost,0,NA,Chose Non-Hot,90,100,NA,1,,56,A few times,NA,White,Female,
P0058,9,0.5699999999999998,2,29,No Banner,Lost,0,NA,Chose Non-Hot,100,100,NA,1,,56,A few times,NA,White,Female,
P0058,10,0.9199999999999998,25,25,No Banner,Won,0,NA,Chose Non-Hot,0,NA,NA,1,,56,A few times,NA,White,Female,
P0058,11,0.9099999999999998,4,34,Banner,Lost,8,hot_win_number,Chose Hot,51,92,56,1,,56,A few times,NA,White,Female,
P0058,12,0.8999999999999998,21,32,Banner,Lost,16,nonhot_win_number,Chose Hot,100,100,0,1,,56,A few times,NA,White,Female,
P0058,13,0.8899999999999998,18,21,No Banner,Lost,0,NA,Chose Non-Hot,100,100,NA,1,,56,A few times,NA,White,Female,
P0058,14,0.8799999999999998,7,27,Banner,Lost,3,nonhot_win_number,Chose Hot,100,100,0,1,,56,A few times,NA,White,Female,
P0058,15,0.8699999999999998,16,23,No Banner,Lost,0,NA,Chose Non-Hot,100,100,NA,1,,56,A few times,NA,White,Female,
P0058,16,1.2199999999999998,3,3,No Banner,Won,0,NA,Chose Non-Hot,0,NA,NA,1,,56,A few times,NA,White,Female,
P0058,17,1.2099999999999995,20,23,Banner,Lost,2,hot_win_number,Chose Hot,100,100,NA,1,,56,A few times,NA,White,Female,
P0058,18,1.1999999999999995,8,18,Banner,Lost,8,nonhot_win_number,Chose Hot,82,100,0,1,,56,A few times,NA,White,Female,
P0058,19,1.1899999999999995,19,32,No Banner,Lost,0,NA,Chose Non-Hot,100,100,NA,1,,56,A few times,NA,White,Female,
P0058,20,1.1799999999999995,27,36,No Banner,Lost,0,NA,Chose Non-Hot,100,100,NA,1,,56,A few times,NA,White,Female,
P0058,21,1.1699999999999997,32,16,No Banner,Lost,0,NA,Chose Non-Hot,100,100,NA,1,,56,A few times,NA,White,Female,
P0058,22,1.1599999999999997,6,9,Banner,Lost,2,nonhot_win_number,Chose Hot,100,100,0,1,,56,A few times,NA,White,Female,
P0058,23,1.5099999999999998,11,11,No Banner,Won,0,NA,Chose Non-Hot,0,NA,NA,1,,56,A few times,NA,White,Female,
P0058,24,1.4999999999999998,14,27,No Banner,Lost,0,NA,Chose Non-Hot,100,100,NA,1,,56,A few times,NA,White,Female,
P0061,1,-0.01,16,30,No Banner,Lost,0,NA,Chose Non-Hot,100,100,NA,1,"this was dope, thanks",25,A few times,NA,White,Male,Non-Hispanic
P0061,2,-0.02,30,4,No Banner,Lost,0,NA,Chose Non-Hot,100,100,NA,1,"this was dope, thanks",25,A few times,NA,White,Male,Non-Hispanic
P0061,3,-0.03,19,4,No Banner,Lost,0,NA,Chose Non-Hot,100,100,NA,1,"this was dope, thanks",25,A few times,NA,White,Male,Non-Hispanic
P0061,4,-0.04,4,26,Banner,Lost,16,hot_win_number,Chose Hot,100,100,NA,1,"this was dope, thanks",25,A few times,NA,White,Male,Non-Hispanic
P0061,5,-0.05,4,2,Banner,Lost,1,nonhot_win_number,Chose Non-Hot,100,100,NA,1,"this was dope, thanks",25,A few times,NA,White,Male,Non-Hispanic
P0061,6,0.3,4,4,No Banner,Won,0,NA,Chose Non-Hot,0,NA,NA,1,"this was dope, thanks",25,A few times,NA,White,Male,Non-Hispanic
P0061,7,0.29,4,8,No Banner,Lost,0,NA,Chose Non-Hot,45,55,NA,1,"this was dope, thanks",25,A few times,NA,White,Male,Non-Hispanic
P0061,8,0.27999999999999997,16,17,Banner,Lost,2,nonhot_win_number,Chose Hot,100,100,NA,1,"this was dope, thanks",25,A few times,NA,White,Male,Non-Hispanic
P0061,9,0.26999999999999996,17,10,Banner,Lost,3,hot_win_number,Chose Hot,100,100,NA,1,"this was dope, thanks",25,A few times,NA,White,Male,Non-Hispanic
P0061,10,0.25999999999999995,17,12,Banner,Lost,2,hot_win_number,Chose Hot,100,100,NA,1,"this was dope, thanks",25,A few times,NA,White,Male,Non-Hispanic
P0061,11,0.6099999999999999,4,4,No Banner,Won,0,NA,Chose Non-Hot,0,NA,NA,1,"this was dope, thanks",25,A few times,NA,White,Male,Non-Hispanic
P0061,12,0.5999999999999999,4,17,No Banner,Lost,0,NA,Chose Non-Hot,20,20,NA,1,"this was dope, thanks",25,A few times,NA,White,Male,Non-Hispanic
P0061,13,0.5899999999999999,4,33,Banner,Lost,16,nonhot_win_number,Chose Hot,30,30,NA,1,"this was dope, thanks",25,A few times,NA,White,Male,Non-Hispanic
P0061,14,0.5799999999999998,4,9,No Banner,Lost,0,NA,Chose Non-Hot,100,100,NA,1,"this was dope, thanks",25,A few times,NA,White,Male,Non-Hispanic
P0061,15,0.9299999999999998,4,4,No Banner,Won,0,NA,Chose Non-Hot,0,NA,NA,1,"this was dope, thanks",25,A few times,NA,White,Male,Non-Hispanic
P0061,16,0.9199999999999998,13,30,Banner,Lost,3,nonhot_win_number,Chose Hot,100,100,NA,1,"this was dope, thanks",25,A few times,NA,White,Male,Non-Hispanic
P0061,17,0.9099999999999998,4,20,No Banner,Lost,0,NA,Chose Non-Hot,0,0,NA,1,"this was dope, thanks",25,A few times,NA,White,Male,Non-Hispanic
P0061,18,0.8999999999999998,18,17,Banner,Lost,1,nonhot_win_number,Chose Hot,100,100,NA,1,"this was dope, thanks",25,A few times,NA,White,Male,Non-Hispanic
P0061,19,0.8899999999999998,13,36,Banner,Lost,8,hot_win_number,Chose Hot,100,100,NA,1,"this was dope, thanks",25,A few times,NA,White,Male,Non-Hispanic
P0061,20,0.8799999999999998,4,29,No Banner,Lost,0,NA,Chose Non-Hot,0,0,NA,1,"this was dope, thanks",25,A few times,NA,White,Male,Non-Hispanic
P0061,21,0.8699999999999998,4,19,No Banner,Lost,0,NA,Chose Non-Hot,0,0,NA,1,"this was dope, thanks",25,A few times,NA,White,Male,Non-Hispanic
P0061,22,1.2199999999999998,4,4,No Banner,Won,0,NA,Chose Non-Hot,0,NA,NA,1,"this was dope, thanks",25,A few times,NA,White,Male,Non-Hispanic
P0061,23,1.2099999999999995,4,30,No Banner,Lost,0,NA,Chose Non-Hot,0,0,NA,1,"this was dope, thanks",25,A few times,NA,White,Male,Non-Hispanic
P0061,24,1.1999999999999995,13,8,Banner,Lost,8,nonhot_win_number,Chose Hot,100,100,NA,1,"this was dope, thanks",25,A few times,NA,White,Male,Non-Hispanic
P0063,1,0.09000000000000001,23,9,No Banner,Lost,0,NA,Chose Non-Hot,100,100,NA,2,this was fun,49,About once a week,NA,White,Male,Non-Hispanic
P0063,2,0.08000000000000002,23,31,Banner,Lost,2,hot_win_number,Chose Non-Hot,100,100,0,2,this was fun,49,About once a week,NA,White,Male,Non-Hispanic
P0063,3,0.07000000000000002,23,8,Banner,Lost,16,hot_win_number,Chose Hot,100,100,0,2,this was fun,49,About once a week,NA,White,Male,Non-Hispanic
P0063,4,0.42,23,23,No Banner,Won,0,NA,Chose Non-Hot,0,NA,NA,2,this was fun,49,About once a week,NA,White,Male,Non-Hispanic
P0063,5,0.29,23,13,Banner,Lost,8,hot_win_number,Chose Hot,100,100,0,2,this was fun,49,About once a week,NA,White,Male,Non-Hispanic
P0063,6,0.27999999999999997,23,12,Banner,Lost,3,nonhot_win_number,Chose Non-Hot,100,100,0,2,this was fun,49,About once a week,NA,White,Male,Non-Hispanic
P0063,7,0.26999999999999996,23,36,Banner,Lost,1,nonhot_win_number,Chose Non-Hot,100,100,0,2,this was fun,49,About once a week,NA,White,Male,Non-Hispanic
P0063,8,0.25999999999999995,23,18,Banner,Lost,16,hot_win_number,Chose Non-Hot,100,100,0,2,this was fun,49,About once a week,NA,White,Male,Non-Hispanic
P0063,9,0.6099999999999999,23,23,No Banner,Won,0,NA,Chose Non-Hot,0,NA,NA,2,this was fun,49,About once a week,NA,White,Male,Non-Hispanic
P0063,10,0.5999999999999999,34,31,No Banner,Lost,0,NA,Chose Non-Hot,100,100,NA,2,this was fun,49,About once a week,NA,White,Male,Non-Hispanic
P0063,11,0.5899999999999999,34,14,Banner,Lost,16,nonhot_win_number,Chose Hot,100,100,0,2,this was fun,49,About once a week,NA,White,Male,Non-Hispanic
P0063,12,0.5799999999999998,34,14,Banner,Lost,2,nonhot_win_number,Chose Non-Hot,100,100,0,2,this was fun,49,About once a week,NA,White,Male,Non-Hispanic
P0063,13,0.5699999999999998,34,8,No Banner,Lost,0,NA,Chose Non-Hot,100,100,NA,2,this was fun,49,About once a week,NA,White,Male,Non-Hispanic
P0063,14,0.9199999999999998,34,34,No Banner,Won,0,NA,Chose Non-Hot,0,NA,NA,2,this was fun,49,About once a week,NA,White,Male,Non-Hispanic
P0063,15,0.9099999999999998,7,5,No Banner,Lost,0,NA,Chose Non-Hot,100,100,NA,2,this was fun,49,About once a week,NA,White,Male,Non-Hispanic
P0063,16,0.8999999999999998,7,10,Banner,Lost,1,nonhot_win_number,Chose Non-Hot,100,100,0,2,this was fun,49,About once a week,NA,White,Male,Non-Hispanic
P0063,17,0.8899999999999998,7,1,Banner,Lost,2,hot_win_number,Chose Non-Hot,100,100,0,2,this was fun,49,About once a week,NA,White,Male,Non-Hispanic
P0063,18,0.8799999999999998,7,1,Banner,Lost,3,hot_win_number,Chose Non-Hot,100,100,0,2,this was fun,49,About once a week,NA,White,Male,Non-Hispanic
P0063,19,1.2299999999999998,1,1,No Banner,Won,0,NA,Chose Non-Hot,100,NA,NA,2,this was fun,49,About once a week,NA,White,Male,Non-Hispanic
P0063,20,1.2199999999999998,7,8,No Banner,Lost,0,NA,Chose Non-Hot,100,100,NA,2,this was fun,49,About once a week,NA,White,Male,Non-Hispanic
P0063,21,1.2099999999999995,7,31,No Banner,Lost,0,NA,Chose Non-Hot,100,100,NA,2,this was fun,49,About once a week,NA,White,Male,Non-Hispanic
P0063,22,1.1999999999999995,7,1,No Banner,Lost,0,NA,Chose Non-Hot,100,100,NA,2,this was fun,49,About once a week,NA,White,Male,Non-Hispanic
P0063,23,1.1899999999999995,1,5,No Banner,Lost,0,NA,Chose Non-Hot,100,100,NA,2,this was fun,49,About once a week,NA,White,Male,Non-Hispanic
P0063,24,1.1799999999999995,1,7,No Banner,Lost,0,NA,Chose Non-Hot,100,100,NA,2,this was fun,49,About once a week,NA,White,Male,Non-Hispanic
P0063,25,1.1699999999999997,1,26,No Banner,Lost,0,NA,Chose Non-Hot,99,100,NA,2,this was fun,49,About once a week,NA,White,Male,Non-Hispanic
P0063,26,1.5199999999999996,1,1,No Banner,Won,0,NA,Chose Non-Hot,0,NA,NA,2,this was fun,49,About once a week,NA,White,Male,Non-Hispanic
P0063,27,1.5099999999999996,36,17,No Banner,Lost,0,NA,Chose Non-Hot,100,100,NA,2,this was fun,49,About once a week,NA,White,Male,Non-Hispanic
P0063,28,1.4999999999999996,1,16,Banner,Lost,8,nonhot_win_number,Chose Non-Hot,100,100,0,2,this was fun,49,About once a week,NA,White,Male,Non-Hispanic
P0064,1,-0.01,3,15,Banner,Lost,1,nonhot_win_number,Chose Hot,74,19,NA,1,,26,Never,NA,American Indian/Alaska Native,Female,Non-Hispanic
P0064,2,-0.02,6,30,Banner,Lost,16,hot_win_number,Chose Hot,17,56,NA,1,,26,Never,NA,American Indian/Alaska Native,Female,Non-Hispanic
P0064,3,-0.03,6,29,No Banner,Lost,0,NA,Chose Non-Hot,45,24,NA,1,,26,Never,NA,American Indian/Alaska Native,Female,Non-Hispanic
P0064,4,-0.04,28,11,No Banner,Lost,0,NA,Chose Non-Hot,14,43,NA,1,,26,Never,NA,American Indian/Alaska Native,Female,Non-Hispanic
P0064,5,0.31,27,27,No Banner,Won,0,NA,Chose Non-Hot,0,NA,NA,1,,26,Never,NA,American Indian/Alaska Native,Female,Non-Hispanic
P0064,6,0.3,10,12,No Banner,Lost,0,NA,Chose Non-Hot,20,42,NA,1,,26,Never,NA,American Indian/Alaska Native,Female,Non-Hispanic
P0064,7,0.29,13,30,Banner,Lost,1,nonhot_win_number,Chose Hot,82,12,NA,1,,26,Never,NA,American Indian/Alaska Native,Female,Non-Hispanic
P0064,8,0.27999999999999997,16,17,No Banner,Lost,0,NA,Chose Non-Hot,13,40,NA,1,,26,Never,NA,American Indian/Alaska Native,Female,Non-Hispanic
P0064,9,0.26999999999999996,15,6,Banner,Lost,3,hot_win_number,Chose Non-Hot,24,52,NA,1,,26,Never,NA,American Indian/Alaska Native,Female,Non-Hispanic
P0064,10,0.25999999999999995,14,19,Banner,Lost,8,hot_win_number,Chose Non-Hot,44,73,NA,1,,26,Never,NA,American Indian/Alaska Native,Female,Non-Hispanic
P0064,11,0.24999999999999992,13,31,No Banner,Lost,0,NA,Chose Non-Hot,45,76,NA,1,,26,Never,NA,American Indian/Alaska Native,Female,Non-Hispanic
P0064,12,0.5999999999999999,21,21,No Banner,Won,0,NA,Chose Non-Hot,0,NA,NA,1,,26,Never,NA,American Indian/Alaska Native,Female,Non-Hispanic
P0064,13,0.5899999999999999,9,7,No Banner,Lost,0,NA,Chose Non-Hot,17,41,NA,1,,26,Never,NA,American Indian/Alaska Native,Female,Non-Hispanic
P0064,14,0.5799999999999998,9,30,No Banner,Lost,0,NA,Chose Non-Hot,18,19,NA,1,,26,Never,NA,American Indian/Alaska Native,Female,Non-Hispanic
P0064,15,0.9299999999999998,9,9,No Banner,Won,0,NA,Chose Non-Hot,0,NA,NA,1,,26,Never,NA,American Indian/Alaska Native,Female,Non-Hispanic
P0064,16,0.9199999999999998,8,36,Banner,Lost,8,nonhot_win_number,Chose Hot,15,31,NA,1,,26,Never,NA,American Indian/Alaska Native,Female,Non-Hispanic
P0064,17,0.9099999999999998,7,1,Banner,Lost,3,nonhot_win_number,Chose Non-Hot,7,46,NA,1,,26,Never,NA,American Indian/Alaska Native,Female,Non-Hispanic
P0064,18,0.8999999999999998,6,1,Banner,Lost,2,hot_win_number,Chose Non-Hot,26,100,NA,1,,26,Never,NA,American Indian/Alaska Native,Female,Non-Hispanic
P0064,19,0.8899999999999998,35,3,Banner,Lost,2,nonhot_win_number,Chose Hot,24,19,NA,1,,26,Never,NA,American Indian/Alaska Native,Female,Non-Hispanic
P0064,20,0.8799999999999998,4,20,No Banner,Lost,0,NA,Chose Non-Hot,20,41,NA,1,,26,Never,NA,American Indian/Alaska Native,Female,Non-Hispanic
P0064,21,0.8699999999999998,3,21,No Banner,Lost,0,NA,Chose Non-Hot,28,37,NA,1,,26,Never,NA,American Indian/Alaska Native,Female,Non-Hispanic
P0064,22,0.8599999999999998,22,4,No Banner,Lost,0,NA,Chose Non-Hot,35,56,NA,1,,26,Never,NA,American Indian/Alaska Native,Female,Non-Hispanic
P0064,23,1.2099999999999995,1,1,No Banner,Won,0,NA,Chose Non-Hot,0,NA,NA,1,,26,Never,NA,American Indian/Alaska Native,Female,Non-Hispanic
P0064,24,1.1999999999999995,3,30,Banner,Lost,16,nonhot_win_number,Chose Hot,26,74,NA,1,,26,Never,NA,American Indian/Alaska Native,Female,Non-Hispanic
P0066,1,0.29,21,24,No Banner,Lost,0,NA,Chose Non-Hot,65,50,NA,4,,28,About once a week,NA,Black/African American,Male,Non-Hispanic
P0066,2,0.27999999999999997,5,7,No Banner,Lost,0,NA,Chose Non-Hot,45,46,NA,4,,28,About once a week,NA,Black/African American,Male,Non-Hispanic
P0066,3,0.26999999999999996,29,17,No Banner,Lost,0,NA,Chose Non-Hot,72,49,NA,4,,28,About once a week,NA,Black/African American,Male,Non-Hispanic
P0066,4,0.25999999999999995,3,6,Banner,Lost,16,nonhot_win_number,Chose Hot,22,43,0,4,,28,About once a week,NA,Black/African American,Male,Non-Hispanic
P0066,5,0.6099999999999999,5,5,No Banner,Won,0,NA,Chose Non-Hot,0,NA,NA,4,,28,About once a week,NA,Black/African American,Male,Non-Hispanic
P0066,6,0.5999999999999999,34,14,No Banner,Lost,0,NA,Chose Non-Hot,29,56,NA,4,,28,About once a week,NA,Black/African American,Male,Non-Hispanic
P0066,7,0.5899999999999999,10,9,Banner,Lost,3,hot_win_number,Chose Non-Hot,43,51,0,4,,28,About once a week,NA,Black/African American,Male,Non-Hispanic
P0066,8,0.5799999999999998,28,27,No Banner,Lost,0,NA,Chose Non-Hot,64,69,NA,4,,28,About once a week,NA,Black/African American,Male,Non-Hispanic
P0066,9,0.9299999999999998,5,5,No Banner,Won,0,NA,Chose Non-Hot,0,NA,NA,4,,28,About once a week,NA,Black/African American,Male,Non-Hispanic
P0066,10,0.9199999999999998,19,2,No Banner,Lost,0,NA,Chose Non-Hot,60,71,NA,4,,28,About once a week,NA,Black/African American,Male,Non-Hispanic
P0066,11,0.9099999999999998,14,10,Banner,Lost,8,nonhot_win_number,Chose Hot,21,51,0,4,,28,About once a week,NA,Black/African American,Male,Non-Hispanic
P0066,12,0.8999999999999998,22,4,Banner,Lost,16,hot_win_number,Chose Non-Hot,70,66,0,4,,28,About once a week,NA,Black/African American,Male,Non-Hispanic
P0066,13,0.8899999999999998,17,32,No Banner,Lost,0,NA,Chose Non-Hot,46,55,NA,4,,28,About once a week,NA,Black/African American,Male,Non-Hispanic
P0066,14,0.8799999999999998,33,13,Banner,Lost,2,nonhot_win_number,Chose Hot,54,63,0,4,,28,About once a week,NA,Black/African American,Male,Non-Hispanic
P0066,15,0.8699999999999998,6,2,Banner,Lost,1,nonhot_win_number,Chose Hot,62,83,NA,4,,28,About once a week,NA,Black/African American,Male,Non-Hispanic
P0066,16,1.2199999999999998,20,20,No Banner,Won,0,NA,Chose Non-Hot,0,NA,NA,4,,28,About once a week,NA,Black/African American,Male,Non-Hispanic
P0066,17,1.2099999999999995,27,17,No Banner,Lost,0,NA,Chose Non-Hot,49,52,NA,4,,28,About once a week,NA,Black/African American,Male,Non-Hispanic
P0066,18,1.1999999999999995,31,8,Banner,Lost,1,nonhot_win_number,Chose Hot,74,52,NA,4,,28,About once a week,NA,Black/African American,Male,Non-Hispanic
P0066,19,1.1899999999999995,19,8,Banner,Lost,2,hot_win_number,Chose Non-Hot,75,88,59,4,,28,About once a week,NA,Black/African American,Male,Non-Hispanic
P0066,20,1.1799999999999995,31,36,No Banner,Lost,0,NA,Chose Non-Hot,46,63,NA,4,,28,About once a week,NA,Black/African American,Male,Non-Hispanic
P0066,21,1.1699999999999997,29,5,Banner,Lost,3,nonhot_win_number,Chose Hot,51,57,0,4,,28,About once a week,NA,Black/African American,Male,Non-Hispanic
P0066,22,1.1599999999999997,11,16,No Banner,Lost,0,NA,Chose Non-Hot,64,73,NA,4,,28,About once a week,NA,Black/African American,Male,Non-Hispanic
P0066,23,1.5099999999999998,12,12,No Banner,Won,0,NA,Chose Non-Hot,0,NA,NA,4,,28,About once a week,NA,Black/African American,Male,Non-Hispanic
P0066,24,1.4999999999999998,20,24,Banner,Lost,8,hot_win_number,Chose Non-Hot,50,59,0,4,,28,About once a week,NA,Black/African American,Male,Non-Hispanic
P0069,1,0.29,6,24,Banner,Lost,16,nonhot_win_number,Chose Hot,76,90,0,2,no issues,40,About once a month,NA,White,Male,Non-Hispanic
P0069,2,0.27999999999999997,21,30,No Banner,Lost,0,NA,Chose Non-Hot,71,100,NA,2,no issues,40,About once a month,NA,White,Male,Non-Hispanic
P0069,3,0.26999999999999996,22,24,Banner,Lost,2,nonhot_win_number,Chose Hot,79,97,0,2,no issues,40,About once a month,NA,White,Male,Non-Hispanic
P0069,4,0.6199999999999999,3,3,No Banner,Won,0,NA,Chose Non-Hot,0,NA,NA,2,no issues,40,About once a month,NA,White,Male,Non-Hispanic
P0069,5,0.6099999999999999,9,29,Banner,Lost,3,hot_win_number,Chose Non-Hot,79,100,0,2,no issues,40,About once a month,NA,White,Male,Non-Hispanic
P0069,6,0.5999999999999999,32,30,No Banner,Lost,0,NA,Chose Non-Hot,73,100,NA,2,no issues,40,About once a month,NA,White,Male,Non-Hispanic
P0069,7,0.5899999999999999,16,4,Banner,Lost,8,nonhot_win_number,Chose Non-Hot,78,100,0,2,no issues,40,About once a month,NA,White,Male,Non-Hispanic
P0069,8,0.5799999999999998,1,5,Banner,Lost,8,hot_win_number,Chose Hot,82,100,0,2,no issues,40,About once a month,NA,White,Male,Non-Hispanic
P0069,9,0.5699999999999998,5,2,Banner,Lost,16,hot_win_number,Chose Non-Hot,71,100,0,2,no issues,40,About once a month,NA,White,Male,Non-Hispanic
P0069,10,0.5599999999999998,18,32,Banner,Lost,1,nonhot_win_number,Chose Non-Hot,76,96,0,2,no issues,40,About once a month,NA,White,Male,Non-Hispanic
P0069,11,0.5499999999999998,21,7,No Banner,Lost,0,NA,Chose Non-Hot,75,100,NA,2,no issues,40,About once a month,NA,White,Male,Non-Hispanic
P0069,12,0.8999999999999998,14,14,No Banner,Won,0,NA,Chose Non-Hot,0,NA,NA,2,no issues,40,About once a month,NA,White,Male,Non-Hispanic
P0069,13,0.8899999999999998,36,31,No Banner,Lost,0,NA,Chose Non-Hot,74,100,NA,2,no issues,40,About once a month,NA,White,Male,Non-Hispanic
P0069,14,0.8799999999999998,7,26,Banner,Lost,3,nonhot_win_number,Chose Hot,79,100,0,2,no issues,40,About once a month,NA,White,Male,Non-Hispanic
P0069,15,0.8699999999999998,25,14,Banner,Lost,1,nonhot_win_number,Chose Non-Hot,69,100,0,2,no issues,40,About once a month,NA,White,Male,Non-Hispanic
P0069,16,1.2199999999999998,23,23,No Banner,Won,0,NA,Chose Non-Hot,0,NA,NA,2,no issues,40,About once a month,NA,White,Male,Non-Hispanic
P0069,17,1.2099999999999995,18,12,No Banner,Lost,0,NA,Chose Non-Hot,78,100,NA,2,no issues,40,About once a month,NA,White,Male,Non-Hispanic
P0069,18,1.1999999999999995,3,22,No Banner,Lost,0,NA,Chose Non-Hot,78,100,NA,2,no issues,40,About once a month,NA,White,Male,Non-Hispanic
P0069,19,1.1899999999999995,2,24,Banner,Lost,2,hot_win_number,Chose Hot,80,100,NA,2,no issues,40,About once a month,NA,White,Male,Non-Hispanic
P0069,20,1.1799999999999995,34,17,No Banner,Lost,0,NA,Chose Non-Hot,77,100,NA,2,no issues,40,About once a month,NA,White,Male,Non-Hispanic
P0069,21,1.1699999999999997,19,18,No Banner,Lost,0,NA,Chose Non-Hot,74,100,NA,2,no issues,40,About once a month,NA,White,Male,Non-Hispanic
P0069,22,1.1599999999999997,8,5,No Banner,Lost,0,NA,Chose Non-Hot,72,100,NA,2,no issues,40,About once a month,NA,White,Male,Non-Hispanic
P0069,23,1.5099999999999998,6,6,No Banner,Won,0,NA,Chose Non-Hot,0,NA,NA,2,no issues,40,About once a month,NA,White,Male,Non-Hispanic
P0069,24,1.4999999999999998,17,13,No Banner,Lost,0,NA,Chose Non-Hot,68,100,NA,2,no issues,40,About once a month,NA,White,Male,Non-Hispanic
P0070,1,0.29,30,5,Banner,Lost,2,nonhot_win_number,Chose Hot,1,25,2,2,,47,A few times,NA,White,Female,Non-Hispanic
P0070,2,0.27999999999999997,16,27,Banner,Lost,2,hot_win_number,Chose Non-Hot,1,1,1,2,,47,A few times,NA,White,Female,Non-Hispanic
P0070,3,0.26999999999999996,16,19,Banner,Lost,1,nonhot_win_number,Chose Non-Hot,1,1,1,2,,47,A few times,NA,White,Female,Non-Hispanic
P0070,4,0.25999999999999995,36,31,No Banner,Lost,0,NA,Chose Non-Hot,1,1,NA,2,,47,A few times,NA,White,Female,Non-Hispanic
P0070,5,0.24999999999999992,16,30,No Banner,Lost,0,NA,Chose Non-Hot,1,1,NA,2,,47,A few times,NA,White,Female,Non-Hispanic
P0070,6,0.5999999999999999,16,16,No Banner,Won,0,NA,Chose Non-Hot,1,NA,NA,2,,47,A few times,NA,White,Female,Non-Hispanic
P0070,7,0.5899999999999999,22,24,No Banner,Lost,0,NA,Chose Non-Hot,1,1,NA,2,,47,A few times,NA,White,Female,Non-Hispanic
P0070,8,0.5799999999999998,25,26,No Banner,Lost,0,NA,Chose Non-Hot,1,1,NA,2,,47,A few times,NA,White,Female,Non-Hispanic
P0070,9,0.5699999999999998,22,13,Banner,Lost,8,nonhot_win_number,Chose Non-Hot,1,1,1,2,,47,A few times,NA,White,Female,Non-Hispanic
P0070,10,0.9199999999999998,6,6,No Banner,Won,0,NA,Chose Non-Hot,1,NA,NA,2,,47,A few times,NA,White,Female,Non-Hispanic
P0070,11,0.9099999999999998,3,14,No Banner,Lost,0,NA,Chose Non-Hot,1,1,NA,2,,47,A few times,NA,White,Female,Non-Hispanic
P0070,12,0.8999999999999998,23,10,Banner,Lost,16,nonhot_win_number,Chose Non-Hot,1,1,1,2,,47,A few times,NA,White,Female,Non-Hispanic
P0070,13,0.8899999999999998,4,1,Banner,Lost,1,nonhot_win_number,Chose Non-Hot,1,1,1,2,,47,A few times,NA,White,Female,Non-Hispanic
P0070,14,0.8799999999999998,21,19,Banner,Lost,16,hot_win_number,Chose Hot,1,1,1,2,,47,A few times,NA,White,Female,Non-Hispanic
P0070,15,0.8699999999999998,1,24,No Banner,Lost,0,NA,Chose Non-Hot,1,1,NA,2,,47,A few times,NA,White,Female,Non-Hispanic
P0070,16,0.8599999999999998,29,11,Banner,Lost,3,nonhot_win_number,Chose Non-Hot,1,1,1,2,,47,A few times,NA,White,Female,Non-Hispanic
P0070,17,1.2099999999999995,28,28,No Banner,Won,0,NA,Chose Non-Hot,1,NA,NA,2,,47,A few times,NA,White,Female,Non-Hispanic
P0070,18,1.1999999999999995,6,11,No Banner,Lost,0,NA,Chose Non-Hot,1,1,NA,2,,47,A few times,NA,White,Female,Non-Hispanic
P0070,19,1.1899999999999995,27,33,No Banner,Lost,0,NA,Chose Non-Hot,1,1,NA,2,,47,A few times,NA,White,Female,Non-Hispanic
P0070,20,1.1799999999999995,20,8,Banner,Lost,3,hot_win_number,Chose Non-Hot,1,1,1,2,,47,A few times,NA,White,Female,Non-Hispanic
P0070,21,1.1699999999999997,32,36,No Banner,Lost,0,NA,Chose Non-Hot,1,1,NA,2,,47,A few times,NA,White,Female,Non-Hispanic
P0070,22,1.1599999999999997,29,11,Banner,Lost,8,hot_win_number,Chose Non-Hot,1,1,1,2,,47,A few times,NA,White,Female,Non-Hispanic
P0070,23,1.5099999999999998,11,11,No Banner,Won,0,NA,Chose Non-Hot,1,NA,NA,2,,47,A few times,NA,White,Female,Non-Hispanic
P0070,24,1.4999999999999998,11,14,No Banner,Lost,0,NA,Chose Non-Hot,1,1,NA,2,,47,A few times,NA,White,Female,Non-Hispanic
P0071,1,-0.01,22,32,No Banner,Lost,0,NA,Chose Non-Hot,100,100,NA,7,I have no feedback or comments. Thank you.,37,Never,NA,Black/African American,Male,
P0071,2,-0.02,13,2,No Banner,Lost,0,NA,Chose Non-Hot,100,100,NA,7,I have no feedback or comments. Thank you.,37,Never,NA,Black/African American,Male,
P0071,3,-0.03,25,19,Banner,Lost,2,hot_win_number,Chose Hot,100,100,NA,7,I have no feedback or comments. Thank you.,37,Never,NA,Black/African American,Male,
P0071,4,0.31999999999999995,15,15,No Banner,Won,0,NA,Chose Non-Hot,0,NA,NA,7,I have no feedback or comments. Thank you.,37,Never,NA,Black/African American,Male,
P0071,5,0.30999999999999994,30,1,Banner,Lost,3,nonhot_win_number,Chose Hot,100,100,NA,7,I have no feedback or comments. Thank you.,37,Never,NA,Black/African American,Male,
P0071,6,0.29999999999999993,7,3,Banner,Lost,8,nonhot_win_number,Chose Hot,99,100,NA,7,I have no feedback or comments. Thank you.,37,Never,NA,Black/African American,Male,
P0071,7,0.2899999999999999,22,27,No Banner,Lost,0,NA,Chose Non-Hot,100,100,NA,7,I have no feedback or comments. Thank you.,37,Never,NA,Black/African American,Male,
P0071,8,0.2799999999999999,6,26,Banner,Lost,1,nonhot_win_number,Chose Hot,100,100,NA,7,I have no feedback or comments. Thank you.,37,Never,NA,Black/African American,Male,
P0071,9,0.2699999999999999,27,13,No Banner,Lost,0,NA,Chose Non-Hot,100,100,NA,7,I have no feedback or comments. Thank you.,37,Never,NA,Black/African American,Male,
P0071,10,0.6199999999999999,13,13,No Banner,Won,0,NA,Chose Non-Hot,0,NA,NA,7,I have no feedback or comments. Thank you.,37,Never,NA,Black/African American,Male,
P0071,11,0.6099999999999999,4,3,No Banner,Lost,0,NA,Chose Non-Hot,100,100,NA,7,I have no feedback or comments. Thank you.,37,Never,NA,Black/African American,Male,
P0071,12,0.5999999999999999,8,15,Banner,Lost,1,nonhot_win_number,Chose Hot,100,100,NA,7,I have no feedback or comments. Thank you.,37,Never,NA,Black/African American,Male,
P0071,13,0.5899999999999999,22,14,Banner,Lost,2,nonhot_win_number,Chose Hot,100,100,NA,7,I have no feedback or comments. Thank you.,37,Never,NA,Black/African American,Male,
P0071,14,0.5799999999999998,16,6,Banner,Lost,16,nonhot_win_number,Chose Non-Hot,100,100,NA,7,I have no feedback or comments. Thank you.,37,Never,NA,Black/African American,Male,
P0071,15,0.5699999999999998,8,33,No Banner,Lost,0,NA,Chose Non-Hot,100,100,NA,7,I have no feedback or comments. Thank you.,37,Never,NA,Black/African American,Male,
P0071,16,0.5599999999999998,3,32,Banner,Lost,8,hot_win_number,Chose Non-Hot,100,100,NA,7,I have no feedback or comments. Thank you.,37,Never,NA,Black/African American,Male,
P0071,17,0.5499999999999998,3,1,No Banner,Lost,0,NA,Chose Non-Hot,100,100,NA,7,I have no feedback or comments. Thank you.,37,Never,NA,Black/African American,Male,
P0071,18,0.8999999999999998,3,3,No Banner,Won,0,NA,Chose Non-Hot,0,NA,NA,7,I have no feedback or comments. Thank you.,37,Never,NA,Black/African American,Male,
P0071,19,0.8899999999999998,20,23,Banner,Lost,16,hot_win_number,Chose Hot,100,100,NA,7,I have no feedback or comments. Thank you.,37,Never,NA,Black/African American,Male,
P0071,20,0.8799999999999998,33,22,No Banner,Lost,0,NA,Chose Non-Hot,100,100,NA,7,I have no feedback or comments. Thank you.,37,Never,NA,Black/African American,Male,
P0071,21,0.8699999999999998,24,25,No Banner,Lost,0,NA,Chose Non-Hot,100,100,NA,7,I have no feedback or comments. Thank you.,37,Never,NA,Black/African American,Male,
P0071,22,0.8599999999999998,19,7,Banner,Lost,3,hot_win_number,Chose Non-Hot,100,100,NA,7,I have no feedback or comments. Thank you.,37,Never,NA,Black/African American,Male,
P0071,23,1.2099999999999995,32,32,No Banner,Won,0,NA,Chose Non-Hot,0,NA,NA,7,I have no feedback or comments. Thank you.,37,Never,NA,Black/African American,Male,
P0071,24,1.1999999999999995,9,15,No Banner,Lost,0,NA,Chose Non-Hot,100,100,NA,7,I have no feedback or comments. Thank you.,37,Never,NA,Black/African American,Male,
P0072,1,0.29,21,5,No Banner,Lost,0,NA,Chose Non-Hot,10,52,NA,2,It was fun and interesting to play the game.,50,Never,NA,White,Female,Non-Hispanic
P0072,2,0.27999999999999997,27,28,Banner,Lost,16,hot_win_number,Chose Hot,5,37,21,2,It was fun and interesting to play the game.,50,Never,NA,White,Female,Non-Hispanic
P0072,3,0.26999999999999996,21,26,No Banner,Lost,0,NA,Chose Non-Hot,10,25,NA,2,It was fun and interesting to play the game.,50,Never,NA,White,Female,Non-Hispanic
P0072,4,0.25999999999999995,8,25,Banner,Lost,2,nonhot_win_number,Chose Hot,15,25,10,2,It was fun and interesting to play the game.,50,Never,NA,White,Female,Non-Hispanic
P0072,5,0.24999999999999992,27,20,No Banner,Lost,0,NA,Chose Non-Hot,11,39,NA,2,It was fun and interesting to play the game.,50,Never,NA,White,Female,Non-Hispanic
P0072,6,0.5999999999999999,21,21,No Banner,Won,0,NA,Chose Non-Hot,0,NA,NA,2,It was fun and interesting to play the game.,50,Never,NA,White,Female,Non-Hispanic
P0072,7,0.5899999999999999,21,13,Banner,Lost,1,nonhot_win_number,Chose Non-Hot,0,27,1,2,It was fun and interesting to play the game.,50,Never,NA,White,Female,Non-Hispanic
P0072,8,0.5799999999999998,21,11,No Banner,Lost,0,NA,Chose Non-Hot,0,13,NA,2,It was fun and interesting to play the game.,50,Never,NA,White,Female,Non-Hispanic
P0072,9,0.5699999999999998,27,10,No Banner,Lost,0,NA,Chose Non-Hot,3,22,NA,2,It was fun and interesting to play the game.,50,Never,NA,White,Female,Non-Hispanic
P0072,10,0.5599999999999998,27,20,No Banner,Lost,0,NA,Chose Non-Hot,7,19,NA,2,It was fun and interesting to play the game.,50,Never,NA,White,Female,Non-Hispanic
P0072,11,0.5499999999999998,36,21,Banner,Lost,3,nonhot_win_number,Chose Non-Hot,7,47,0,2,It was fun and interesting to play the game.,50,Never,NA,White,Female,Non-Hispanic
P0072,12,0.8999999999999998,21,21,No Banner,Won,0,NA,Chose Non-Hot,0,NA,NA,2,It was fun and interesting to play the game.,50,Never,NA,White,Female,Non-Hispanic
P0072,13,0.8899999999999998,21,36,No Banner,Lost,0,NA,Chose Non-Hot,0,14,NA,2,It was fun and interesting to play the game.,50,Never,NA,White,Female,Non-Hispanic
P0072,14,0.8799999999999998,21,11,Banner,Lost,1,nonhot_win_number,Chose Non-Hot,0,11,0,2,It was fun and interesting to play the game.,50,Never,NA,White,Female,Non-Hispanic
P0072,15,0.8699999999999998,21,11,Banner,Lost,8,nonhot_win_number,Chose Non-Hot,0,28,0,2,It was fun and interesting to play the game.,50,Never,NA,White,Female,Non-Hispanic
P0072,16,1.2199999999999998,21,21,No Banner,Won,0,NA,Chose Non-Hot,0,NA,NA,2,It was fun and interesting to play the game.,50,Never,NA,White,Female,Non-Hispanic
P0072,17,1.2099999999999995,21,26,No Banner,Lost,0,NA,Chose Non-Hot,0,8,NA,2,It was fun and interesting to play the game.,50,Never,NA,White,Female,Non-Hispanic
P0072,18,1.1999999999999995,21,6,Banner,Lost,2,hot_win_number,Chose Non-Hot,0,10,0,2,It was fun and interesting to play the game.,50,Never,NA,White,Female,Non-Hispanic
P0072,19,1.1899999999999995,21,27,Banner,Lost,8,hot_win_number,Chose Hot,2,46,0,2,It was fun and interesting to play the game.,50,Never,NA,White,Female,Non-Hispanic
P0072,20,1.1799999999999995,21,8,Banner,Lost,3,hot_win_number,Chose Non-Hot,0,19,0,2,It was fun and interesting to play the game.,50,Never,NA,White,Female,Non-Hispanic
P0072,21,1.1699999999999997,27,29,No Banner,Lost,0,NA,Chose Non-Hot,0,22,NA,2,It was fun and interesting to play the game.,50,Never,NA,White,Female,Non-Hispanic
P0072,22,1.1599999999999997,27,22,No Banner,Lost,0,NA,Chose Non-Hot,0,17,NA,2,It was fun and interesting to play the game.,50,Never,NA,White,Female,Non-Hispanic
P0072,23,1.1499999999999997,21,4,Banner,Lost,16,nonhot_win_number,Chose Hot,0,22,0,2,It was fun and interesting to play the game.,50,Never,NA,White,Female,Non-Hispanic
P0072,24,1.4999999999999996,21,21,No Banner,Won,0,NA,Chose Non-Hot,0,NA,NA,2,It was fun and interesting to play the game.,50,Never,NA,White,Female,Non-Hispanic
P0075,1,0.29,27,24,Banner,Lost,16,hot_win_number,Chose Hot,0,5,0,1,,37,About once a month,NA,Hispanic,Male,Hispanic
P0075,2,0.27999999999999997,27,21,Banner,Lost,8,nonhot_win_number,Chose Non-Hot,5,14,0,1,,37,About once a month,NA,Hispanic,Male,Hispanic
P0075,3,0.26999999999999996,3,22,Banner,Lost,1,nonhot_win_number,Chose Hot,87,10,NA,1,,37,About once a month,NA,Hispanic,Male,Hispanic
P0075,4,0.25999999999999995,28,32,Banner,Lost,2,hot_win_number,Chose Hot,81,99,NA,1,,37,About once a month,NA,Hispanic,Male,Hispanic
P0075,5,0.6099999999999999,20,20,No Banner,Won,0,NA,Chose Non-Hot,0,NA,NA,1,,37,About once a month,NA,Hispanic,Male,Hispanic
P0075,6,0.5999999999999999,28,14,No Banner,Lost,0,NA,Chose Non-Hot,6,15,NA,1,,37,About once a month,NA,Hispanic,Male,Hispanic
P0075,7,0.5899999999999999,17,28,No Banner,Lost,0,NA,Chose Non-Hot,21,51,NA,1,,37,About once a month,NA,Hispanic,Male,Hispanic
P0075,8,0.5799999999999998,11,10,Banner,Lost,3,hot_win_number,Chose Hot,14,98,0,1,,37,About once a month,NA,Hispanic,Male,Hispanic
P0075,9,0.5699999999999998,36,24,Banner,Lost,1,nonhot_win_number,Chose Hot,98,51,NA,1,,37,About once a month,NA,Hispanic,Male,Hispanic
P0075,10,0.5599999999999998,27,25,No Banner,Lost,0,NA,Chose Non-Hot,0,22,NA,1,,37,About once a month,NA,Hispanic,Male,Hispanic
P0075,11,0.5499999999999998,8,1,No Banner,Lost,0,NA,Chose Non-Hot,1,8,NA,1,,37,About once a month,NA,Hispanic,Male,Hispanic
P0075,12,0.8999999999999998,13,13,No Banner,Won,0,NA,Chose Non-Hot,0,NA,NA,1,,37,About once a month,NA,Hispanic,Male,Hispanic
P0075,13,0.8899999999999998,23,32,No Banner,Lost,0,NA,Chose Non-Hot,5,33,NA,1,,37,About once a month,NA,Hispanic,Male,Hispanic
P0075,14,0.8799999999999998,26,35,Banner,Lost,8,hot_win_number,Chose Non-Hot,89,50,0,1,,37,About once a month,NA,Hispanic,Male,Hispanic
P0075,15,0.8699999999999998,33,3,No Banner,Lost,0,NA,Chose Non-Hot,42,18,NA,1,,37,About once a month,NA,Hispanic,Male,Hispanic
P0075,16,1.2199999999999998,22,22,No Banner,Won,0,NA,Chose Non-Hot,0,NA,NA,1,,37,About once a month,NA,Hispanic,Male,Hispanic
P0075,17,1.2099999999999995,6,7,Banner,Lost,2,nonhot_win_number,Chose Non-Hot,0,11,0,1,,37,About once a month,NA,Hispanic,Male,Hispanic
P0075,18,1.1999999999999995,26,21,No Banner,Lost,0,NA,Chose Non-Hot,25,51,NA,1,,37,About once a month,NA,Hispanic,Male,Hispanic
P0075,19,1.1899999999999995,27,35,No Banner,Lost,0,NA,Chose Non-Hot,6,43,NA,1,,37,About once a month,NA,Hispanic,Male,Hispanic
P0075,20,1.1799999999999995,30,6,Banner,Lost,16,nonhot_win_number,Chose Hot,7,41,0,1,,37,About once a month,NA,Hispanic,Male,Hispanic
P0075,21,1.1699999999999997,32,34,No Banner,Lost,0,NA,Chose Non-Hot,8,28,NA,1,,37,About once a month,NA,Hispanic,Male,Hispanic
P0075,22,1.1599999999999997,3,10,Banner,Lost,3,nonhot_win_number,Chose Hot,4,1,0,1,,37,About once a month,NA,Hispanic,Male,Hispanic
P0075,23,1.1499999999999997,27,3,No Banner,Lost,0,NA,Chose Non-Hot,44,29,NA,1,,37,About once a month,NA,Hispanic,Male,Hispanic
P0075,24,1.4999999999999996,27,27,No Banner,Won,0,NA,Chose Non-Hot,0,NA,NA,1,,37,About once a month,NA,Hispanic,Male,Hispanic
P0077,1,0.29,3,9,No Banner,Lost,0,NA,Chose Non-Hot,71,69,NA,1,thank you,31,A few times,NA,White,Female,Non-Hispanic
P0077,2,0.27999999999999997,28,36,No Banner,Lost,0,NA,Chose Non-Hot,78,77,NA,1,thank you,31,A few times,NA,White,Female,Non-Hispanic
P0077,3,0.26999999999999996,8,23,No Banner,Lost,0,NA,Chose Non-Hot,29,34,NA,1,thank you,31,A few times,NA,White,Female,Non-Hispanic
P0077,4,0.25999999999999995,2,29,Banner,Lost,2,hot_win_number,Chose Hot,92,98,NA,1,thank you,31,A few times,NA,White,Female,Non-Hispanic
P0077,5,0.6099999999999999,26,26,No Banner,Won,0,NA,Chose Non-Hot,0,NA,NA,1,thank you,31,A few times,NA,White,Female,Non-Hispanic
P0077,6,0.5999999999999999,30,11,Banner,Lost,8,nonhot_win_number,Chose Hot,85,77,0,1,thank you,31,A few times,NA,White,Female,Non-Hispanic
P0077,7,0.5899999999999999,7,2,Banner,Lost,3,nonhot_win_number,Chose Hot,59,75,0,1,thank you,31,A few times,NA,White,Female,Non-Hispanic
P0077,8,0.5799999999999998,27,22,Banner,Lost,1,nonhot_win_number,Chose Hot,83,78,NA,1,thank you,31,A few times,NA,White,Female,Non-Hispanic
P0077,9,0.5699999999999998,16,31,Banner,Lost,16,hot_win_number,Chose Non-Hot,71,76,0,1,thank you,31,A few times,NA,White,Female,Non-Hispanic
P0077,10,0.5599999999999998,25,23,No Banner,Lost,0,NA,Chose Non-Hot,81,71,NA,1,thank you,31,A few times,NA,White,Female,Non-Hispanic
P0077,11,0.9099999999999998,23,23,No Banner,Won,0,NA,Chose Non-Hot,0,NA,NA,1,thank you,31,A few times,NA,White,Female,Non-Hispanic
P0077,12,0.8999999999999998,27,22,Banner,Lost,2,nonhot_win_number,Chose Hot,79,80,0,1,thank you,31,A few times,NA,White,Female,Non-Hispanic
P0077,13,0.8899999999999998,4,18,Banner,Lost,16,nonhot_win_number,Chose Hot,58,64,0,1,thank you,31,A few times,NA,White,Female,Non-Hispanic
P0077,14,0.8799999999999998,10,31,No Banner,Lost,0,NA,Chose Non-Hot,77,90,NA,1,thank you,31,A few times,NA,White,Female,Non-Hispanic
P0077,15,0.8699999999999998,2,22,No Banner,Lost,0,NA,Chose Non-Hot,72,84,NA,1,thank you,31,A few times,NA,White,Female,Non-Hispanic
P0077,16,0.8599999999999998,33,6,No Banner,Lost,0,NA,Chose Non-Hot,63,64,NA,1,thank you,31,A few times,NA,White,Female,Non-Hispanic
P0077,17,1.2099999999999995,14,14,No Banner,Won,0,NA,Chose Non-Hot,0,NA,NA,1,thank you,31,A few times,NA,White,Female,Non-Hispanic
P0077,18,1.1999999999999995,20,6,No Banner,Lost,0,NA,Chose Non-Hot,72,67,NA,1,thank you,31,A few times,NA,White,Female,Non-Hispanic
P0077,19,1.1899999999999995,1,16,Banner,Lost,8,hot_win_number,Chose Hot,74,87,0,1,thank you,31,A few times,NA,White,Female,Non-Hispanic
P0077,20,1.1799999999999995,36,19,No Banner,Lost,0,NA,Chose Non-Hot,85,79,NA,1,thank you,31,A few times,NA,White,Female,Non-Hispanic
P0077,21,1.1699999999999997,17,9,Banner,Lost,3,hot_win_number,Chose Hot,92,94,0,1,thank you,31,A few times,NA,White,Female,Non-Hispanic
P0077,22,1.1599999999999997,23,7,Banner,Lost,1,nonhot_win_number,Chose Hot,88,51,NA,1,thank you,31,A few times,NA,White,Female,Non-Hispanic
P0077,23,1.5099999999999998,8,8,No Banner,Won,0,NA,Chose Non-Hot,0,NA,NA,1,thank you,31,A few times,NA,White,Female,Non-Hispanic
P0077,24,1.4999999999999998,27,31,No Banner,Lost,0,NA,Chose Non-Hot,91,71,NA,1,thank you,31,A few times,NA,White,Female,Non-Hispanic
P0078,1,0.29,15,24,Banner,Lost,8,nonhot_win_number,Chose Non-Hot,0,34,0,1,It was kinda fun to play.,52,Never,NA,White,Male,Non-Hispanic
P0078,2,0.27999999999999997,15,25,No Banner,Lost,0,NA,Chose Non-Hot,0,28,NA,1,It was kinda fun to play.,52,Never,NA,White,Male,Non-Hispanic
P0078,3,0.26999999999999996,21,27,Banner,Lost,3,hot_win_number,Chose Hot,6,37,0,1,It was kinda fun to play.,52,Never,NA,White,Male,Non-Hispanic
P0078,4,0.25999999999999995,15,12,Banner,Lost,2,hot_win_number,Chose Non-Hot,0,47,0,1,It was kinda fun to play.,52,Never,NA,White,Male,Non-Hispanic
P0078,5,0.6099999999999999,15,15,No Banner,Won,0,NA,Chose Non-Hot,0,NA,NA,1,It was kinda fun to play.,52,Never,NA,White,Male,Non-Hispanic
P0078,6,0.5999999999999999,15,11,No Banner,Lost,0,NA,Chose Non-Hot,0,0,NA,1,It was kinda fun to play.,52,Never,NA,White,Male,Non-Hispanic
P0078,7,0.5899999999999999,15,8,Banner,Lost,3,nonhot_win_number,Chose Non-Hot,0,35,0,1,It was kinda fun to play.,52,Never,NA,White,Male,Non-Hispanic
P0078,8,0.5799999999999998,21,23,Banner,Lost,1,nonhot_win_number,Chose Non-Hot,12,37,0,1,It was kinda fun to play.,52,Never,NA,White,Male,Non-Hispanic
P0078,9,0.9299999999999998,15,15,No Banner,Won,0,NA,Chose Non-Hot,0,NA,NA,1,It was kinda fun to play.,52,Never,NA,White,Male,Non-Hispanic
P0078,10,0.9199999999999998,21,8,No Banner,Lost,0,NA,Chose Non-Hot,0,63,NA,1,It was kinda fun to play.,52,Never,NA,White,Male,Non-Hispanic
P0078,11,0.9099999999999998,15,17,No Banner,Lost,0,NA,Chose Non-Hot,0,21,NA,1,It was kinda fun to play.,52,Never,NA,White,Male,Non-Hispanic
P0078,12,0.8999999999999998,15,36,No Banner,Lost,0,NA,Chose Non-Hot,0,29,NA,1,It was kinda fun to play.,52,Never,NA,White,Male,Non-Hispanic
P0078,13,0.8899999999999998,15,17,No Banner,Lost,0,NA,Chose Non-Hot,0,15,NA,1,It was kinda fun to play.,52,Never,NA,White,Male,Non-Hispanic
P0078,14,0.8799999999999998,15,19,Banner,Lost,16,hot_win_number,Chose Non-Hot,0,19,0,1,It was kinda fun to play.,52,Never,NA,White,Male,Non-Hispanic
P0078,15,0.8699999999999998,15,3,Banner,Lost,8,hot_win_number,Chose Non-Hot,0,16,0,1,It was kinda fun to play.,52,Never,NA,White,Male,Non-Hispanic
P0078,16,1.2199999999999998,15,15,No Banner,Won,0,NA,Chose Non-Hot,10,NA,NA,1,It was kinda fun to play.,52,Never,NA,White,Male,Non-Hispanic
P0078,17,1.2099999999999995,15,8,Banner,Lost,16,nonhot_win_number,Chose Non-Hot,0,19,0,1,It was kinda fun to play.,52,Never,NA,White,Male,Non-Hispanic
P0078,18,1.1999999999999995,15,1,No Banner,Lost,0,NA,Chose Non-Hot,0,17,NA,1,It was kinda fun to play.,52,Never,NA,White,Male,Non-Hispanic
P0078,19,1.1899999999999995,15,27,No Banner,Lost,0,NA,Chose Non-Hot,12,20,NA,1,It was kinda fun to play.,52,Never,NA,White,Male,Non-Hispanic
P0078,20,1.1799999999999995,15,13,No Banner,Lost,0,NA,Chose Non-Hot,0,13,NA,1,It was kinda fun to play.,52,Never,NA,White,Male,Non-Hispanic
P0078,21,1.1699999999999997,15,30,No Banner,Lost,0,NA,Chose Non-Hot,0,15,NA,1,It was kinda fun to play.,52,Never,NA,White,Male,Non-Hispanic
P0078,22,1.1599999999999997,15,25,Banner,Lost,2,nonhot_win_number,Chose Non-Hot,0,26,0,1,It was kinda fun to play.,52,Never,NA,White,Male,Non-Hispanic
P0078,23,1.5099999999999998,15,15,No Banner,Won,0,NA,Chose Non-Hot,0,NA,NA,1,It was kinda fun to play.,52,Never,NA,White,Male,Non-Hispanic
P0078,24,1.4999999999999998,15,18,Banner,Lost,1,nonhot_win_number,Chose Non-Hot,0,13,0,1,It was kinda fun to play.,52,Never,NA,White,Male,Non-Hispanic
P0079,1,0.29,13,2,Banner,Lost,1,nonhot_win_number,Chose Hot,19,19,NA,3,"Hi. In your attention check questions you had one that said ""you will get 36 cents on top of the original bet amount"". You put that as false. I think you mean the correct one is ""instead of the original bet amount"". However, as a non-native speaker I didn't recognize the difference until I had to re-read every question multiple times because I got told I made something wrong. Prolific's rules state that attention checks should be easy to answer and that you should be able to refer to the text while answering them because memory recall attention checks aren't allowed. I think this one wasn't easy because the difference in terminology isn't that obvious, especially to non-native speakers, and you couldn't refer to the text while answering them. I would appreciate if you took this into account while looking at the participant's answers. Thanks.",32,Never,NA,Multiracial/Mixed,Male,Non-Hispanic
P0079,2,0.27999999999999997,5,8,No Banner,Lost,0,NA,Chose Non-Hot,5,6,NA,3,"Hi. In your attention check questions you had one that said ""you will get 36 cents on top of the original bet amount"". You put that as false. I think you mean the correct one is ""instead of the original bet amount"". However, as a non-native speaker I didn't recognize the difference until I had to re-read every question multiple times because I got told I made something wrong. Prolific's rules state that attention checks should be easy to answer and that you should be able to refer to the text while answering them because memory recall attention checks aren't allowed. I think this one wasn't easy because the difference in terminology isn't that obvious, especially to non-native speakers, and you couldn't refer to the text while answering them. I would appreciate if you took this into account while looking at the participant's answers. Thanks.",32,Never,NA,Multiracial/Mixed,Male,Non-Hispanic
P0079,3,0.6299999999999999,15,15,No Banner,Won,0,NA,Chose Non-Hot,0,NA,NA,3,"Hi. In your attention check questions you had one that said ""you will get 36 cents on top of the original bet amount"". You put that as false. I think you mean the correct one is ""instead of the original bet amount"". However, as a non-native speaker I didn't recognize the difference until I had to re-read every question multiple times because I got told I made something wrong. Prolific's rules state that attention checks should be easy to answer and that you should be able to refer to the text while answering them because memory recall attention checks aren't allowed. I think this one wasn't easy because the difference in terminology isn't that obvious, especially to non-native speakers, and you couldn't refer to the text while answering them. I would appreciate if you took this into account while looking at the participant's answers. Thanks.",32,Never,NA,Multiracial/Mixed,Male,Non-Hispanic
P0079,4,0.6199999999999999,15,26,Banner,Lost,1,nonhot_win_number,Chose Non-Hot,23,23,0,3,"Hi. In your attention check questions you had one that said ""you will get 36 cents on top of the original bet amount"". You put that as false. I think you mean the correct one is ""instead of the original bet amount"". However, as a non-native speaker I didn't recognize the difference until I had to re-read every question multiple times because I got told I made something wrong. Prolific's rules state that attention checks should be easy to answer and that you should be able to refer to the text while answering them because memory recall attention checks aren't allowed. I think this one wasn't easy because the difference in terminology isn't that obvious, especially to non-native speakers, and you couldn't refer to the text while answering them. I would appreciate if you took this into account while looking at the participant's answers. Thanks.",32,Never,NA,Multiracial/Mixed,Male,Non-Hispanic
P0079,5,0.6099999999999999,3,31,Banner,Lost,16,hot_win_number,Chose Hot,20,20,0,3,"Hi. In your attention check questions you had one that said ""you will get 36 cents on top of the original bet amount"". You put that as false. I think you mean the correct one is ""instead of the original bet amount"". However, as a non-native speaker I didn't recognize the difference until I had to re-read every question multiple times because I got told I made something wrong. Prolific's rules state that attention checks should be easy to answer and that you should be able to refer to the text while answering them because memory recall attention checks aren't allowed. I think this one wasn't easy because the difference in terminology isn't that obvious, especially to non-native speakers, and you couldn't refer to the text while answering them. I would appreciate if you took this into account while looking at the participant's answers. Thanks.",32,Never,NA,Multiracial/Mixed,Male,Non-Hispanic
P0079,6,0.5999999999999999,22,9,No Banner,Lost,0,NA,Chose Non-Hot,17,17,NA,3,"Hi. In your attention check questions you had one that said ""you will get 36 cents on top of the original bet amount"". You put that as false. I think you mean the correct one is ""instead of the original bet amount"". However, as a non-native speaker I didn't recognize the difference until I had to re-read every question multiple times because I got told I made something wrong. Prolific's rules state that attention checks should be easy to answer and that you should be able to refer to the text while answering them because memory recall attention checks aren't allowed. I think this one wasn't easy because the difference in terminology isn't that obvious, especially to non-native speakers, and you couldn't refer to the text while answering them. I would appreciate if you took this into account while looking at the participant's answers. Thanks.",32,Never,NA,Multiracial/Mixed,Male,Non-Hispanic
P0079,7,0.5899999999999999,5,4,Banner,Lost,8,nonhot_win_number,Chose Non-Hot,36,36,0,3,"Hi. In your attention check questions you had one that said ""you will get 36 cents on top of the original bet amount"". You put that as false. I think you mean the correct one is ""instead of the original bet amount"". However, as a non-native speaker I didn't recognize the difference until I had to re-read every question multiple times because I got told I made something wrong. Prolific's rules state that attention checks should be easy to answer and that you should be able to refer to the text while answering them because memory recall attention checks aren't allowed. I think this one wasn't easy because the difference in terminology isn't that obvious, especially to non-native speakers, and you couldn't refer to the text while answering them. I would appreciate if you took this into account while looking at the participant's answers. Thanks.",32,Never,NA,Multiracial/Mixed,Male,Non-Hispanic
P0079,8,0.5799999999999998,9,35,Banner,Lost,3,nonhot_win_number,Chose Hot,32,33,0,3,"Hi. In your attention check questions you had one that said ""you will get 36 cents on top of the original bet amount"". You put that as false. I think you mean the correct one is ""instead of the original bet amount"". However, as a non-native speaker I didn't recognize the difference until I had to re-read every question multiple times because I got told I made something wrong. Prolific's rules state that attention checks should be easy to answer and that you should be able to refer to the text while answering them because memory recall attention checks aren't allowed. I think this one wasn't easy because the difference in terminology isn't that obvious, especially to non-native speakers, and you couldn't refer to the text while answering them. I would appreciate if you took this into account while looking at the participant's answers. Thanks.",32,Never,NA,Multiracial/Mixed,Male,Non-Hispanic
P0079,9,0.9299999999999998,15,15,No Banner,Won,0,NA,Chose Non-Hot,0,NA,NA,3,"Hi. In your attention check questions you had one that said ""you will get 36 cents on top of the original bet amount"". You put that as false. I think you mean the correct one is ""instead of the original bet amount"". However, as a non-native speaker I didn't recognize the difference until I had to re-read every question multiple times because I got told I made something wrong. Prolific's rules state that attention checks should be easy to answer and that you should be able to refer to the text while answering them because memory recall attention checks aren't allowed. I think this one wasn't easy because the difference in terminology isn't that obvious, especially to non-native speakers, and you couldn't refer to the text while answering them. I would appreciate if you took this into account while looking at the participant's answers. Thanks.",32,Never,NA,Multiracial/Mixed,Male,Non-Hispanic
P0079,10,0.9199999999999998,35,33,No Banner,Lost,0,NA,Chose Non-Hot,25,25,NA,3,"Hi. In your attention check questions you had one that said ""you will get 36 cents on top of the original bet amount"". You put that as false. I think you mean the correct one is ""instead of the original bet amount"". However, as a non-native speaker I didn't recognize the difference until I had to re-read every question multiple times because I got told I made something wrong. Prolific's rules state that attention checks should be easy to answer and that you should be able to refer to the text while answering them because memory recall attention checks aren't allowed. I think this one wasn't easy because the difference in terminology isn't that obvious, especially to non-native speakers, and you couldn't refer to the text while answering them. I would appreciate if you took this into account while looking at the participant's answers. Thanks.",32,Never,NA,Multiracial/Mixed,Male,Non-Hispanic
P0079,11,0.9099999999999998,5,28,Banner,Lost,3,hot_win_number,Chose Hot,40,40,0,3,"Hi. In your attention check questions you had one that said ""you will get 36 cents on top of the original bet amount"". You put that as false. I think you mean the correct one is ""instead of the original bet amount"". However, as a non-native speaker I didn't recognize the difference until I had to re-read every question multiple times because I got told I made something wrong. Prolific's rules state that attention checks should be easy to answer and that you should be able to refer to the text while answering them because memory recall attention checks aren't allowed. I think this one wasn't easy because the difference in terminology isn't that obvious, especially to non-native speakers, and you couldn't refer to the text while answering them. I would appreciate if you took this into account while looking at the participant's answers. Thanks.",32,Never,NA,Multiracial/Mixed,Male,Non-Hispanic
P0079,12,0.8999999999999998,23,9,No Banner,Lost,0,NA,Chose Non-Hot,24,21,NA,3,"Hi. In your attention check questions you had one that said ""you will get 36 cents on top of the original bet amount"". You put that as false. I think you mean the correct one is ""instead of the original bet amount"". However, as a non-native speaker I didn't recognize the difference until I had to re-read every question multiple times because I got told I made something wrong. Prolific's rules state that attention checks should be easy to answer and that you should be able to refer to the text while answering them because memory recall attention checks aren't allowed. I think this one wasn't easy because the difference in terminology isn't that obvious, especially to non-native speakers, and you couldn't refer to the text while answering them. I would appreciate if you took this into account while looking at the participant's answers. Thanks.",32,Never,NA,Multiracial/Mixed,Male,Non-Hispanic
P0079,13,0.8899999999999998,15,4,No Banner,Lost,0,NA,Chose Non-Hot,7,14,NA,3,"Hi. In your attention check questions you had one that said ""you will get 36 cents on top of the original bet amount"". You put that as false. I think you mean the correct one is ""instead of the original bet amount"". However, as a non-native speaker I didn't recognize the difference until I had to re-read every question multiple times because I got told I made something wrong. Prolific's rules state that attention checks should be easy to answer and that you should be able to refer to the text while answering them because memory recall attention checks aren't allowed. I think this one wasn't easy because the difference in terminology isn't that obvious, especially to non-native speakers, and you couldn't refer to the text while answering them. I would appreciate if you took this into account while looking at the participant's answers. Thanks.",32,Never,NA,Multiracial/Mixed,Male,Non-Hispanic
P0079,14,0.8799999999999998,30,14,No Banner,Lost,0,NA,Chose Non-Hot,33,31,NA,3,"Hi. In your attention check questions you had one that said ""you will get 36 cents on top of the original bet amount"". You put that as false. I think you mean the correct one is ""instead of the original bet amount"". However, as a non-native speaker I didn't recognize the difference until I had to re-read every question multiple times because I got told I made something wrong. Prolific's rules state that attention checks should be easy to answer and that you should be able to refer to the text while answering them because memory recall attention checks aren't allowed. I think this one wasn't easy because the difference in terminology isn't that obvious, especially to non-native speakers, and you couldn't refer to the text while answering them. I would appreciate if you took this into account while looking at the participant's answers. Thanks.",32,Never,NA,Multiracial/Mixed,Male,Non-Hispanic
P0079,15,0.8699999999999998,5,23,No Banner,Lost,0,NA,Chose Non-Hot,16,16,NA,3,"Hi. In your attention check questions you had one that said ""you will get 36 cents on top of the original bet amount"". You put that as false. I think you mean the correct one is ""instead of the original bet amount"". However, as a non-native speaker I didn't recognize the difference until I had to re-read every question multiple times because I got told I made something wrong. Prolific's rules state that attention checks should be easy to answer and that you should be able to refer to the text while answering them because memory recall attention checks aren't allowed. I think this one wasn't easy because the difference in terminology isn't that obvious, especially to non-native speakers, and you couldn't refer to the text while answering them. I would appreciate if you took this into account while looking at the participant's answers. Thanks.",32,Never,NA,Multiracial/Mixed,Male,Non-Hispanic
P0079,16,0.8599999999999998,5,21,Banner,Lost,2,hot_win_number,Chose Non-Hot,10,9,10,3,"Hi. In your attention check questions you had one that said ""you will get 36 cents on top of the original bet amount"". You put that as false. I think you mean the correct one is ""instead of the original bet amount"". However, as a non-native speaker I didn't recognize the difference until I had to re-read every question multiple times because I got told I made something wrong. Prolific's rules state that attention checks should be easy to answer and that you should be able to refer to the text while answering them because memory recall attention checks aren't allowed. I think this one wasn't easy because the difference in terminology isn't that obvious, especially to non-native speakers, and you couldn't refer to the text while answering them. I would appreciate if you took this into account while looking at the participant's answers. Thanks.",32,Never,NA,Multiracial/Mixed,Male,Non-Hispanic
P0079,17,0.8499999999999998,22,32,No Banner,Lost,0,NA,Chose Non-Hot,36,35,NA,3,"Hi. In your attention check questions you had one that said ""you will get 36 cents on top of the original bet amount"". You put that as false. I think you mean the correct one is ""instead of the original bet amount"". However, as a non-native speaker I didn't recognize the difference until I had to re-read every question multiple times because I got told I made something wrong. Prolific's rules state that attention checks should be easy to answer and that you should be able to refer to the text while answering them because memory recall attention checks aren't allowed. I think this one wasn't easy because the difference in terminology isn't that obvious, especially to non-native speakers, and you couldn't refer to the text while answering them. I would appreciate if you took this into account while looking at the participant's answers. Thanks.",32,Never,NA,Multiracial/Mixed,Male,Non-Hispanic
P0079,18,1.1999999999999995,3,3,No Banner,Won,0,NA,Chose Non-Hot,0,NA,NA,3,"Hi. In your attention check questions you had one that said ""you will get 36 cents on top of the original bet amount"". You put that as false. I think you mean the correct one is ""instead of the original bet amount"". However, as a non-native speaker I didn't recognize the difference until I had to re-read every question multiple times because I got told I made something wrong. Prolific's rules state that attention checks should be easy to answer and that you should be able to refer to the text while answering them because memory recall attention checks aren't allowed. I think this one wasn't easy because the difference in terminology isn't that obvious, especially to non-native speakers, and you couldn't refer to the text while answering them. I would appreciate if you took this into account while looking at the participant's answers. Thanks.",32,Never,NA,Multiracial/Mixed,Male,Non-Hispanic
P0079,19,1.1899999999999995,27,12,Banner,Lost,2,nonhot_win_number,Chose Hot,15,15,0,3,"Hi. In your attention check questions you had one that said ""you will get 36 cents on top of the original bet amount"". You put that as false. I think you mean the correct one is ""instead of the original bet amount"". However, as a non-native speaker I didn't recognize the difference until I had to re-read every question multiple times because I got told I made something wrong. Prolific's rules state that attention checks should be easy to answer and that you should be able to refer to the text while answering them because memory recall attention checks aren't allowed. I think this one wasn't easy because the difference in terminology isn't that obvious, especially to non-native speakers, and you couldn't refer to the text while answering them. I would appreciate if you took this into account while looking at the participant's answers. Thanks.",32,Never,NA,Multiracial/Mixed,Male,Non-Hispanic
P0079,20,1.1799999999999995,5,23,Banner,Lost,16,nonhot_win_number,Chose Hot,16,16,0,3,"Hi. In your attention check questions you had one that said ""you will get 36 cents on top of the original bet amount"". You put that as false. I think you mean the correct one is ""instead of the original bet amount"". However, as a non-native speaker I didn't recognize the difference until I had to re-read every question multiple times because I got told I made something wrong. Prolific's rules state that attention checks should be easy to answer and that you should be able to refer to the text while answering them because memory recall attention checks aren't allowed. I think this one wasn't easy because the difference in terminology isn't that obvious, especially to non-native speakers, and you couldn't refer to the text while answering them. I would appreciate if you took this into account while looking at the participant's answers. Thanks.",32,Never,NA,Multiracial/Mixed,Male,Non-Hispanic
P0079,21,1.1699999999999997,28,36,No Banner,Lost,0,NA,Chose Non-Hot,15,16,NA,3,"Hi. In your attention check questions you had one that said ""you will get 36 cents on top of the original bet amount"". You put that as false. I think you mean the correct one is ""instead of the original bet amount"". However, as a non-native speaker I didn't recognize the difference until I had to re-read every question multiple times because I got told I made something wrong. Prolific's rules state that attention checks should be easy to answer and that you should be able to refer to the text while answering them because memory recall attention checks aren't allowed. I think this one wasn't easy because the difference in terminology isn't that obvious, especially to non-native speakers, and you couldn't refer to the text while answering them. I would appreciate if you took this into account while looking at the participant's answers. Thanks.",32,Never,NA,Multiracial/Mixed,Male,Non-Hispanic
P0079,22,1.5199999999999996,5,5,No Banner,Won,0,NA,Chose Non-Hot,0,NA,NA,3,"Hi. In your attention check questions you had one that said ""you will get 36 cents on top of the original bet amount"". You put that as false. I think you mean the correct one is ""instead of the original bet amount"". However, as a non-native speaker I didn't recognize the difference until I had to re-read every question multiple times because I got told I made something wrong. Prolific's rules state that attention checks should be easy to answer and that you should be able to refer to the text while answering them because memory recall attention checks aren't allowed. I think this one wasn't easy because the difference in terminology isn't that obvious, especially to non-native speakers, and you couldn't refer to the text while answering them. I would appreciate if you took this into account while looking at the participant's answers. Thanks.",32,Never,NA,Multiracial/Mixed,Male,Non-Hispanic
P0079,23,1.5099999999999996,21,13,Banner,Lost,8,hot_win_number,Chose Hot,17,17,0,3,"Hi. In your attention check questions you had one that said ""you will get 36 cents on top of the original bet amount"". You put that as false. I think you mean the correct one is ""instead of the original bet amount"". However, as a non-native speaker I didn't recognize the difference until I had to re-read every question multiple times because I got told I made something wrong. Prolific's rules state that attention checks should be easy to answer and that you should be able to refer to the text while answering them because memory recall attention checks aren't allowed. I think this one wasn't easy because the difference in terminology isn't that obvious, especially to non-native speakers, and you couldn't refer to the text while answering them. I would appreciate if you took this into account while looking at the participant's answers. Thanks.",32,Never,NA,Multiracial/Mixed,Male,Non-Hispanic
P0079,24,1.4999999999999996,16,18,No Banner,Lost,0,NA,Chose Non-Hot,18,18,NA,3,"Hi. In your attention check questions you had one that said ""you will get 36 cents on top of the original bet amount"". You put that as false. I think you mean the correct one is ""instead of the original bet amount"". However, as a non-native speaker I didn't recognize the difference until I had to re-read every question multiple times because I got told I made something wrong. Prolific's rules state that attention checks should be easy to answer and that you should be able to refer to the text while answering them because memory recall attention checks aren't allowed. I think this one wasn't easy because the difference in terminology isn't that obvious, especially to non-native speakers, and you couldn't refer to the text while answering them. I would appreciate if you took this into account while looking at the participant's answers. Thanks.",32,Never,NA,Multiracial/Mixed,Male,Non-Hispanic
P0080,1,0.29,15,16,Banner,Lost,2,hot_win_number,Chose Non-Hot,1,1,0,2,This was fun,30,About once a month,NA,White,Male,
P0080,2,0.27999999999999997,15,31,Banner,Lost,8,hot_win_number,Chose Non-Hot,1,1,0,2,This was fun,30,About once a month,NA,White,Male,
P0080,3,0.26999999999999996,26,22,No Banner,Lost,0,NA,Chose Non-Hot,1,1,NA,2,This was fun,30,About once a month,NA,White,Male,
P0080,4,0.25999999999999995,15,27,Banner,Lost,3,nonhot_win_number,Chose Non-Hot,1,1,0,2,This was fun,30,About once a month,NA,White,Male,
P0080,5,0.24999999999999992,33,36,No Banner,Lost,0,NA,Chose Non-Hot,1,1,NA,2,This was fun,30,About once a month,NA,White,Male,
P0080,6,0.5999999999999999,15,15,No Banner,Won,0,NA,Chose Non-Hot,0,NA,NA,2,This was fun,30,About once a month,NA,White,Male,
P0080,7,0.5899999999999999,13,27,No Banner,Lost,0,NA,Chose Non-Hot,1,1,NA,2,This was fun,30,About once a month,NA,White,Male,
P0080,8,0.5799999999999998,13,22,Banner,Lost,16,nonhot_win_number,Chose Non-Hot,1,1,0,2,This was fun,30,About once a month,NA,White,Male,
P0080,9,0.5699999999999998,13,3,No Banner,Lost,0,NA,Chose Non-Hot,0,0,NA,2,This was fun,30,About once a month,NA,White,Male,
P0080,10,0.5599999999999998,13,36,Banner,Lost,1,nonhot_win_number,Chose Non-Hot,0,0,0,2,This was fun,30,About once a month,NA,White,Male,
P0080,11,0.9099999999999998,20,20,No Banner,Won,0,NA,Chose Non-Hot,0,NA,NA,2,This was fun,30,About once a month,NA,White,Male,
P0080,12,0.8999999999999998,13,9,No Banner,Lost,0,NA,Chose Non-Hot,0,0,NA,2,This was fun,30,About once a month,NA,White,Male,
P0080,13,0.8899999999999998,13,9,No Banner,Lost,0,NA,Chose Non-Hot,0,0,NA,2,This was fun,30,About once a month,NA,White,Male,
P0080,14,0.8799999999999998,13,14,Banner,Lost,2,nonhot_win_number,Chose Non-Hot,0,0,0,2,This was fun,30,About once a month,NA,White,Male,
P0080,15,1.2299999999999998,30,30,No Banner,Won,0,NA,Chose Non-Hot,0,NA,NA,2,This was fun,30,About once a month,NA,White,Male,
P0080,16,1.2199999999999998,13,36,No Banner,Lost,0,NA,Chose Non-Hot,0,0,NA,2,This was fun,30,About once a month,NA,White,Male,
P0080,17,1.2099999999999995,13,29,Banner,Lost,8,nonhot_win_number,Chose Non-Hot,0,0,0,2,This was fun,30,About once a month,NA,White,Male,
P0080,18,1.1999999999999995,25,27,No Banner,Lost,0,NA,Chose Non-Hot,0,0,NA,2,This was fun,30,About once a month,NA,White,Male,
P0080,19,1.1899999999999995,13,2,Banner,Lost,3,hot_win_number,Chose Non-Hot,0,0,0,2,This was fun,30,About once a month,NA,White,Male,
P0080,20,1.1799999999999995,12,9,No Banner,Lost,0,NA,Chose Non-Hot,0,0,NA,2,This was fun,30,About once a month,NA,White,Male,
P0080,21,1.1699999999999997,13,16,No Banner,Lost,0,NA,Chose Non-Hot,0,0,NA,2,This was fun,30,About once a month,NA,White,Male,
P0080,22,1.1599999999999997,13,22,Banner,Lost,16,hot_win_number,Chose Non-Hot,0,0,0,2,This was fun,30,About once a month,NA,White,Male,
P0080,23,1.5099999999999998,33,33,No Banner,Won,0,NA,Chose Non-Hot,0,NA,NA,2,This was fun,30,About once a month,NA,White,Male,
P0080,24,1.4999999999999998,13,16,Banner,Lost,1,nonhot_win_number,Chose Hot,0,0,NA,2,This was fun,30,About once a month,NA,White,Male,
P0081,1,0.29,9,4,Banner,Lost,2,hot_win_number,Chose Non-Hot,11,15,17,1,I have nothing to add.  ,53,About once a week,NA,White,Male,Non-Hispanic
P0081,2,0.27999999999999997,22,24,No Banner,Lost,0,NA,Chose Non-Hot,17,24,NA,1,I have nothing to add.  ,53,About once a week,NA,White,Male,Non-Hispanic
P0081,3,0.6299999999999999,13,13,No Banner,Won,0,NA,Chose Non-Hot,0,NA,NA,1,I have nothing to add.  ,53,About once a week,NA,White,Male,Non-Hispanic
P0081,4,0.6199999999999999,15,8,No Banner,Lost,0,NA,Chose Non-Hot,23,23,NA,1,I have nothing to add.  ,53,About once a week,NA,White,Male,Non-Hispanic
P0081,5,0.6099999999999999,11,5,No Banner,Lost,0,NA,Chose Non-Hot,22,22,NA,1,I have nothing to add.  ,53,About once a week,NA,White,Male,Non-Hispanic
P0081,6,0.5999999999999999,27,14,Banner,Lost,1,nonhot_win_number,Chose Non-Hot,21,23,22,1,I have nothing to add.  ,53,About once a week,NA,White,Male,Non-Hispanic
P0081,7,0.5899999999999999,17,21,Banner,Lost,3,hot_win_number,Chose Non-Hot,25,25,21,1,I have nothing to add.  ,53,About once a week,NA,White,Male,Non-Hispanic
P0081,8,0.5799999999999998,10,26,Banner,Lost,2,nonhot_win_number,Chose Non-Hot,29,34,10,1,I have nothing to add.  ,53,About once a week,NA,White,Male,Non-Hispanic
P0081,9,0.9299999999999998,8,8,No Banner,Won,0,NA,Chose Non-Hot,0,NA,NA,1,I have nothing to add.  ,53,About once a week,NA,White,Male,Non-Hispanic
P0081,10,0.9199999999999998,29,9,Banner,Lost,8,hot_win_number,Chose Non-Hot,20,21,19,1,I have nothing to add.  ,53,About once a week,NA,White,Male,Non-Hispanic
P0081,11,0.9099999999999998,8,18,No Banner,Lost,0,NA,Chose Non-Hot,25,32,NA,1,I have nothing to add.  ,53,About once a week,NA,White,Male,Non-Hispanic
P0081,12,0.8999999999999998,23,24,Banner,Lost,16,hot_win_number,Chose Non-Hot,27,22,15,1,I have nothing to add.  ,53,About once a week,NA,White,Male,Non-Hispanic
P0081,13,0.8899999999999998,21,2,No Banner,Lost,0,NA,Chose Non-Hot,21,21,NA,1,I have nothing to add.  ,53,About once a week,NA,White,Male,Non-Hispanic
P0081,14,0.8799999999999998,15,13,Banner,Lost,8,nonhot_win_number,Chose Hot,20,23,12,1,I have nothing to add.  ,53,About once a week,NA,White,Male,Non-Hispanic
P0081,15,0.8699999999999998,17,26,No Banner,Lost,0,NA,Chose Non-Hot,24,22,NA,1,I have nothing to add.  ,53,About once a week,NA,White,Male,Non-Hispanic
P0081,16,0.8599999999999998,9,34,No Banner,Lost,0,NA,Chose Non-Hot,23,23,NA,1,I have nothing to add.  ,53,About once a week,NA,White,Male,Non-Hispanic
P0081,17,1.2099999999999995,25,25,No Banner,Won,0,NA,Chose Non-Hot,0,NA,NA,1,I have nothing to add.  ,53,About once a week,NA,White,Male,Non-Hispanic
P0081,18,1.1999999999999995,11,27,Banner,Lost,3,nonhot_win_number,Chose Non-Hot,17,19,5,1,I have nothing to add.  ,53,About once a week,NA,White,Male,Non-Hispanic
P0081,19,1.1899999999999995,26,35,Banner,Lost,1,nonhot_win_number,Chose Non-Hot,14,10,5,1,I have nothing to add.  ,53,About once a week,NA,White,Male,Non-Hispanic
P0081,20,1.1799999999999995,15,31,No Banner,Lost,0,NA,Chose Non-Hot,27,30,NA,1,I have nothing to add.  ,53,About once a week,NA,White,Male,Non-Hispanic
P0081,21,1.1699999999999997,3,12,No Banner,Lost,0,NA,Chose Non-Hot,22,27,NA,1,I have nothing to add.  ,53,About once a week,NA,White,Male,Non-Hispanic
P0081,22,1.1599999999999997,10,6,Banner,Lost,16,nonhot_win_number,Chose Hot,23,19,17,1,I have nothing to add.  ,53,About once a week,NA,White,Male,Non-Hispanic
P0081,23,1.5099999999999998,16,16,No Banner,Won,0,NA,Chose Non-Hot,0,NA,NA,1,I have nothing to add.  ,53,About once a week,NA,White,Male,Non-Hispanic
P0081,24,1.4999999999999998,12,7,No Banner,Lost,0,NA,Chose Non-Hot,21,13,NA,1,I have nothing to add.  ,53,About once a week,NA,White,Male,Non-Hispanic
P0082,1,0.29,6,13,Banner,Lost,3,hot_win_number,Chose Hot,53,39,31,2,The lucky numbers seemed like it was just misinfomation.,33,Never,NA,White,Male,Non-Hispanic
P0082,2,0.27999999999999997,22,19,No Banner,Lost,0,NA,Chose Non-Hot,12,2,NA,2,The lucky numbers seemed like it was just misinfomation.,33,Never,NA,White,Male,Non-Hispanic
P0082,3,0.6299999999999999,7,7,No Banner,Won,0,NA,Chose Non-Hot,7,NA,NA,2,The lucky numbers seemed like it was just misinfomation.,33,Never,NA,White,Male,Non-Hispanic
P0082,4,0.6199999999999999,27,1,No Banner,Lost,0,NA,Chose Non-Hot,12,12,NA,2,The lucky numbers seemed like it was just misinfomation.,33,Never,NA,White,Male,Non-Hispanic
P0082,5,0.6099999999999999,4,33,Banner,Lost,8,hot_win_number,Chose Hot,37,11,8,2,The lucky numbers seemed like it was just misinfomation.,33,Never,NA,White,Male,Non-Hispanic
P0082,6,0.5999999999999999,15,18,Banner,Lost,1,nonhot_win_number,Chose Hot,86,8,NA,2,The lucky numbers seemed like it was just misinfomation.,33,Never,NA,White,Male,Non-Hispanic
P0082,7,0.5899999999999999,36,18,Banner,Lost,2,nonhot_win_number,Chose Hot,43,13,10,2,The lucky numbers seemed like it was just misinfomation.,33,Never,NA,White,Male,Non-Hispanic
P0082,8,0.5799999999999998,18,17,Banner,Lost,2,hot_win_number,Chose Non-Hot,59,11,9,2,The lucky numbers seemed like it was just misinfomation.,33,Never,NA,White,Male,Non-Hispanic
P0082,9,0.5699999999999998,17,5,No Banner,Lost,0,NA,Chose Non-Hot,12,12,NA,2,The lucky numbers seemed like it was just misinfomation.,33,Never,NA,White,Male,Non-Hispanic
P0082,10,0.9199999999999998,13,13,No Banner,Won,0,NA,Chose Non-Hot,1,NA,NA,2,The lucky numbers seemed like it was just misinfomation.,33,Never,NA,White,Male,Non-Hispanic
P0082,11,0.9099999999999998,21,9,No Banner,Lost,0,NA,Chose Non-Hot,22,25,NA,2,The lucky numbers seemed like it was just misinfomation.,33,Never,NA,White,Male,Non-Hispanic
P0082,12,0.8999999999999998,18,6,No Banner,Lost,0,NA,Chose Non-Hot,2,21,NA,2,The lucky numbers seemed like it was just misinfomation.,33,Never,NA,White,Male,Non-Hispanic
P0082,13,0.8899999999999998,4,28,No Banner,Lost,0,NA,Chose Non-Hot,4,18,NA,2,The lucky numbers seemed like it was just misinfomation.,33,Never,NA,White,Male,Non-Hispanic
P0082,14,0.8799999999999998,20,9,No Banner,Lost,0,NA,Chose Non-Hot,3,5,NA,2,The lucky numbers seemed like it was just misinfomation.,33,Never,NA,White,Male,Non-Hispanic
P0082,15,1.2299999999999998,13,13,No Banner,Won,0,NA,Chose Non-Hot,0,NA,NA,2,The lucky numbers seemed like it was just misinfomation.,33,Never,NA,White,Male,Non-Hispanic
P0082,16,1.2199999999999998,14,12,Banner,Lost,16,hot_win_number,Chose Hot,46,8,3,2,The lucky numbers seemed like it was just misinfomation.,33,Never,NA,White,Male,Non-Hispanic
P0082,17,1.2099999999999995,35,22,Banner,Lost,3,nonhot_win_number,Chose Hot,34,9,6,2,The lucky numbers seemed like it was just misinfomation.,33,Never,NA,White,Male,Non-Hispanic
P0082,18,1.1999999999999995,15,11,No Banner,Lost,0,NA,Chose Non-Hot,10,9,NA,2,The lucky numbers seemed like it was just misinfomation.,33,Never,NA,White,Male,Non-Hispanic
P0082,19,1.1899999999999995,12,33,No Banner,Lost,0,NA,Chose Non-Hot,7,11,NA,2,The lucky numbers seemed like it was just misinfomation.,33,Never,NA,White,Male,Non-Hispanic
P0082,20,1.1799999999999995,8,15,Banner,Lost,8,nonhot_win_number,Chose Hot,40,4,2,2,The lucky numbers seemed like it was just misinfomation.,33,Never,NA,White,Male,Non-Hispanic
P0082,21,1.1699999999999997,19,11,No Banner,Lost,0,NA,Chose Non-Hot,10,6,NA,2,The lucky numbers seemed like it was just misinfomation.,33,Never,NA,White,Male,Non-Hispanic
P0082,22,1.1599999999999997,30,10,Banner,Lost,16,nonhot_win_number,Chose Hot,50,14,11,2,The lucky numbers seemed like it was just misinfomation.,33,Never,NA,White,Male,Non-Hispanic
P0082,23,1.5099999999999998,19,19,No Banner,Won,0,NA,Chose Non-Hot,0,NA,NA,2,The lucky numbers seemed like it was just misinfomation.,33,Never,NA,White,Male,Non-Hispanic
P0082,24,1.4999999999999998,7,28,Banner,Lost,1,nonhot_win_number,Chose Non-Hot,46,9,5,2,The lucky numbers seemed like it was just misinfomation.,33,Never,NA,White,Male,Non-Hispanic
P0083,1,0.29,19,29,No Banner,Lost,0,NA,Chose Non-Hot,0,1,NA,1,"The more you bet, the less you lose when you win. ",57,Never,NA,White,Male,Non-Hispanic
P0083,2,0.27999999999999997,19,7,No Banner,Lost,0,NA,Chose Non-Hot,1,2,NA,1,"The more you bet, the less you lose when you win. ",57,Never,NA,White,Male,Non-Hispanic
P0083,3,0.26999999999999996,19,16,No Banner,Lost,0,NA,Chose Non-Hot,2,3,NA,1,"The more you bet, the less you lose when you win. ",57,Never,NA,White,Male,Non-Hispanic
P0083,4,0.6199999999999999,19,19,No Banner,Won,0,NA,Chose Non-Hot,0,NA,NA,1,"The more you bet, the less you lose when you win. ",57,Never,NA,White,Male,Non-Hispanic
P0083,5,0.6099999999999999,19,22,Banner,Lost,2,nonhot_win_number,Chose Non-Hot,4,5,1,1,"The more you bet, the less you lose when you win. ",57,Never,NA,White,Male,Non-Hispanic
P0083,6,0.5999999999999999,19,13,No Banner,Lost,0,NA,Chose Non-Hot,5,6,NA,1,"The more you bet, the less you lose when you win. ",57,Never,NA,White,Male,Non-Hispanic
P0083,7,0.5899999999999999,19,15,No Banner,Lost,0,NA,Chose Non-Hot,6,7,NA,1,"The more you bet, the less you lose when you win. ",57,Never,NA,White,Male,Non-Hispanic
P0083,8,0.5799999999999998,19,27,No Banner,Lost,0,NA,Chose Non-Hot,7,8,NA,1,"The more you bet, the less you lose when you win. ",57,Never,NA,White,Male,Non-Hispanic
P0083,9,0.9299999999999998,19,19,No Banner,Won,0,NA,Chose Non-Hot,0,NA,NA,1,"The more you bet, the less you lose when you win. ",57,Never,NA,White,Male,Non-Hispanic
P0083,10,0.9199999999999998,19,22,Banner,Lost,16,nonhot_win_number,Chose Hot,8,9,2,1,"The more you bet, the less you lose when you win. ",57,Never,NA,White,Male,Non-Hispanic
P0083,11,0.9099999999999998,19,34,Banner,Lost,8,nonhot_win_number,Chose Non-Hot,9,10,3,1,"The more you bet, the less you lose when you win. ",57,Never,NA,White,Male,Non-Hispanic
P0083,12,0.8999999999999998,19,34,Banner,Lost,1,nonhot_win_number,Chose Non-Hot,10,11,4,1,"The more you bet, the less you lose when you win. ",57,Never,NA,White,Male,Non-Hispanic
P0083,13,0.8899999999999998,19,36,No Banner,Lost,0,NA,Chose Non-Hot,11,12,NA,1,"The more you bet, the less you lose when you win. ",57,Never,NA,White,Male,Non-Hispanic
P0083,14,0.8799999999999998,19,3,No Banner,Lost,0,NA,Chose Non-Hot,12,13,NA,1,"The more you bet, the less you lose when you win. ",57,Never,NA,White,Male,Non-Hispanic
P0083,15,0.8699999999999998,19,36,Banner,Lost,1,nonhot_win_number,Chose Non-Hot,13,14,4,1,"The more you bet, the less you lose when you win. ",57,Never,NA,White,Male,Non-Hispanic
P0083,16,1.2199999999999998,19,19,No Banner,Won,0,NA,Chose Non-Hot,0,NA,NA,1,"The more you bet, the less you lose when you win. ",57,Never,NA,White,Male,Non-Hispanic
P0083,17,1.2099999999999995,19,15,Banner,Lost,2,hot_win_number,Chose Hot,10,11,NA,1,"The more you bet, the less you lose when you win. ",57,Never,NA,White,Male,Non-Hispanic
P0083,18,1.1999999999999995,19,1,Banner,Lost,3,hot_win_number,Chose Non-Hot,12,12,3,1,"The more you bet, the less you lose when you win. ",57,Never,NA,White,Male,Non-Hispanic
P0083,19,1.1899999999999995,19,17,No Banner,Lost,0,NA,Chose Non-Hot,13,14,NA,1,"The more you bet, the less you lose when you win. ",57,Never,NA,White,Male,Non-Hispanic
P0083,20,1.1799999999999995,19,3,Banner,Lost,8,hot_win_number,Chose Non-Hot,14,15,5,1,"The more you bet, the less you lose when you win. ",57,Never,NA,White,Male,Non-Hispanic
P0083,21,1.1699999999999997,19,12,Banner,Lost,16,hot_win_number,Chose Non-Hot,15,16,4,1,"The more you bet, the less you lose when you win. ",57,Never,NA,White,Male,Non-Hispanic
P0083,22,1.1599999999999997,19,15,Banner,Lost,3,nonhot_win_number,Chose Non-Hot,16,18,4,1,"The more you bet, the less you lose when you win. ",57,Never,NA,White,Male,Non-Hispanic
P0083,23,1.5099999999999998,19,19,No Banner,Won,0,NA,Chose Non-Hot,0,NA,NA,1,"The more you bet, the less you lose when you win. ",57,Never,NA,White,Male,Non-Hispanic
P0083,24,1.4999999999999998,19,12,No Banner,Lost,0,NA,Chose Non-Hot,100,100,NA,1,"The more you bet, the less you lose when you win. ",57,Never,NA,White,Male,Non-Hispanic
P0085,1,0.29,21,20,Banner,Lost,1,nonhot_win_number,Chose Non-Hot,18,55,0,2,none,49,Never,NA,White,Female,Non-Hispanic
P0085,2,0.27999999999999997,14,18,No Banner,Lost,0,NA,Chose Non-Hot,59,74,NA,2,none,49,Never,NA,White,Female,Non-Hispanic
P0085,3,0.6299999999999999,24,24,No Banner,Won,0,NA,Chose Non-Hot,0,NA,NA,2,none,49,Never,NA,White,Female,Non-Hispanic
P0085,4,0.6199999999999999,21,13,No Banner,Lost,0,NA,Chose Non-Hot,57,86,NA,2,none,49,Never,NA,White,Female,Non-Hispanic
P0085,5,0.6099999999999999,33,25,Banner,Lost,1,nonhot_win_number,Chose Hot,32,63,NA,2,none,49,Never,NA,White,Female,Non-Hispanic
P0085,6,0.5999999999999999,5,29,No Banner,Lost,0,NA,Chose Non-Hot,55,72,NA,2,none,49,Never,NA,White,Female,Non-Hispanic
P0085,7,0.5899999999999999,8,26,No Banner,Lost,0,NA,Chose Non-Hot,44,67,NA,2,none,49,Never,NA,White,Female,Non-Hispanic
P0085,8,0.5799999999999998,24,22,No Banner,Lost,0,NA,Chose Non-Hot,41,71,NA,2,none,49,Never,NA,White,Female,Non-Hispanic
P0085,9,0.5699999999999998,15,30,Banner,Lost,16,nonhot_win_number,Chose Hot,39,69,0,2,none,49,Never,NA,White,Female,Non-Hispanic
P0085,10,0.5599999999999998,29,14,No Banner,Lost,0,NA,Chose Non-Hot,51,68,NA,2,none,49,Never,NA,White,Female,Non-Hispanic
P0085,11,0.5499999999999998,24,5,Banner,Lost,2,nonhot_win_number,Chose Hot,42,71,0,2,none,49,Never,NA,White,Female,Non-Hispanic
P0085,12,0.8999999999999998,25,25,No Banner,Won,0,NA,Chose Non-Hot,0,NA,NA,2,none,49,Never,NA,White,Female,Non-Hispanic
P0085,13,0.8899999999999998,8,6,Banner,Lost,2,hot_win_number,Chose Hot,33,8,NA,2,none,49,Never,NA,White,Female,Non-Hispanic
P0085,14,0.8799999999999998,24,21,No Banner,Lost,0,NA,Chose Non-Hot,47,79,NA,2,none,49,Never,NA,White,Female,Non-Hispanic
P0085,15,1.2299999999999998,12,12,No Banner,Won,0,NA,Chose Non-Hot,0,NA,NA,2,none,49,Never,NA,White,Female,Non-Hispanic
P0085,16,1.2199999999999998,25,5,Banner,Lost,3,nonhot_win_number,Chose Hot,29,76,0,2,none,49,Never,NA,White,Female,Non-Hispanic
P0085,17,1.2099999999999995,33,5,No Banner,Lost,0,NA,Chose Non-Hot,49,82,NA,2,none,49,Never,NA,White,Female,Non-Hispanic
P0085,18,1.1999999999999995,21,3,Banner,Lost,3,hot_win_number,Chose Non-Hot,73,83,0,2,none,49,Never,NA,White,Female,Non-Hispanic
P0085,19,1.1899999999999995,24,28,No Banner,Lost,0,NA,Chose Non-Hot,43,67,NA,2,none,49,Never,NA,White,Female,Non-Hispanic
P0085,20,1.1799999999999995,6,13,Banner,Lost,8,nonhot_win_number,Chose Hot,41,76,0,2,none,49,Never,NA,White,Female,Non-Hispanic
P0085,21,1.5299999999999998,28,28,No Banner,Won,0,NA,Chose Non-Hot,0,NA,NA,2,none,49,Never,NA,White,Female,Non-Hispanic
P0085,22,1.5199999999999998,17,29,No Banner,Lost,0,NA,Chose Non-Hot,33,75,NA,2,none,49,Never,NA,White,Female,Non-Hispanic
P0085,23,1.5099999999999998,10,19,Banner,Lost,8,hot_win_number,Chose Hot,22,60,0,2,none,49,Never,NA,White,Female,Non-Hispanic
P0085,24,1.4999999999999998,12,15,Banner,Lost,16,hot_win_number,Chose Hot,44,70,0,2,none,49,Never,NA,White,Female,Non-Hispanic
P0086,1,0.29,15,3,No Banner,Lost,0,NA,Chose Non-Hot,0,0,NA,1,"It's pretty obvious that this wasn't exactly a random draw.  I don't know what the actual algorithm was, but it seems pretty clear that my choice was factored in.",65,Never,NA,White,Male,Non-Hispanic
P0086,2,0.27999999999999997,15,9,No Banner,Lost,0,NA,Chose Non-Hot,0,0,NA,1,"It's pretty obvious that this wasn't exactly a random draw.  I don't know what the actual algorithm was, but it seems pretty clear that my choice was factored in.",65,Never,NA,White,Male,Non-Hispanic
P0086,3,0.6299999999999999,15,15,No Banner,Won,0,NA,Chose Non-Hot,0,NA,NA,1,"It's pretty obvious that this wasn't exactly a random draw.  I don't know what the actual algorithm was, but it seems pretty clear that my choice was factored in.",65,Never,NA,White,Male,Non-Hispanic
P0086,4,0.6199999999999999,11,28,Banner,Lost,1,nonhot_win_number,Chose Hot,0,0,NA,1,"It's pretty obvious that this wasn't exactly a random draw.  I don't know what the actual algorithm was, but it seems pretty clear that my choice was factored in.",65,Never,NA,White,Male,Non-Hispanic
P0086,5,0.6099999999999999,15,27,No Banner,Lost,0,NA,Chose Non-Hot,0,0,NA,1,"It's pretty obvious that this wasn't exactly a random draw.  I don't know what the actual algorithm was, but it seems pretty clear that my choice was factored in.",65,Never,NA,White,Male,Non-Hispanic
P0086,6,0.5999999999999999,6,17,Banner,Lost,2,nonhot_win_number,Chose Hot,0,0,0,1,"It's pretty obvious that this wasn't exactly a random draw.  I don't know what the actual algorithm was, but it seems pretty clear that my choice was factored in.",65,Never,NA,White,Male,Non-Hispanic
P0086,7,0.5899999999999999,15,6,No Banner,Lost,0,NA,Chose Non-Hot,0,0,NA,1,"It's pretty obvious that this wasn't exactly a random draw.  I don't know what the actual algorithm was, but it seems pretty clear that my choice was factored in.",65,Never,NA,White,Male,Non-Hispanic
P0086,8,0.5799999999999998,16,31,Banner,Lost,2,hot_win_number,Chose Hot,0,0,NA,1,"It's pretty obvious that this wasn't exactly a random draw.  I don't know what the actual algorithm was, but it seems pretty clear that my choice was factored in.",65,Never,NA,White,Male,Non-Hispanic
P0086,9,0.5699999999999998,9,20,No Banner,Lost,0,NA,Chose Non-Hot,0,0,NA,1,"It's pretty obvious that this wasn't exactly a random draw.  I don't know what the actual algorithm was, but it seems pretty clear that my choice was factored in.",65,Never,NA,White,Male,Non-Hispanic
P0086,10,0.5599999999999998,21,27,No Banner,Lost,0,NA,Chose Non-Hot,0,0,NA,1,"It's pretty obvious that this wasn't exactly a random draw.  I don't know what the actual algorithm was, but it seems pretty clear that my choice was factored in.",65,Never,NA,White,Male,Non-Hispanic
P0086,11,0.9099999999999998,22,22,No Banner,Won,0,NA,Chose Non-Hot,0,NA,NA,1,"It's pretty obvious that this wasn't exactly a random draw.  I don't know what the actual algorithm was, but it seems pretty clear that my choice was factored in.",65,Never,NA,White,Male,Non-Hispanic
P0086,12,0.8999999999999998,9,3,No Banner,Lost,0,NA,Chose Non-Hot,0,0,NA,1,"It's pretty obvious that this wasn't exactly a random draw.  I don't know what the actual algorithm was, but it seems pretty clear that my choice was factored in.",65,Never,NA,White,Male,Non-Hispanic
P0086,13,0.8899999999999998,14,33,Banner,Lost,3,nonhot_win_number,Chose Hot,0,0,0,1,"It's pretty obvious that this wasn't exactly a random draw.  I don't know what the actual algorithm was, but it seems pretty clear that my choice was factored in.",65,Never,NA,White,Male,Non-Hispanic
P0086,14,0.8799999999999998,21,1,No Banner,Lost,0,NA,Chose Non-Hot,0,0,NA,1,"It's pretty obvious that this wasn't exactly a random draw.  I don't know what the actual algorithm was, but it seems pretty clear that my choice was factored in.",65,Never,NA,White,Male,Non-Hispanic
P0086,15,0.8699999999999998,5,3,Banner,Lost,8,hot_win_number,Chose Hot,0,0,0,1,"It's pretty obvious that this wasn't exactly a random draw.  I don't know what the actual algorithm was, but it seems pretty clear that my choice was factored in.",65,Never,NA,White,Male,Non-Hispanic
P0086,16,0.8599999999999998,33,24,Banner,Lost,16,hot_win_number,Chose Hot,0,0,0,1,"It's pretty obvious that this wasn't exactly a random draw.  I don't know what the actual algorithm was, but it seems pretty clear that my choice was factored in.",65,Never,NA,White,Male,Non-Hispanic
P0086,17,1.2099999999999995,22,22,No Banner,Won,0,NA,Chose Non-Hot,0,NA,NA,1,"It's pretty obvious that this wasn't exactly a random draw.  I don't know what the actual algorithm was, but it seems pretty clear that my choice was factored in.",65,Never,NA,White,Male,Non-Hispanic
P0086,18,1.1999999999999995,30,3,Banner,Lost,8,nonhot_win_number,Chose Hot,0,0,0,1,"It's pretty obvious that this wasn't exactly a random draw.  I don't know what the actual algorithm was, but it seems pretty clear that my choice was factored in.",65,Never,NA,White,Male,Non-Hispanic
P0086,19,1.1899999999999995,32,24,Banner,Lost,16,nonhot_win_number,Chose Hot,0,0,0,1,"It's pretty obvious that this wasn't exactly a random draw.  I don't know what the actual algorithm was, but it seems pretty clear that my choice was factored in.",65,Never,NA,White,Male,Non-Hispanic
P0086,20,1.1799999999999995,26,9,No Banner,Lost,0,NA,Chose Non-Hot,0,0,NA,1,"It's pretty obvious that this wasn't exactly a random draw.  I don't know what the actual algorithm was, but it seems pretty clear that my choice was factored in.",65,Never,NA,White,Male,Non-Hispanic
P0086,21,1.1699999999999997,22,11,Banner,Lost,1,nonhot_win_number,Chose Hot,0,0,NA,1,"It's pretty obvious that this wasn't exactly a random draw.  I don't know what the actual algorithm was, but it seems pretty clear that my choice was factored in.",65,Never,NA,White,Male,Non-Hispanic
P0086,22,1.1599999999999997,29,8,No Banner,Lost,0,NA,Chose Non-Hot,0,0,NA,1,"It's pretty obvious that this wasn't exactly a random draw.  I don't know what the actual algorithm was, but it seems pretty clear that my choice was factored in.",65,Never,NA,White,Male,Non-Hispanic
P0086,23,1.5099999999999998,8,8,No Banner,Won,0,NA,Chose Non-Hot,0,NA,NA,1,"It's pretty obvious that this wasn't exactly a random draw.  I don't know what the actual algorithm was, but it seems pretty clear that my choice was factored in.",65,Never,NA,White,Male,Non-Hispanic
P0086,24,1.4999999999999998,8,15,Banner,Lost,3,hot_win_number,Chose Hot,0,0,0,1,"It's pretty obvious that this wasn't exactly a random draw.  I don't know what the actual algorithm was, but it seems pretty clear that my choice was factored in.",65,Never,NA,White,Male,Non-Hispanic
P0088,1,0.29,16,29,No Banner,Lost,0,NA,Chose Non-Hot,40,87,NA,1,,27,About once a month,NA,White,Male,Non-Hispanic
P0088,2,0.27999999999999997,30,26,No Banner,Lost,0,NA,Chose Non-Hot,63,85,NA,1,,27,About once a month,NA,White,Male,Non-Hispanic
P0088,3,0.6299999999999999,23,23,No Banner,Won,0,NA,Chose Non-Hot,0,NA,NA,1,,27,About once a month,NA,White,Male,Non-Hispanic
P0088,4,0.6199999999999999,21,31,No Banner,Lost,0,NA,Chose Non-Hot,73,39,NA,1,,27,About once a month,NA,White,Male,Non-Hispanic
P0088,5,0.6099999999999999,27,32,Banner,Lost,8,nonhot_win_number,Chose Non-Hot,72,43,0,1,,27,About once a month,NA,White,Male,Non-Hispanic
P0088,6,0.5999999999999999,15,4,Banner,Lost,2,hot_win_number,Chose Hot,69,100,NA,1,,27,About once a month,NA,White,Male,Non-Hispanic
P0088,7,0.5899999999999999,23,27,Banner,Lost,16,hot_win_number,Chose Hot,60,100,0,1,,27,About once a month,NA,White,Male,Non-Hispanic
P0088,8,0.5799999999999998,23,35,No Banner,Lost,0,NA,Chose Non-Hot,100,21,NA,1,,27,About once a month,NA,White,Male,Non-Hispanic
P0088,9,0.9299999999999998,32,32,No Banner,Won,0,NA,Chose Non-Hot,0,NA,NA,1,,27,About once a month,NA,White,Male,Non-Hispanic
P0088,10,0.9199999999999998,27,10,No Banner,Lost,0,NA,Chose Non-Hot,76,25,NA,1,,27,About once a month,NA,White,Male,Non-Hispanic
P0088,11,0.9099999999999998,18,16,No Banner,Lost,0,NA,Chose Non-Hot,43,100,NA,1,,27,About once a month,NA,White,Male,Non-Hispanic
P0088,12,0.8999999999999998,27,7,No Banner,Lost,0,NA,Chose Non-Hot,74,56,NA,1,,27,About once a month,NA,White,Male,Non-Hispanic
P0088,13,0.8899999999999998,9,30,Banner,Lost,3,nonhot_win_number,Chose Hot,100,47,24,1,,27,About once a month,NA,White,Male,Non-Hispanic
P0088,14,0.8799999999999998,3,12,Banner,Lost,1,nonhot_win_number,Chose Hot,26,8,NA,1,,27,About once a month,NA,White,Male,Non-Hispanic
P0088,15,0.8699999999999998,20,25,Banner,Lost,2,nonhot_win_number,Chose Hot,59,33,3,1,,27,About once a month,NA,White,Male,Non-Hispanic
P0088,16,0.8599999999999998,23,29,Banner,Lost,8,hot_win_number,Chose Hot,73,66,16,1,,27,About once a month,NA,White,Male,Non-Hispanic
P0088,17,1.2099999999999995,23,23,No Banner,Won,0,NA,Chose Non-Hot,0,NA,NA,1,,27,About once a month,NA,White,Male,Non-Hispanic
P0088,18,1.1999999999999995,30,36,Banner,Lost,16,nonhot_win_number,Chose Hot,69,43,2,1,,27,About once a month,NA,White,Male,Non-Hispanic
P0088,19,1.1899999999999995,30,19,No Banner,Lost,0,NA,Chose Non-Hot,66,74,NA,1,,27,About once a month,NA,White,Male,Non-Hispanic
P0088,20,1.1799999999999995,23,22,No Banner,Lost,0,NA,Chose Non-Hot,59,100,NA,1,,27,About once a month,NA,White,Male,Non-Hispanic
P0088,21,1.1699999999999997,16,21,Banner,Lost,3,hot_win_number,Chose Non-Hot,76,100,10,1,,27,About once a month,NA,White,Male,Non-Hispanic
P0088,22,1.5199999999999996,23,23,No Banner,Won,0,NA,Chose Non-Hot,0,NA,NA,1,,27,About once a month,NA,White,Male,Non-Hispanic
P0088,23,1.5099999999999996,32,8,No Banner,Lost,0,NA,Chose Non-Hot,100,62,NA,1,,27,About once a month,NA,White,Male,Non-Hispanic
P0088,24,1.4999999999999996,27,28,Banner,Lost,1,nonhot_win_number,Chose Hot,71,57,NA,1,,27,About once a month,NA,White,Male,Non-Hispanic
P0089,1,-0.01,1,31,No Banner,Lost,0,NA,Chose Non-Hot,100,100,NA,2,I was happy I won as much as I did.,56,A few times,NA,White,Male,Non-Hispanic
P0089,2,-0.02,31,33,No Banner,Lost,0,NA,Chose Non-Hot,100,100,NA,2,I was happy I won as much as I did.,56,A few times,NA,White,Male,Non-Hispanic
P0089,3,0.32999999999999996,31,31,No Banner,Won,0,NA,Chose Non-Hot,0,NA,NA,2,I was happy I won as much as I did.,56,A few times,NA,White,Male,Non-Hispanic
P0089,4,0.31999999999999995,31,3,No Banner,Lost,0,NA,Chose Non-Hot,24,27,NA,2,I was happy I won as much as I did.,56,A few times,NA,White,Male,Non-Hispanic
P0089,5,0.30999999999999994,31,28,Banner,Lost,1,nonhot_win_number,Chose Hot,58,58,NA,2,I was happy I won as much as I did.,56,A few times,NA,White,Male,Non-Hispanic
P0089,6,0.29999999999999993,15,8,Banner,Lost,2,nonhot_win_number,Chose Hot,0,0,NA,2,I was happy I won as much as I did.,56,A few times,NA,White,Male,Non-Hispanic
P0089,7,0.2899999999999999,31,19,No Banner,Lost,0,NA,Chose Non-Hot,100,100,NA,2,I was happy I won as much as I did.,56,A few times,NA,White,Male,Non-Hispanic
P0089,8,0.2799999999999999,31,15,No Banner,Lost,0,NA,Chose Non-Hot,100,100,NA,2,I was happy I won as much as I did.,56,A few times,NA,White,Male,Non-Hispanic
P0089,9,0.2699999999999999,2,24,Banner,Lost,8,hot_win_number,Chose Hot,9,9,NA,2,I was happy I won as much as I did.,56,A few times,NA,White,Male,Non-Hispanic
P0089,10,0.2599999999999999,21,32,Banner,Lost,3,hot_win_number,Chose Hot,0,0,NA,2,I was happy I won as much as I did.,56,A few times,NA,White,Male,Non-Hispanic
P0089,11,0.6099999999999999,31,31,No Banner,Won,0,NA,Chose Non-Hot,0,NA,NA,2,I was happy I won as much as I did.,56,A few times,NA,White,Male,Non-Hispanic
P0089,12,0.5999999999999999,3,14,Banner,Lost,3,nonhot_win_number,Chose Hot,0,0,NA,2,I was happy I won as much as I did.,56,A few times,NA,White,Male,Non-Hispanic
P0089,13,0.5899999999999999,28,7,Banner,Lost,1,nonhot_win_number,Chose Hot,0,0,NA,2,I was happy I won as much as I did.,56,A few times,NA,White,Male,Non-Hispanic
P0089,14,0.5799999999999998,31,9,No Banner,Lost,0,NA,Chose Non-Hot,100,100,NA,2,I was happy I won as much as I did.,56,A few times,NA,White,Male,Non-Hispanic
P0089,15,0.5699999999999998,31,12,No Banner,Lost,0,NA,Chose Non-Hot,100,100,NA,2,I was happy I won as much as I did.,56,A few times,NA,White,Male,Non-Hispanic
P0089,16,0.9199999999999998,31,31,No Banner,Won,0,NA,Chose Non-Hot,0,NA,NA,2,I was happy I won as much as I did.,56,A few times,NA,White,Male,Non-Hispanic
P0089,17,0.9099999999999998,31,25,No Banner,Lost,0,NA,Chose Non-Hot,100,100,NA,2,I was happy I won as much as I did.,56,A few times,NA,White,Male,Non-Hispanic
P0089,18,0.8999999999999998,33,2,Banner,Lost,2,hot_win_number,Chose Hot,68,68,NA,2,I was happy I won as much as I did.,56,A few times,NA,White,Male,Non-Hispanic
P0089,19,0.8899999999999998,4,28,Banner,Lost,8,nonhot_win_number,Chose Hot,0,0,NA,2,I was happy I won as much as I did.,56,A few times,NA,White,Male,Non-Hispanic
P0089,20,0.8799999999999998,31,15,No Banner,Lost,0,NA,Chose Non-Hot,100,100,NA,2,I was happy I won as much as I did.,56,A few times,NA,White,Male,Non-Hispanic
P0089,21,0.8699999999999998,31,22,No Banner,Lost,0,NA,Chose Non-Hot,100,100,NA,2,I was happy I won as much as I did.,56,A few times,NA,White,Male,Non-Hispanic
P0089,22,0.8599999999999998,2,33,Banner,Lost,16,hot_win_number,Chose Hot,0,0,NA,2,I was happy I won as much as I did.,56,A few times,NA,White,Male,Non-Hispanic
P0089,23,1.2099999999999995,31,31,No Banner,Won,0,NA,Chose Non-Hot,0,NA,NA,2,I was happy I won as much as I did.,56,A few times,NA,White,Male,Non-Hispanic
P0089,24,1.1999999999999995,2,15,Banner,Lost,16,nonhot_win_number,Chose Hot,0,0,NA,2,I was happy I won as much as I did.,56,A few times,NA,White,Male,Non-Hispanic
P0090,1,0.29,10,27,Banner,Lost,16,nonhot_win_number,Chose Hot,2,2,0,1,"I am happy with the outcome of my bets with winning 4 times out of the 24, which I consider fairly good all things considered.",52,About once a month,NA,White,Male,Non-Hispanic
P0090,2,0.27999999999999997,26,3,No Banner,Lost,0,NA,Chose Non-Hot,2,2,NA,1,"I am happy with the outcome of my bets with winning 4 times out of the 24, which I consider fairly good all things considered.",52,About once a month,NA,White,Male,Non-Hispanic
P0090,3,0.26999999999999996,33,18,Banner,Lost,3,hot_win_number,Chose Hot,4,2,0,1,"I am happy with the outcome of my bets with winning 4 times out of the 24, which I consider fairly good all things considered.",52,About once a month,NA,White,Male,Non-Hispanic
P0090,4,0.25999999999999995,19,25,No Banner,Lost,0,NA,Chose Non-Hot,4,4,NA,1,"I am happy with the outcome of my bets with winning 4 times out of the 24, which I consider fairly good all things considered.",52,About once a month,NA,White,Male,Non-Hispanic
P0090,5,0.6099999999999999,26,26,No Banner,Won,0,NA,Chose Non-Hot,0,NA,NA,1,"I am happy with the outcome of my bets with winning 4 times out of the 24, which I consider fairly good all things considered.",52,About once a month,NA,White,Male,Non-Hispanic
P0090,6,0.5999999999999999,16,25,No Banner,Lost,0,NA,Chose Non-Hot,4,4,NA,1,"I am happy with the outcome of my bets with winning 4 times out of the 24, which I consider fairly good all things considered.",52,About once a month,NA,White,Male,Non-Hispanic
P0090,7,0.5899999999999999,4,29,Banner,Lost,3,nonhot_win_number,Chose Hot,4,4,0,1,"I am happy with the outcome of my bets with winning 4 times out of the 24, which I consider fairly good all things considered.",52,About once a month,NA,White,Male,Non-Hispanic
P0090,8,0.5799999999999998,30,18,Banner,Lost,8,nonhot_win_number,Chose Hot,4,4,0,1,"I am happy with the outcome of my bets with winning 4 times out of the 24, which I consider fairly good all things considered.",52,About once a month,NA,White,Male,Non-Hispanic
P0090,9,0.5699999999999998,13,35,No Banner,Lost,0,NA,Chose Non-Hot,4,4,NA,1,"I am happy with the outcome of my bets with winning 4 times out of the 24, which I consider fairly good all things considered.",52,About once a month,NA,White,Male,Non-Hispanic
P0090,10,0.5599999999999998,19,1,Banner,Lost,2,hot_win_number,Chose Hot,5,5,NA,1,"I am happy with the outcome of my bets with winning 4 times out of the 24, which I consider fairly good all things considered.",52,About once a month,NA,White,Male,Non-Hispanic
P0090,11,0.5499999999999998,33,6,No Banner,Lost,0,NA,Chose Non-Hot,5,5,NA,1,"I am happy with the outcome of my bets with winning 4 times out of the 24, which I consider fairly good all things considered.",52,About once a month,NA,White,Male,Non-Hispanic
P0090,12,0.8999999999999998,24,24,No Banner,Won,0,NA,Chose Non-Hot,0,NA,NA,1,"I am happy with the outcome of my bets with winning 4 times out of the 24, which I consider fairly good all things considered.",52,About once a month,NA,White,Male,Non-Hispanic
P0090,13,0.8899999999999998,35,28,Banner,Lost,2,nonhot_win_number,Chose Hot,5,5,0,1,"I am happy with the outcome of my bets with winning 4 times out of the 24, which I consider fairly good all things considered.",52,About once a month,NA,White,Male,Non-Hispanic
P0090,14,0.8799999999999998,7,16,No Banner,Lost,0,NA,Chose Non-Hot,5,5,NA,1,"I am happy with the outcome of my bets with winning 4 times out of the 24, which I consider fairly good all things considered.",52,About once a month,NA,White,Male,Non-Hispanic
P0090,15,0.8699999999999998,28,9,Banner,Lost,8,hot_win_number,Chose Hot,5,5,0,1,"I am happy with the outcome of my bets with winning 4 times out of the 24, which I consider fairly good all things considered.",52,About once a month,NA,White,Male,Non-Hispanic
P0090,16,0.8599999999999998,8,32,No Banner,Lost,0,NA,Chose Non-Hot,5,5,NA,1,"I am happy with the outcome of my bets with winning 4 times out of the 24, which I consider fairly good all things considered.",52,About once a month,NA,White,Male,Non-Hispanic
P0090,17,1.2099999999999995,29,29,No Banner,Won,0,NA,Chose Non-Hot,0,NA,NA,1,"I am happy with the outcome of my bets with winning 4 times out of the 24, which I consider fairly good all things considered.",52,About once a month,NA,White,Male,Non-Hispanic
P0090,18,1.1999999999999995,16,28,Banner,Lost,16,hot_win_number,Chose Hot,5,5,0,1,"I am happy with the outcome of my bets with winning 4 times out of the 24, which I consider fairly good all things considered.",52,About once a month,NA,White,Male,Non-Hispanic
P0090,19,1.1899999999999995,6,31,No Banner,Lost,0,NA,Chose Non-Hot,5,5,NA,1,"I am happy with the outcome of my bets with winning 4 times out of the 24, which I consider fairly good all things considered.",52,About once a month,NA,White,Male,Non-Hispanic
P0090,20,1.1799999999999995,4,28,Banner,Lost,1,nonhot_win_number,Chose Hot,5,5,NA,1,"I am happy with the outcome of my bets with winning 4 times out of the 24, which I consider fairly good all things considered.",52,About once a month,NA,White,Male,Non-Hispanic
P0090,21,1.1699999999999997,21,32,No Banner,Lost,0,NA,Chose Non-Hot,5,5,NA,1,"I am happy with the outcome of my bets with winning 4 times out of the 24, which I consider fairly good all things considered.",52,About once a month,NA,White,Male,Non-Hispanic
P0090,22,1.5199999999999996,11,11,No Banner,Won,0,NA,Chose Non-Hot,0,NA,NA,1,"I am happy with the outcome of my bets with winning 4 times out of the 24, which I consider fairly good all things considered.",52,About once a month,NA,White,Male,Non-Hispanic
P0090,23,1.5099999999999996,5,13,Banner,Lost,1,nonhot_win_number,Chose Hot,4,4,NA,1,"I am happy with the outcome of my bets with winning 4 times out of the 24, which I consider fairly good all things considered.",52,About once a month,NA,White,Male,Non-Hispanic
P0090,24,1.4999999999999996,21,22,No Banner,Lost,0,NA,Chose Non-Hot,4,4,NA,1,"I am happy with the outcome of my bets with winning 4 times out of the 24, which I consider fairly good all things considered.",52,About once a month,NA,White,Male,Non-Hispanic
P0092,1,0.29,1,5,No Banner,Lost,0,NA,Chose Non-Hot,0,0,NA,2,I do not understand the appeal of this game.,62,Never,NA,White,Male,
P0092,2,0.27999999999999997,2,7,No Banner,Lost,0,NA,Chose Non-Hot,0,0,NA,2,I do not understand the appeal of this game.,62,Never,NA,White,Male,
P0092,3,0.26999999999999996,3,29,Banner,Lost,8,hot_win_number,Chose Non-Hot,0,0,0,2,I do not understand the appeal of this game.,62,Never,NA,White,Male,
P0092,4,0.25999999999999995,7,17,Banner,Lost,16,hot_win_number,Chose Hot,0,0,0,2,I do not understand the appeal of this game.,62,Never,NA,White,Male,
P0092,5,0.24999999999999992,8,29,Banner,Lost,16,nonhot_win_number,Chose Hot,0,0,0,2,I do not understand the appeal of this game.,62,Never,NA,White,Male,
P0092,6,0.5999999999999999,11,11,No Banner,Won,0,NA,Chose Non-Hot,0,NA,NA,2,I do not understand the appeal of this game.,62,Never,NA,White,Male,
P0092,7,0.5899999999999999,10,17,Banner,Lost,1,nonhot_win_number,Chose Non-Hot,0,0,0,2,I do not understand the appeal of this game.,62,Never,NA,White,Male,
P0092,8,0.5799999999999998,18,28,Banner,Lost,2,hot_win_number,Chose Non-Hot,0,0,0,2,I do not understand the appeal of this game.,62,Never,NA,White,Male,
P0092,9,0.5699999999999998,22,36,No Banner,Lost,0,NA,Chose Non-Hot,0,0,NA,2,I do not understand the appeal of this game.,62,Never,NA,White,Male,
P0092,10,0.5599999999999998,24,5,No Banner,Lost,0,NA,Chose Non-Hot,0,0,NA,2,I do not understand the appeal of this game.,62,Never,NA,White,Male,
P0092,11,0.9099999999999998,21,21,No Banner,Won,0,NA,Chose Non-Hot,0,NA,NA,2,I do not understand the appeal of this game.,62,Never,NA,White,Male,
P0092,12,0.8999999999999998,28,2,No Banner,Lost,0,NA,Chose Non-Hot,0,0,NA,2,I do not understand the appeal of this game.,62,Never,NA,White,Male,
P0092,13,0.8899999999999998,11,35,Banner,Lost,2,nonhot_win_number,Chose Non-Hot,0,0,0,2,I do not understand the appeal of this game.,62,Never,NA,White,Male,
P0092,14,0.8799999999999998,11,28,Banner,Lost,3,hot_win_number,Chose Hot,0,0,0,2,I do not understand the appeal of this game.,62,Never,NA,White,Male,
P0092,15,1.2299999999999998,28,28,No Banner,Won,0,NA,Chose Non-Hot,0,NA,NA,2,I do not understand the appeal of this game.,62,Never,NA,White,Male,
P0092,16,1.2199999999999998,16,12,No Banner,Lost,0,NA,Chose Non-Hot,0,0,NA,2,I do not understand the appeal of this game.,62,Never,NA,White,Male,
P0092,17,1.2099999999999995,15,6,No Banner,Lost,0,NA,Chose Non-Hot,0,0,NA,2,I do not understand the appeal of this game.,62,Never,NA,White,Male,
P0092,18,1.1999999999999995,19,26,No Banner,Lost,0,NA,Chose Non-Hot,0,0,NA,2,I do not understand the appeal of this game.,62,Never,NA,White,Male,
P0092,19,1.1899999999999995,30,36,No Banner,Lost,0,NA,Chose Non-Hot,0,0,NA,2,I do not understand the appeal of this game.,62,Never,NA,White,Male,
P0092,20,1.1799999999999995,9,20,Banner,Lost,1,nonhot_win_number,Chose Non-Hot,0,0,0,2,I do not understand the appeal of this game.,62,Never,NA,White,Male,
P0092,21,1.1699999999999997,16,25,Banner,Lost,8,nonhot_win_number,Chose Non-Hot,0,0,0,2,I do not understand the appeal of this game.,62,Never,NA,White,Male,
P0092,22,1.1599999999999997,20,26,No Banner,Lost,0,NA,Chose Non-Hot,0,0,NA,2,I do not understand the appeal of this game.,62,Never,NA,White,Male,
P0092,23,1.1499999999999997,17,6,Banner,Lost,3,nonhot_win_number,Chose Non-Hot,0,0,0,2,I do not understand the appeal of this game.,62,Never,NA,White,Male,
P0092,24,1.4999999999999996,8,8,No Banner,Won,0,NA,Chose Non-Hot,0,NA,NA,2,I do not understand the appeal of this game.,62,Never,NA,White,Male,
P0093,1,0.29,15,29,Banner,Lost,1,nonhot_win_number,Chose Non-Hot,1,0,6,2,I enjoyed this,36,About once a week,NA,White,Male,Non-Hispanic
P0093,2,0.27999999999999997,11,23,No Banner,Lost,0,NA,Chose Non-Hot,0,6,NA,2,I enjoyed this,36,About once a week,NA,White,Male,Non-Hispanic
P0093,3,0.26999999999999996,5,25,No Banner,Lost,0,NA,Chose Non-Hot,1,2,NA,2,I enjoyed this,36,About once a week,NA,White,Male,Non-Hispanic
P0093,4,0.6199999999999999,29,29,No Banner,Won,0,NA,Chose Non-Hot,0,NA,NA,2,I enjoyed this,36,About once a week,NA,White,Male,Non-Hispanic
P0093,5,0.6099999999999999,28,16,Banner,Lost,2,nonhot_win_number,Chose Non-Hot,2,3,0,2,I enjoyed this,36,About once a week,NA,White,Male,Non-Hispanic
P0093,6,0.5999999999999999,20,3,No Banner,Lost,0,NA,Chose Non-Hot,0,0,NA,2,I enjoyed this,36,About once a week,NA,White,Male,Non-Hispanic
P0093,7,0.5899999999999999,16,14,Banner,Lost,8,hot_win_number,Chose Hot,3,8,0,2,I enjoyed this,36,About once a week,NA,White,Male,Non-Hispanic
P0093,8,0.5799999999999998,4,28,Banner,Lost,1,nonhot_win_number,Chose Non-Hot,0,1,0,2,I enjoyed this,36,About once a week,NA,White,Male,Non-Hispanic
P0093,9,0.5699999999999998,23,22,Banner,Lost,8,nonhot_win_number,Chose Hot,1,3,0,2,I enjoyed this,36,About once a week,NA,White,Male,Non-Hispanic
P0093,10,0.5599999999999998,21,8,No Banner,Lost,0,NA,Chose Non-Hot,0,13,NA,2,I enjoyed this,36,About once a week,NA,White,Male,Non-Hispanic
P0093,11,0.5499999999999998,9,8,No Banner,Lost,0,NA,Chose Non-Hot,1,4,NA,2,I enjoyed this,36,About once a week,NA,White,Male,Non-Hispanic
P0093,12,0.8999999999999998,17,17,No Banner,Won,0,NA,Chose Non-Hot,0,NA,NA,2,I enjoyed this,36,About once a week,NA,White,Male,Non-Hispanic
P0093,13,0.8899999999999998,22,14,No Banner,Lost,0,NA,Chose Non-Hot,4,3,NA,2,I enjoyed this,36,About once a week,NA,White,Male,Non-Hispanic
P0093,14,0.8799999999999998,28,27,Banner,Lost,2,hot_win_number,Chose Non-Hot,3,12,0,2,I enjoyed this,36,About once a week,NA,White,Male,Non-Hispanic
P0093,15,0.8699999999999998,22,8,Banner,Lost,16,hot_win_number,Chose Non-Hot,0,4,0,2,I enjoyed this,36,About once a week,NA,White,Male,Non-Hispanic
P0093,16,0.8599999999999998,27,18,No Banner,Lost,0,NA,Chose Non-Hot,15,18,NA,2,I enjoyed this,36,About once a week,NA,White,Male,Non-Hispanic
P0093,17,1.2099999999999995,28,28,No Banner,Won,0,NA,Chose Non-Hot,0,NA,NA,2,I enjoyed this,36,About once a week,NA,White,Male,Non-Hispanic
P0093,18,1.1999999999999995,24,33,No Banner,Lost,0,NA,Chose Non-Hot,5,4,NA,2,I enjoyed this,36,About once a week,NA,White,Male,Non-Hispanic
P0093,19,1.1899999999999995,20,21,No Banner,Lost,0,NA,Chose Non-Hot,0,11,NA,2,I enjoyed this,36,About once a week,NA,White,Male,Non-Hispanic
P0093,20,1.1799999999999995,21,1,Banner,Lost,3,hot_win_number,Chose Non-Hot,3,11,0,2,I enjoyed this,36,About once a week,NA,White,Male,Non-Hispanic
P0093,21,1.1699999999999997,14,13,Banner,Lost,3,nonhot_win_number,Chose Non-Hot,0,12,0,2,I enjoyed this,36,About once a week,NA,White,Male,Non-Hispanic
P0093,22,1.5199999999999996,15,15,No Banner,Won,0,NA,Chose Non-Hot,0,NA,NA,2,I enjoyed this,36,About once a week,NA,White,Male,Non-Hispanic
P0093,23,1.5099999999999996,27,10,No Banner,Lost,0,NA,Chose Non-Hot,4,12,NA,2,I enjoyed this,36,About once a week,NA,White,Male,Non-Hispanic
P0093,24,1.4999999999999996,28,5,Banner,Lost,16,nonhot_win_number,Chose Hot,6,12,0,2,I enjoyed this,36,About once a week,NA,White,Male,Non-Hispanic
P0096,1,-0.01,16,2,Banner,Lost,8,nonhot_win_number,Chose Hot,31,58,NA,1,"I bet I never got any of them right. I mean, maybe 3 times I found the emerald, but I don't think I *actually* did. The odds are so small. ",48,Never,NA,White,Female,Non-Hispanic
P0096,2,-0.02,1,3,Banner,Lost,1,nonhot_win_number,Chose Hot,83,34,NA,1,"I bet I never got any of them right. I mean, maybe 3 times I found the emerald, but I don't think I *actually* did. The odds are so small. ",48,Never,NA,White,Female,Non-Hispanic
P0096,3,-0.03,21,4,No Banner,Lost,0,NA,Chose Non-Hot,27,11,NA,1,"I bet I never got any of them right. I mean, maybe 3 times I found the emerald, but I don't think I *actually* did. The odds are so small. ",48,Never,NA,White,Female,Non-Hispanic
P0096,4,0.31999999999999995,23,23,No Banner,Won,0,NA,Chose Non-Hot,0,NA,NA,1,"I bet I never got any of them right. I mean, maybe 3 times I found the emerald, but I don't think I *actually* did. The odds are so small. ",48,Never,NA,White,Female,Non-Hispanic
P0096,5,0.30999999999999994,19,15,No Banner,Lost,0,NA,Chose Non-Hot,46,65,NA,1,"I bet I never got any of them right. I mean, maybe 3 times I found the emerald, but I don't think I *actually* did. The odds are so small. ",48,Never,NA,White,Female,Non-Hispanic
P0096,6,0.29999999999999993,12,23,No Banner,Lost,0,NA,Chose Non-Hot,27,72,NA,1,"I bet I never got any of them right. I mean, maybe 3 times I found the emerald, but I don't think I *actually* did. The odds are so small. ",48,Never,NA,White,Female,Non-Hispanic
P0096,7,0.2899999999999999,3,2,No Banner,Lost,0,NA,Chose Non-Hot,76,87,NA,1,"I bet I never got any of them right. I mean, maybe 3 times I found the emerald, but I don't think I *actually* did. The odds are so small. ",48,Never,NA,White,Female,Non-Hispanic
P0096,8,0.2799999999999999,26,15,Banner,Lost,2,hot_win_number,Chose Non-Hot,40,57,NA,1,"I bet I never got any of them right. I mean, maybe 3 times I found the emerald, but I don't think I *actually* did. The odds are so small. ",48,Never,NA,White,Female,Non-Hispanic
P0096,9,0.6299999999999999,24,24,No Banner,Won,0,NA,Chose Non-Hot,0,NA,NA,1,"I bet I never got any of them right. I mean, maybe 3 times I found the emerald, but I don't think I *actually* did. The odds are so small. ",48,Never,NA,White,Female,Non-Hispanic
P0096,10,0.6199999999999999,18,8,Banner,Lost,2,nonhot_win_number,Chose Hot,11,37,NA,1,"I bet I never got any of them right. I mean, maybe 3 times I found the emerald, but I don't think I *actually* did. The odds are so small. ",48,Never,NA,White,Female,Non-Hispanic
P0096,11,0.6099999999999999,4,20,No Banner,Lost,0,NA,Chose Non-Hot,27,45,NA,1,"I bet I never got any of them right. I mean, maybe 3 times I found the emerald, but I don't think I *actually* did. The odds are so small. ",48,Never,NA,White,Female,Non-Hispanic
P0096,12,0.5999999999999999,17,6,Banner,Lost,8,hot_win_number,Chose Non-Hot,70,37,NA,1,"I bet I never got any of them right. I mean, maybe 3 times I found the emerald, but I don't think I *actually* did. The odds are so small. ",48,Never,NA,White,Female,Non-Hispanic
P0096,13,0.5899999999999999,26,21,No Banner,Lost,0,NA,Chose Non-Hot,58,33,NA,1,"I bet I never got any of them right. I mean, maybe 3 times I found the emerald, but I don't think I *actually* did. The odds are so small. ",48,Never,NA,White,Female,Non-Hispanic
P0096,14,0.5799999999999998,27,9,Banner,Lost,1,nonhot_win_number,Chose Non-Hot,52,49,NA,1,"I bet I never got any of them right. I mean, maybe 3 times I found the emerald, but I don't think I *actually* did. The odds are so small. ",48,Never,NA,White,Female,Non-Hispanic
P0096,15,0.5699999999999998,1,21,Banner,Lost,3,nonhot_win_number,Chose Non-Hot,52,44,NA,1,"I bet I never got any of them right. I mean, maybe 3 times I found the emerald, but I don't think I *actually* did. The odds are so small. ",48,Never,NA,White,Female,Non-Hispanic
P0096,16,0.5599999999999998,34,19,No Banner,Lost,0,NA,Chose Non-Hot,18,32,NA,1,"I bet I never got any of them right. I mean, maybe 3 times I found the emerald, but I don't think I *actually* did. The odds are so small. ",48,Never,NA,White,Female,Non-Hispanic
P0096,17,0.5499999999999998,20,31,No Banner,Lost,0,NA,Chose Non-Hot,52,65,NA,1,"I bet I never got any of them right. I mean, maybe 3 times I found the emerald, but I don't think I *actually* did. The odds are so small. ",48,Never,NA,White,Female,Non-Hispanic
P0096,18,0.8999999999999998,30,30,No Banner,Won,0,NA,Chose Non-Hot,0,NA,NA,1,"I bet I never got any of them right. I mean, maybe 3 times I found the emerald, but I don't think I *actually* did. The odds are so small. ",48,Never,NA,White,Female,Non-Hispanic
P0096,19,0.8899999999999998,15,3,No Banner,Lost,0,NA,Chose Non-Hot,35,42,NA,1,"I bet I never got any of them right. I mean, maybe 3 times I found the emerald, but I don't think I *actually* did. The odds are so small. ",48,Never,NA,White,Female,Non-Hispanic
P0096,20,0.8799999999999998,15,13,Banner,Lost,16,nonhot_win_number,Chose Hot,74,39,NA,1,"I bet I never got any of them right. I mean, maybe 3 times I found the emerald, but I don't think I *actually* did. The odds are so small. ",48,Never,NA,White,Female,Non-Hispanic
P0096,21,1.2299999999999998,10,10,No Banner,Won,0,NA,Chose Non-Hot,0,NA,NA,1,"I bet I never got any of them right. I mean, maybe 3 times I found the emerald, but I don't think I *actually* did. The odds are so small. ",48,Never,NA,White,Female,Non-Hispanic
P0096,22,1.2199999999999998,21,20,No Banner,Lost,0,NA,Chose Non-Hot,83,94,NA,1,"I bet I never got any of them right. I mean, maybe 3 times I found the emerald, but I don't think I *actually* did. The odds are so small. ",48,Never,NA,White,Female,Non-Hispanic
P0096,23,1.2099999999999995,24,7,Banner,Lost,3,hot_win_number,Chose Hot,89,99,NA,1,"I bet I never got any of them right. I mean, maybe 3 times I found the emerald, but I don't think I *actually* did. The odds are so small. ",48,Never,NA,White,Female,Non-Hispanic
P0096,24,1.1999999999999995,3,24,Banner,Lost,16,hot_win_number,Chose Hot,52,61,NA,1,"I bet I never got any of them right. I mean, maybe 3 times I found the emerald, but I don't think I *actually* did. The odds are so small. ",48,Never,NA,White,Female,Non-Hispanic
P0100,1,0.29,26,36,Banner,Lost,3,hot_win_number,Chose Hot,0,10,0,3,no feedback. ,42,A few times,NA,White,Male,Non-Hispanic
P0100,2,0.27999999999999997,26,20,Banner,Lost,16,nonhot_win_number,Chose Hot,0,10,0,3,no feedback. ,42,A few times,NA,White,Male,Non-Hispanic
P0100,3,0.6299999999999999,10,10,No Banner,Won,0,NA,Chose Non-Hot,0,NA,NA,3,no feedback. ,42,A few times,NA,White,Male,Non-Hispanic
P0100,4,0.6199999999999999,25,6,Banner,Lost,1,nonhot_win_number,Chose Hot,10,20,NA,3,no feedback. ,42,A few times,NA,White,Male,Non-Hispanic
P0100,5,0.6099999999999999,14,6,Banner,Lost,2,hot_win_number,Chose Hot,20,30,NA,3,no feedback. ,42,A few times,NA,White,Male,Non-Hispanic
P0100,6,0.5999999999999999,22,9,No Banner,Lost,0,NA,Chose Non-Hot,10,30,NA,3,no feedback. ,42,A few times,NA,White,Male,Non-Hispanic
P0100,7,0.5899999999999999,11,32,No Banner,Lost,0,NA,Chose Non-Hot,0,20,NA,3,no feedback. ,42,A few times,NA,White,Male,Non-Hispanic
P0100,8,0.5799999999999998,11,10,No Banner,Lost,0,NA,Chose Non-Hot,0,10,NA,3,no feedback. ,42,A few times,NA,White,Male,Non-Hispanic
P0100,9,0.5699999999999998,10,27,No Banner,Lost,0,NA,Chose Non-Hot,0,24,NA,3,no feedback. ,42,A few times,NA,White,Male,Non-Hispanic
P0100,10,0.9199999999999998,10,10,No Banner,Won,0,NA,Chose Non-Hot,0,NA,NA,3,no feedback. ,42,A few times,NA,White,Male,Non-Hispanic
P0100,11,0.9099999999999998,10,3,No Banner,Lost,0,NA,Chose Non-Hot,0,20,NA,3,no feedback. ,42,A few times,NA,White,Male,Non-Hispanic
P0100,12,0.8999999999999998,10,4,No Banner,Lost,0,NA,Chose Non-Hot,0,10,NA,3,no feedback. ,42,A few times,NA,White,Male,Non-Hispanic
P0100,13,0.8899999999999998,10,35,No Banner,Lost,0,NA,Chose Non-Hot,0,20,NA,3,no feedback. ,42,A few times,NA,White,Male,Non-Hispanic
P0100,14,0.8799999999999998,10,25,Banner,Lost,3,nonhot_win_number,Chose Hot,0,20,0,3,no feedback. ,42,A few times,NA,White,Male,Non-Hispanic
P0100,15,0.8699999999999998,10,32,Banner,Lost,2,nonhot_win_number,Chose Non-Hot,0,19,0,3,no feedback. ,42,A few times,NA,White,Male,Non-Hispanic
P0100,16,0.8599999999999998,10,4,No Banner,Lost,0,NA,Chose Non-Hot,0,20,NA,3,no feedback. ,42,A few times,NA,White,Male,Non-Hispanic
P0100,17,0.8499999999999998,10,25,Banner,Lost,16,hot_win_number,Chose Hot,0,20,0,3,no feedback. ,42,A few times,NA,White,Male,Non-Hispanic
P0100,18,1.1999999999999995,10,10,No Banner,Won,0,NA,Chose Non-Hot,0,NA,NA,3,no feedback. ,42,A few times,NA,White,Male,Non-Hispanic
P0100,19,1.1899999999999995,10,18,Banner,Lost,8,hot_win_number,Chose Hot,0,20,0,3,no feedback. ,42,A few times,NA,White,Male,Non-Hispanic
P0100,20,1.1799999999999995,10,36,Banner,Lost,8,nonhot_win_number,Chose Hot,0,20,0,3,no feedback. ,42,A few times,NA,White,Male,Non-Hispanic
P0100,21,1.1699999999999997,10,26,Banner,Lost,1,nonhot_win_number,Chose Non-Hot,0,20,0,3,no feedback. ,42,A few times,NA,White,Male,Non-Hispanic
P0100,22,1.5199999999999996,10,10,No Banner,Won,0,NA,Chose Non-Hot,0,NA,NA,3,no feedback. ,42,A few times,NA,White,Male,Non-Hispanic
P0100,23,1.5099999999999996,10,26,No Banner,Lost,0,NA,Chose Non-Hot,0,19,NA,3,no feedback. ,42,A few times,NA,White,Male,Non-Hispanic
P0100,24,1.4999999999999996,10,9,No Banner,Lost,0,NA,Chose Non-Hot,0,21,NA,3,no feedback. ,42,A few times,NA,White,Male,Non-Hispanic
P0101,1,0.29,31,15,Banner,Lost,2,nonhot_win_number,Chose Hot,100,50,0,2,"The only feedback that I have is that, for some reason, I had to re-read the questions about regretting the number and not regretting the number. I felt unsure about my responses; if this makes sense, I cannot explain why I felt this way.  ",48,A few times,NA,Multiracial/Mixed,Female,Non-Hispanic
P0101,2,0.27999999999999997,15,31,Banner,Lost,3,hot_win_number,Chose Hot,100,100,0,2,"The only feedback that I have is that, for some reason, I had to re-read the questions about regretting the number and not regretting the number. I felt unsure about my responses; if this makes sense, I cannot explain why I felt this way.  ",48,A few times,NA,Multiracial/Mixed,Female,Non-Hispanic
P0101,3,0.6299999999999999,20,20,No Banner,Won,0,NA,Chose Non-Hot,0,NA,NA,2,"The only feedback that I have is that, for some reason, I had to re-read the questions about regretting the number and not regretting the number. I felt unsure about my responses; if this makes sense, I cannot explain why I felt this way.  ",48,A few times,NA,Multiracial/Mixed,Female,Non-Hispanic
P0101,4,0.6199999999999999,23,22,No Banner,Lost,0,NA,Chose Non-Hot,0,0,NA,2,"The only feedback that I have is that, for some reason, I had to re-read the questions about regretting the number and not regretting the number. I felt unsure about my responses; if this makes sense, I cannot explain why I felt this way.  ",48,A few times,NA,Multiracial/Mixed,Female,Non-Hispanic
P0101,5,0.6099999999999999,6,15,Banner,Lost,1,nonhot_win_number,Chose Non-Hot,100,100,0,2,"The only feedback that I have is that, for some reason, I had to re-read the questions about regretting the number and not regretting the number. I felt unsure about my responses; if this makes sense, I cannot explain why I felt this way.  ",48,A few times,NA,Multiracial/Mixed,Female,Non-Hispanic
P0101,6,0.5999999999999999,12,33,Banner,Lost,16,nonhot_win_number,Chose Hot,100,100,0,2,"The only feedback that I have is that, for some reason, I had to re-read the questions about regretting the number and not regretting the number. I felt unsure about my responses; if this makes sense, I cannot explain why I felt this way.  ",48,A few times,NA,Multiracial/Mixed,Female,Non-Hispanic
P0101,7,0.5899999999999999,33,34,No Banner,Lost,0,NA,Chose Non-Hot,100,100,NA,2,"The only feedback that I have is that, for some reason, I had to re-read the questions about regretting the number and not regretting the number. I felt unsure about my responses; if this makes sense, I cannot explain why I felt this way.  ",48,A few times,NA,Multiracial/Mixed,Female,Non-Hispanic
P0101,8,0.5799999999999998,5,6,No Banner,Lost,0,NA,Chose Non-Hot,100,100,NA,2,"The only feedback that I have is that, for some reason, I had to re-read the questions about regretting the number and not regretting the number. I felt unsure about my responses; if this makes sense, I cannot explain why I felt this way.  ",48,A few times,NA,Multiracial/Mixed,Female,Non-Hispanic
P0101,9,0.5699999999999998,11,8,Banner,Lost,8,hot_win_number,Chose Hot,100,100,0,2,"The only feedback that I have is that, for some reason, I had to re-read the questions about regretting the number and not regretting the number. I felt unsure about my responses; if this makes sense, I cannot explain why I felt this way.  ",48,A few times,NA,Multiracial/Mixed,Female,Non-Hispanic
P0101,10,0.9199999999999998,21,21,No Banner,Won,0,NA,Chose Non-Hot,100,NA,NA,2,"The only feedback that I have is that, for some reason, I had to re-read the questions about regretting the number and not regretting the number. I felt unsure about my responses; if this makes sense, I cannot explain why I felt this way.  ",48,A few times,NA,Multiracial/Mixed,Female,Non-Hispanic
P0101,11,0.9099999999999998,17,16,No Banner,Lost,0,NA,Chose Non-Hot,100,100,NA,2,"The only feedback that I have is that, for some reason, I had to re-read the questions about regretting the number and not regretting the number. I felt unsure about my responses; if this makes sense, I cannot explain why I felt this way.  ",48,A few times,NA,Multiracial/Mixed,Female,Non-Hispanic
P0101,12,0.8999999999999998,36,30,No Banner,Lost,0,NA,Chose Non-Hot,100,100,NA,2,"The only feedback that I have is that, for some reason, I had to re-read the questions about regretting the number and not regretting the number. I felt unsure about my responses; if this makes sense, I cannot explain why I felt this way.  ",48,A few times,NA,Multiracial/Mixed,Female,Non-Hispanic
P0101,13,0.8899999999999998,29,9,Banner,Lost,16,hot_win_number,Chose Hot,100,100,0,2,"The only feedback that I have is that, for some reason, I had to re-read the questions about regretting the number and not regretting the number. I felt unsure about my responses; if this makes sense, I cannot explain why I felt this way.  ",48,A few times,NA,Multiracial/Mixed,Female,Non-Hispanic
P0101,14,0.8799999999999998,30,6,No Banner,Lost,0,NA,Chose Non-Hot,100,100,NA,2,"The only feedback that I have is that, for some reason, I had to re-read the questions about regretting the number and not regretting the number. I felt unsure about my responses; if this makes sense, I cannot explain why I felt this way.  ",48,A few times,NA,Multiracial/Mixed,Female,Non-Hispanic
P0101,15,0.8699999999999998,8,28,Banner,Lost,2,hot_win_number,Chose Non-Hot,100,100,0,2,"The only feedback that I have is that, for some reason, I had to re-read the questions about regretting the number and not regretting the number. I felt unsure about my responses; if this makes sense, I cannot explain why I felt this way.  ",48,A few times,NA,Multiracial/Mixed,Female,Non-Hispanic
P0101,16,1.2199999999999998,27,27,No Banner,Won,0,NA,Chose Non-Hot,0,NA,NA,2,"The only feedback that I have is that, for some reason, I had to re-read the questions about regretting the number and not regretting the number. I felt unsure about my responses; if this makes sense, I cannot explain why I felt this way.  ",48,A few times,NA,Multiracial/Mixed,Female,Non-Hispanic
P0101,17,1.2099999999999995,26,16,Banner,Lost,1,nonhot_win_number,Chose Hot,100,100,NA,2,"The only feedback that I have is that, for some reason, I had to re-read the questions about regretting the number and not regretting the number. I felt unsure about my responses; if this makes sense, I cannot explain why I felt this way.  ",48,A few times,NA,Multiracial/Mixed,Female,Non-Hispanic
P0101,18,1.1999999999999995,1,8,Banner,Lost,3,nonhot_win_number,Chose Hot,100,100,0,2,"The only feedback that I have is that, for some reason, I had to re-read the questions about regretting the number and not regretting the number. I felt unsure about my responses; if this makes sense, I cannot explain why I felt this way.  ",48,A few times,NA,Multiracial/Mixed,Female,Non-Hispanic
P0101,19,1.1899999999999995,10,20,No Banner,Lost,0,NA,Chose Non-Hot,100,100,NA,2,"The only feedback that I have is that, for some reason, I had to re-read the questions about regretting the number and not regretting the number. I felt unsure about my responses; if this makes sense, I cannot explain why I felt this way.  ",48,A few times,NA,Multiracial/Mixed,Female,Non-Hispanic
P0101,20,1.1799999999999995,18,14,No Banner,Lost,0,NA,Chose Non-Hot,100,50,NA,2,"The only feedback that I have is that, for some reason, I had to re-read the questions about regretting the number and not regretting the number. I felt unsure about my responses; if this makes sense, I cannot explain why I felt this way.  ",48,A few times,NA,Multiracial/Mixed,Female,Non-Hispanic
P0101,21,1.1699999999999997,26,21,No Banner,Lost,0,NA,Chose Non-Hot,100,81,NA,2,"The only feedback that I have is that, for some reason, I had to re-read the questions about regretting the number and not regretting the number. I felt unsure about my responses; if this makes sense, I cannot explain why I felt this way.  ",48,A few times,NA,Multiracial/Mixed,Female,Non-Hispanic
P0101,22,1.1599999999999997,24,19,Banner,Lost,8,nonhot_win_number,Chose Non-Hot,100,100,0,2,"The only feedback that I have is that, for some reason, I had to re-read the questions about regretting the number and not regretting the number. I felt unsure about my responses; if this makes sense, I cannot explain why I felt this way.  ",48,A few times,NA,Multiracial/Mixed,Female,Non-Hispanic
P0101,23,1.1499999999999997,8,36,No Banner,Lost,0,NA,Chose Non-Hot,80,50,NA,2,"The only feedback that I have is that, for some reason, I had to re-read the questions about regretting the number and not regretting the number. I felt unsure about my responses; if this makes sense, I cannot explain why I felt this way.  ",48,A few times,NA,Multiracial/Mixed,Female,Non-Hispanic
P0101,24,1.4999999999999996,17,17,No Banner,Won,0,NA,Chose Non-Hot,0,NA,NA,2,"The only feedback that I have is that, for some reason, I had to re-read the questions about regretting the number and not regretting the number. I felt unsure about my responses; if this makes sense, I cannot explain why I felt this way.  ",48,A few times,NA,Multiracial/Mixed,Female,Non-Hispanic
P0108,1,0.29,20,21,Banner,Lost,8,nonhot_win_number,Chose Non-Hot,39,83,0,1,It was a fun game to play,39,A few times,NA,White,Female,Non-Hispanic
P0108,2,0.27999999999999997,21,23,No Banner,Lost,0,NA,Chose Non-Hot,23,42,NA,1,It was a fun game to play,39,A few times,NA,White,Female,Non-Hispanic
P0108,3,0.26999999999999996,19,1,No Banner,Lost,0,NA,Chose Non-Hot,20,73,NA,1,It was a fun game to play,39,A few times,NA,White,Female,Non-Hispanic
P0108,4,0.6199999999999999,27,27,No Banner,Won,0,NA,Chose Non-Hot,0,NA,NA,1,It was a fun game to play,39,A few times,NA,White,Female,Non-Hispanic
P0108,5,0.6099999999999999,19,28,No Banner,Lost,0,NA,Chose Non-Hot,22,48,NA,1,It was a fun game to play,39,A few times,NA,White,Female,Non-Hispanic
P0108,6,0.5999999999999999,19,15,No Banner,Lost,0,NA,Chose Non-Hot,22,74,NA,1,It was a fun game to play,39,A few times,NA,White,Female,Non-Hispanic
P0108,7,0.5899999999999999,17,24,Banner,Lost,16,hot_win_number,Chose Hot,44,50,0,1,It was a fun game to play,39,A few times,NA,White,Female,Non-Hispanic
P0108,8,0.5799999999999998,27,29,No Banner,Lost,0,NA,Chose Non-Hot,22,53,NA,1,It was a fun game to play,39,A few times,NA,White,Female,Non-Hispanic
P0108,9,0.5699999999999998,3,28,Banner,Lost,2,hot_win_number,Chose Hot,42,65,NA,1,It was a fun game to play,39,A few times,NA,White,Female,Non-Hispanic
P0108,10,0.5599999999999998,13,34,Banner,Lost,1,nonhot_win_number,Chose Non-Hot,16,52,0,1,It was a fun game to play,39,A few times,NA,White,Female,Non-Hispanic
P0108,11,0.5499999999999998,13,5,Banner,Lost,3,hot_win_number,Chose Hot,41,61,0,1,It was a fun game to play,39,A few times,NA,White,Female,Non-Hispanic
P0108,12,0.8999999999999998,12,12,No Banner,Won,0,NA,Chose Non-Hot,0,NA,NA,1,It was a fun game to play,39,A few times,NA,White,Female,Non-Hispanic
P0108,13,0.8899999999999998,1,15,No Banner,Lost,0,NA,Chose Non-Hot,26,56,NA,1,It was a fun game to play,39,A few times,NA,White,Female,Non-Hispanic
P0108,14,0.8799999999999998,30,10,Banner,Lost,1,nonhot_win_number,Chose Non-Hot,12,39,0,1,It was a fun game to play,39,A few times,NA,White,Female,Non-Hispanic
P0108,15,0.8699999999999998,34,33,No Banner,Lost,0,NA,Chose Non-Hot,29,55,NA,1,It was a fun game to play,39,A few times,NA,White,Female,Non-Hispanic
P0108,16,0.8599999999999998,13,20,No Banner,Lost,0,NA,Chose Non-Hot,29,63,NA,1,It was a fun game to play,39,A few times,NA,White,Female,Non-Hispanic
P0108,17,0.8499999999999998,19,1,Banner,Lost,2,nonhot_win_number,Chose Non-Hot,18,44,0,1,It was a fun game to play,39,A few times,NA,White,Female,Non-Hispanic
P0108,18,1.1999999999999995,30,30,No Banner,Won,0,NA,Chose Non-Hot,0,NA,NA,1,It was a fun game to play,39,A few times,NA,White,Female,Non-Hispanic
P0108,19,1.1899999999999995,13,35,No Banner,Lost,0,NA,Chose Non-Hot,19,50,NA,1,It was a fun game to play,39,A few times,NA,White,Female,Non-Hispanic
P0108,20,1.1799999999999995,27,28,No Banner,Lost,0,NA,Chose Non-Hot,20,33,NA,1,It was a fun game to play,39,A few times,NA,White,Female,Non-Hispanic
P0108,21,1.1699999999999997,13,7,Banner,Lost,3,nonhot_win_number,Chose Hot,6,40,0,1,It was a fun game to play,39,A few times,NA,White,Female,Non-Hispanic
P0108,22,1.5199999999999996,15,15,No Banner,Won,0,NA,Chose Non-Hot,0,NA,NA,1,It was a fun game to play,39,A few times,NA,White,Female,Non-Hispanic
P0108,23,1.5099999999999996,1,10,Banner,Lost,8,hot_win_number,Chose Non-Hot,10,41,0,1,It was a fun game to play,39,A few times,NA,White,Female,Non-Hispanic
P0108,24,1.4999999999999996,12,5,Banner,Lost,16,nonhot_win_number,Chose Hot,19,12,0,1,It was a fun game to play,39,A few times,NA,White,Female,Non-Hispanic
P0113,1,0.29,7,2,No Banner,Lost,0,NA,Chose Non-Hot,0,0,NA,4,"Great experiment, thank you.",31,About once a month,NA,White,Male,Hispanic
P0113,2,0.27999999999999997,21,12,Banner,Lost,3,hot_win_number,Chose Hot,0,0,0,4,"Great experiment, thank you.",31,About once a month,NA,White,Male,Hispanic
P0113,3,0.26999999999999996,7,29,No Banner,Lost,0,NA,Chose Non-Hot,0,0,NA,4,"Great experiment, thank you.",31,About once a month,NA,White,Male,Hispanic
P0113,4,0.25999999999999995,23,3,Banner,Lost,3,nonhot_win_number,Chose Non-Hot,0,0,0,4,"Great experiment, thank you.",31,About once a month,NA,White,Male,Hispanic
P0113,5,0.6099999999999999,16,16,No Banner,Won,0,NA,Chose Non-Hot,0,NA,NA,4,"Great experiment, thank you.",31,About once a month,NA,White,Male,Hispanic
P0113,6,0.5999999999999999,7,18,No Banner,Lost,0,NA,Chose Non-Hot,0,0,NA,4,"Great experiment, thank you.",31,About once a month,NA,White,Male,Hispanic
P0113,7,0.5899999999999999,23,12,No Banner,Lost,0,NA,Chose Non-Hot,0,0,NA,4,"Great experiment, thank you.",31,About once a month,NA,White,Male,Hispanic
P0113,8,0.5799999999999998,35,31,Banner,Lost,1,nonhot_win_number,Chose Non-Hot,0,0,0,4,"Great experiment, thank you.",31,About once a month,NA,White,Male,Hispanic
P0113,9,0.5699999999999998,27,1,No Banner,Lost,0,NA,Chose Non-Hot,0,0,NA,4,"Great experiment, thank you.",31,About once a month,NA,White,Male,Hispanic
P0113,10,0.5599999999999998,23,3,Banner,Lost,16,hot_win_number,Chose Hot,0,0,0,4,"Great experiment, thank you.",31,About once a month,NA,White,Male,Hispanic
P0113,11,0.9099999999999998,7,7,No Banner,Won,0,NA,Chose Non-Hot,0,NA,NA,4,"Great experiment, thank you.",31,About once a month,NA,White,Male,Hispanic
P0113,12,0.8999999999999998,16,10,No Banner,Lost,0,NA,Chose Non-Hot,0,0,NA,4,"Great experiment, thank you.",31,About once a month,NA,White,Male,Hispanic
P0113,13,0.8899999999999998,31,24,Banner,Lost,16,nonhot_win_number,Chose Non-Hot,0,0,0,4,"Great experiment, thank you.",31,About once a month,NA,White,Male,Hispanic
P0113,14,0.8799999999999998,5,21,Banner,Lost,8,hot_win_number,Chose Non-Hot,0,0,0,4,"Great experiment, thank you.",31,About once a month,NA,White,Male,Hispanic
P0113,15,0.8699999999999998,16,20,Banner,Lost,2,nonhot_win_number,Chose Non-Hot,0,0,0,4,"Great experiment, thank you.",31,About once a month,NA,White,Male,Hispanic
P0113,16,0.8599999999999998,23,22,Banner,Lost,2,hot_win_number,Chose Non-Hot,0,0,0,4,"Great experiment, thank you.",31,About once a month,NA,White,Male,Hispanic
P0113,17,0.8499999999999998,24,34,No Banner,Lost,0,NA,Chose Non-Hot,0,0,NA,4,"Great experiment, thank you.",31,About once a month,NA,White,Male,Hispanic
P0113,18,1.1999999999999995,16,16,No Banner,Won,0,NA,Chose Non-Hot,0,NA,NA,4,"Great experiment, thank you.",31,About once a month,NA,White,Male,Hispanic
P0113,19,1.1899999999999995,27,33,No Banner,Lost,0,NA,Chose Non-Hot,0,0,NA,4,"Great experiment, thank you.",31,About once a month,NA,White,Male,Hispanic
P0113,20,1.1799999999999995,23,9,Banner,Lost,1,nonhot_win_number,Chose Non-Hot,0,0,0,4,"Great experiment, thank you.",31,About once a month,NA,White,Male,Hispanic
P0113,21,1.1699999999999997,27,10,Banner,Lost,8,nonhot_win_number,Chose Non-Hot,0,0,0,4,"Great experiment, thank you.",31,About once a month,NA,White,Male,Hispanic
P0113,22,1.1599999999999997,18,13,No Banner,Lost,0,NA,Chose Non-Hot,0,0,NA,4,"Great experiment, thank you.",31,About once a month,NA,White,Male,Hispanic
P0113,23,1.5099999999999998,9,9,No Banner,Won,0,NA,Chose Non-Hot,0,NA,NA,4,"Great experiment, thank you.",31,About once a month,NA,White,Male,Hispanic
P0113,24,1.4999999999999998,25,29,No Banner,Lost,0,NA,Chose Non-Hot,0,0,NA,4,"Great experiment, thank you.",31,About once a month,NA,White,Male,Hispanic
P0115,1,0.29,9,25,Banner,Lost,3,hot_win_number,Chose Hot,50,100,0,2,The game was fun,53,A few times,NA,White,Male,Non-Hispanic
P0115,2,0.27999999999999997,9,24,Banner,Lost,3,nonhot_win_number,Chose Non-Hot,50,100,0,2,The game was fun,53,A few times,NA,White,Male,Non-Hispanic
P0115,3,0.26999999999999996,9,8,Banner,Lost,8,hot_win_number,Chose Non-Hot,50,100,0,2,The game was fun,53,A few times,NA,White,Male,Non-Hispanic
P0115,4,0.25999999999999995,9,23,Banner,Lost,2,nonhot_win_number,Chose Non-Hot,50,100,0,2,The game was fun,53,A few times,NA,White,Male,Non-Hispanic
P0115,5,0.24999999999999992,9,25,No Banner,Lost,0,NA,Chose Non-Hot,50,100,NA,2,The game was fun,53,A few times,NA,White,Male,Non-Hispanic
P0115,6,0.5999999999999999,9,9,No Banner,Won,0,NA,Chose Non-Hot,0,NA,NA,2,The game was fun,53,A few times,NA,White,Male,Non-Hispanic
P0115,7,0.5899999999999999,9,25,Banner,Lost,2,hot_win_number,Chose Non-Hot,50,100,0,2,The game was fun,53,A few times,NA,White,Male,Non-Hispanic
P0115,8,0.5799999999999998,9,29,Banner,Lost,8,nonhot_win_number,Chose Non-Hot,50,100,0,2,The game was fun,53,A few times,NA,White,Male,Non-Hispanic
P0115,9,0.5699999999999998,9,32,No Banner,Lost,0,NA,Chose Non-Hot,50,100,NA,2,The game was fun,53,A few times,NA,White,Male,Non-Hispanic
P0115,10,0.5599999999999998,9,35,No Banner,Lost,0,NA,Chose Non-Hot,50,100,NA,2,The game was fun,53,A few times,NA,White,Male,Non-Hispanic
P0115,11,0.5499999999999998,9,19,No Banner,Lost,0,NA,Chose Non-Hot,50,100,NA,2,The game was fun,53,A few times,NA,White,Male,Non-Hispanic
P0115,12,0.8999999999999998,9,9,No Banner,Won,0,NA,Chose Non-Hot,0,NA,NA,2,The game was fun,53,A few times,NA,White,Male,Non-Hispanic
P0115,13,0.8899999999999998,9,28,No Banner,Lost,0,NA,Chose Non-Hot,50,100,NA,2,The game was fun,53,A few times,NA,White,Male,Non-Hispanic
P0115,14,0.8799999999999998,9,26,No Banner,Lost,0,NA,Chose Non-Hot,50,100,NA,2,The game was fun,53,A few times,NA,White,Male,Non-Hispanic
P0115,15,0.8699999999999998,9,3,Banner,Lost,16,nonhot_win_number,Chose Hot,50,100,0,2,The game was fun,53,A few times,NA,White,Male,Non-Hispanic
P0115,16,1.2199999999999998,9,9,No Banner,Won,0,NA,Chose Non-Hot,0,NA,NA,2,The game was fun,53,A few times,NA,White,Male,Non-Hispanic
P0115,17,1.2099999999999995,9,25,Banner,Lost,1,nonhot_win_number,Chose Non-Hot,50,100,0,2,The game was fun,53,A few times,NA,White,Male,Non-Hispanic
P0115,18,1.1999999999999995,9,18,No Banner,Lost,0,NA,Chose Non-Hot,50,100,NA,2,The game was fun,53,A few times,NA,White,Male,Non-Hispanic
P0115,19,1.1899999999999995,9,10,Banner,Lost,1,nonhot_win_number,Chose Non-Hot,50,100,2,2,The game was fun,53,A few times,NA,White,Male,Non-Hispanic
P0115,20,1.1799999999999995,9,4,No Banner,Lost,0,NA,Chose Non-Hot,50,100,NA,2,The game was fun,53,A few times,NA,White,Male,Non-Hispanic
P0115,21,1.1699999999999997,9,33,No Banner,Lost,0,NA,Chose Non-Hot,50,100,NA,2,The game was fun,53,A few times,NA,White,Male,Non-Hispanic
P0115,22,1.5199999999999996,9,9,No Banner,Won,0,NA,Chose Non-Hot,0,NA,NA,2,The game was fun,53,A few times,NA,White,Male,Non-Hispanic
P0115,23,1.5099999999999996,9,19,Banner,Lost,16,hot_win_number,Chose Non-Hot,50,100,0,2,The game was fun,53,A few times,NA,White,Male,Non-Hispanic
P0115,24,1.4999999999999996,9,3,No Banner,Lost,0,NA,Chose Non-Hot,50,100,NA,2,The game was fun,53,A few times,NA,White,Male,Non-Hispanic
P0117,1,0.29,28,13,No Banner,Lost,0,NA,Chose Non-Hot,0,0,NA,1,Twice I changed my mind and those ended up being the winning numbers.,55,A few times,NA,White,Female,Non-Hispanic
P0117,2,0.27999999999999997,21,1,Banner,Lost,1,nonhot_win_number,Chose Non-Hot,5,5,0,1,Twice I changed my mind and those ended up being the winning numbers.,55,A few times,NA,White,Female,Non-Hispanic
P0117,3,0.6299999999999999,18,18,No Banner,Won,0,NA,Chose Non-Hot,0,NA,NA,1,Twice I changed my mind and those ended up being the winning numbers.,55,A few times,NA,White,Female,Non-Hispanic
P0117,4,0.6199999999999999,31,8,No Banner,Lost,0,NA,Chose Non-Hot,6,10,NA,1,Twice I changed my mind and those ended up being the winning numbers.,55,A few times,NA,White,Female,Non-Hispanic
P0117,5,0.6099999999999999,30,18,Banner,Lost,8,hot_win_number,Chose Hot,10,10,0,1,Twice I changed my mind and those ended up being the winning numbers.,55,A few times,NA,White,Female,Non-Hispanic
P0117,6,0.5999999999999999,1,17,Banner,Lost,16,hot_win_number,Chose Hot,5,6,0,1,Twice I changed my mind and those ended up being the winning numbers.,55,A few times,NA,White,Female,Non-Hispanic
P0117,7,0.5899999999999999,22,9,Banner,Lost,2,nonhot_win_number,Chose Hot,10,10,0,1,Twice I changed my mind and those ended up being the winning numbers.,55,A few times,NA,White,Female,Non-Hispanic
P0117,8,0.5799999999999998,18,28,Banner,Lost,3,nonhot_win_number,Chose Non-Hot,10,12,0,1,Twice I changed my mind and those ended up being the winning numbers.,55,A few times,NA,White,Female,Non-Hispanic
P0117,9,0.9299999999999998,36,36,No Banner,Won,0,NA,Chose Non-Hot,0,NA,NA,1,Twice I changed my mind and those ended up being the winning numbers.,55,A few times,NA,White,Female,Non-Hispanic
P0117,10,0.9199999999999998,19,4,Banner,Lost,3,hot_win_number,Chose Hot,8,10,0,1,Twice I changed my mind and those ended up being the winning numbers.,55,A few times,NA,White,Female,Non-Hispanic
P0117,11,0.9099999999999998,18,7,No Banner,Lost,0,NA,Chose Non-Hot,11,11,NA,1,Twice I changed my mind and those ended up being the winning numbers.,55,A few times,NA,White,Female,Non-Hispanic
P0117,12,0.8999999999999998,15,2,No Banner,Lost,0,NA,Chose Non-Hot,9,10,NA,1,Twice I changed my mind and those ended up being the winning numbers.,55,A few times,NA,White,Female,Non-Hispanic
P0117,13,0.8899999999999998,9,33,Banner,Lost,2,hot_win_number,Chose Hot,25,30,NA,1,Twice I changed my mind and those ended up being the winning numbers.,55,A few times,NA,White,Female,Non-Hispanic
P0117,14,0.8799999999999998,29,13,No Banner,Lost,0,NA,Chose Non-Hot,10,10,NA,1,Twice I changed my mind and those ended up being the winning numbers.,55,A few times,NA,White,Female,Non-Hispanic
P0117,15,0.8699999999999998,15,32,No Banner,Lost,0,NA,Chose Non-Hot,10,15,NA,1,Twice I changed my mind and those ended up being the winning numbers.,55,A few times,NA,White,Female,Non-Hispanic
P0117,16,0.8599999999999998,28,20,Banner,Lost,16,nonhot_win_number,Chose Hot,11,15,0,1,Twice I changed my mind and those ended up being the winning numbers.,55,A few times,NA,White,Female,Non-Hispanic
P0117,17,0.8499999999999998,1,35,Banner,Lost,8,nonhot_win_number,Chose Hot,9,10,0,1,Twice I changed my mind and those ended up being the winning numbers.,55,A few times,NA,White,Female,Non-Hispanic
P0117,18,1.1999999999999995,16,16,No Banner,Won,0,NA,Chose Non-Hot,0,NA,NA,1,Twice I changed my mind and those ended up being the winning numbers.,55,A few times,NA,White,Female,Non-Hispanic
P0117,19,1.1899999999999995,3,28,No Banner,Lost,0,NA,Chose Non-Hot,13,16,NA,1,Twice I changed my mind and those ended up being the winning numbers.,55,A few times,NA,White,Female,Non-Hispanic
P0117,20,1.1799999999999995,23,26,No Banner,Lost,0,NA,Chose Non-Hot,17,17,NA,1,Twice I changed my mind and those ended up being the winning numbers.,55,A few times,NA,White,Female,Non-Hispanic
P0117,21,1.1699999999999997,14,29,No Banner,Lost,0,NA,Chose Non-Hot,15,16,NA,1,Twice I changed my mind and those ended up being the winning numbers.,55,A few times,NA,White,Female,Non-Hispanic
P0117,22,1.1599999999999997,36,26,No Banner,Lost,0,NA,Chose Non-Hot,14,16,NA,1,Twice I changed my mind and those ended up being the winning numbers.,55,A few times,NA,White,Female,Non-Hispanic
P0117,23,1.1499999999999997,22,26,Banner,Lost,1,nonhot_win_number,Chose Hot,20,25,NA,1,Twice I changed my mind and those ended up being the winning numbers.,55,A few times,NA,White,Female,Non-Hispanic
P0117,24,1.4999999999999996,16,16,No Banner,Won,0,NA,Chose Non-Hot,0,NA,NA,1,Twice I changed my mind and those ended up being the winning numbers.,55,A few times,NA,White,Female,Non-Hispanic
P0118,1,0.29,21,18,No Banner,Lost,0,NA,Chose Non-Hot,84,100,NA,1,,57,A few times,NA,White,Female,Non-Hispanic
P0118,2,0.27999999999999997,21,9,Banner,Lost,16,hot_win_number,Chose Hot,80,100,3,1,,57,A few times,NA,White,Female,Non-Hispanic
P0118,3,0.26999999999999996,21,13,No Banner,Lost,0,NA,Chose Non-Hot,79,100,NA,1,,57,A few times,NA,White,Female,Non-Hispanic
P0118,4,0.25999999999999995,21,15,Banner,Lost,8,nonhot_win_number,Chose Hot,80,100,0,1,,57,A few times,NA,White,Female,Non-Hispanic
P0118,5,0.6099999999999999,21,21,No Banner,Won,0,NA,Chose Non-Hot,0,NA,NA,1,,57,A few times,NA,White,Female,Non-Hispanic
P0118,6,0.5999999999999999,16,21,Banner,Lost,8,hot_win_number,Chose Hot,100,100,6,1,,57,A few times,NA,White,Female,Non-Hispanic
P0118,7,0.5899999999999999,21,33,No Banner,Lost,0,NA,Chose Non-Hot,76,100,NA,1,,57,A few times,NA,White,Female,Non-Hispanic
P0118,8,0.5799999999999998,21,12,No Banner,Lost,0,NA,Chose Non-Hot,87,100,NA,1,,57,A few times,NA,White,Female,Non-Hispanic
P0118,9,0.5699999999999998,15,7,Banner,Lost,3,hot_win_number,Chose Hot,53,100,4,1,,57,A few times,NA,White,Female,Non-Hispanic
P0118,10,0.5599999999999998,21,6,No Banner,Lost,0,NA,Chose Non-Hot,81,100,NA,1,,57,A few times,NA,White,Female,Non-Hispanic
P0118,11,0.5499999999999998,16,3,Banner,Lost,2,nonhot_win_number,Chose Hot,75,100,4,1,,57,A few times,NA,White,Female,Non-Hispanic
P0118,12,0.8999999999999998,21,21,No Banner,Won,0,NA,Chose Non-Hot,0,NA,NA,1,,57,A few times,NA,White,Female,Non-Hispanic
P0118,13,0.8899999999999998,5,35,Banner,Lost,1,nonhot_win_number,Chose Hot,100,11,NA,1,,57,A few times,NA,White,Female,Non-Hispanic
P0118,14,0.8799999999999998,21,33,Banner,Lost,1,nonhot_win_number,Chose Non-Hot,54,100,3,1,,57,A few times,NA,White,Female,Non-Hispanic
P0118,15,0.8699999999999998,21,33,Banner,Lost,2,hot_win_number,Chose Non-Hot,53,99,0,1,,57,A few times,NA,White,Female,Non-Hispanic
P0118,16,0.8599999999999998,21,5,No Banner,Lost,0,NA,Chose Non-Hot,58,100,NA,1,,57,A few times,NA,White,Female,Non-Hispanic
P0118,17,0.8499999999999998,21,11,No Banner,Lost,0,NA,Chose Non-Hot,66,100,NA,1,,57,A few times,NA,White,Female,Non-Hispanic
P0118,18,1.1999999999999995,21,21,No Banner,Won,0,NA,Chose Non-Hot,0,NA,NA,1,,57,A few times,NA,White,Female,Non-Hispanic
P0118,19,1.1899999999999995,21,34,No Banner,Lost,0,NA,Chose Non-Hot,60,97,NA,1,,57,A few times,NA,White,Female,Non-Hispanic
P0118,20,1.1799999999999995,21,10,Banner,Lost,16,nonhot_win_number,Chose Non-Hot,56,100,0,1,,57,A few times,NA,White,Female,Non-Hispanic
P0118,21,1.1699999999999997,21,17,Banner,Lost,3,nonhot_win_number,Chose Hot,55,100,0,1,,57,A few times,NA,White,Female,Non-Hispanic
P0118,22,1.5199999999999996,21,21,No Banner,Won,0,NA,Chose Non-Hot,0,NA,NA,1,,57,A few times,NA,White,Female,Non-Hispanic
P0118,23,1.5099999999999996,21,24,No Banner,Lost,0,NA,Chose Non-Hot,54,97,NA,1,,57,A few times,NA,White,Female,Non-Hispanic
P0118,24,1.4999999999999996,21,13,No Banner,Lost,0,NA,Chose Non-Hot,64,100,NA,1,,57,A few times,NA,White,Female,Non-Hispanic
P0119,1,0.09000000000000001,15,22,No Banner,Lost,0,NA,Chose Non-Hot,8,4,NA,1,i did not fill bad about my picks and about what i did not chose since this is purely random and i have no control over the outcome . No sense regretting or being mad when you have no way to control the outcome.,50,About once a week,NA,White,Male,Non-Hispanic
P0119,2,0.08000000000000002,10,2,Banner,Lost,2,hot_win_number,Chose Non-Hot,3,2,0,1,i did not fill bad about my picks and about what i did not chose since this is purely random and i have no control over the outcome . No sense regretting or being mad when you have no way to control the outcome.,50,About once a week,NA,White,Male,Non-Hispanic
P0119,3,0.07000000000000002,16,14,Banner,Lost,16,hot_win_number,Chose Non-Hot,3,5,0,1,i did not fill bad about my picks and about what i did not chose since this is purely random and i have no control over the outcome . No sense regretting or being mad when you have no way to control the outcome.,50,About once a week,NA,White,Male,Non-Hispanic
P0119,4,0.42,21,21,No Banner,Won,0,NA,Chose Non-Hot,0,NA,NA,1,i did not fill bad about my picks and about what i did not chose since this is purely random and i have no control over the outcome . No sense regretting or being mad when you have no way to control the outcome.,50,About once a week,NA,White,Male,Non-Hispanic
P0119,5,0.29,21,12,No Banner,Lost,0,NA,Chose Non-Hot,11,12,NA,1,i did not fill bad about my picks and about what i did not chose since this is purely random and i have no control over the outcome . No sense regretting or being mad when you have no way to control the outcome.,50,About once a week,NA,White,Male,Non-Hispanic
P0119,6,0.27999999999999997,24,5,Banner,Lost,16,nonhot_win_number,Chose Non-Hot,10,11,0,1,i did not fill bad about my picks and about what i did not chose since this is purely random and i have no control over the outcome . No sense regretting or being mad when you have no way to control the outcome.,50,About once a week,NA,White,Male,Non-Hispanic
P0119,7,0.26999999999999996,15,10,Banner,Lost,2,nonhot_win_number,Chose Non-Hot,10,10,0,1,i did not fill bad about my picks and about what i did not chose since this is purely random and i have no control over the outcome . No sense regretting or being mad when you have no way to control the outcome.,50,About once a week,NA,White,Male,Non-Hispanic
P0119,8,0.25999999999999995,30,3,Banner,Lost,3,hot_win_number,Chose Non-Hot,10,10,0,1,i did not fill bad about my picks and about what i did not chose since this is purely random and i have no control over the outcome . No sense regretting or being mad when you have no way to control the outcome.,50,About once a week,NA,White,Male,Non-Hispanic
P0119,9,0.24999999999999992,22,35,Banner,Lost,1,nonhot_win_number,Chose Non-Hot,5,5,0,1,i did not fill bad about my picks and about what i did not chose since this is purely random and i have no control over the outcome . No sense regretting or being mad when you have no way to control the outcome.,50,About once a week,NA,White,Male,Non-Hispanic
P0119,10,0.5999999999999999,26,26,No Banner,Won,0,NA,Chose Non-Hot,0,NA,NA,1,i did not fill bad about my picks and about what i did not chose since this is purely random and i have no control over the outcome . No sense regretting or being mad when you have no way to control the outcome.,50,About once a week,NA,White,Male,Non-Hispanic
P0119,11,0.5899999999999999,18,12,No Banner,Lost,0,NA,Chose Non-Hot,5,5,NA,1,i did not fill bad about my picks and about what i did not chose since this is purely random and i have no control over the outcome . No sense regretting or being mad when you have no way to control the outcome.,50,About once a week,NA,White,Male,Non-Hispanic
P0119,12,0.5799999999999998,19,9,No Banner,Lost,0,NA,Chose Non-Hot,5,5,NA,1,i did not fill bad about my picks and about what i did not chose since this is purely random and i have no control over the outcome . No sense regretting or being mad when you have no way to control the outcome.,50,About once a week,NA,White,Male,Non-Hispanic
P0119,13,0.5699999999999998,14,31,No Banner,Lost,0,NA,Chose Non-Hot,5,5,NA,1,i did not fill bad about my picks and about what i did not chose since this is purely random and i have no control over the outcome . No sense regretting or being mad when you have no way to control the outcome.,50,About once a week,NA,White,Male,Non-Hispanic
P0119,14,0.5599999999999998,17,13,Banner,Lost,2,hot_win_number,Chose Non-Hot,3,3,0,1,i did not fill bad about my picks and about what i did not chose since this is purely random and i have no control over the outcome . No sense regretting or being mad when you have no way to control the outcome.,50,About once a week,NA,White,Male,Non-Hispanic
P0119,15,0.5499999999999998,30,32,No Banner,Lost,0,NA,Chose Non-Hot,2,0,NA,1,i did not fill bad about my picks and about what i did not chose since this is purely random and i have no control over the outcome . No sense regretting or being mad when you have no way to control the outcome.,50,About once a week,NA,White,Male,Non-Hispanic
P0119,16,0.8999999999999998,20,20,No Banner,Won,0,NA,Chose Non-Hot,0,NA,NA,1,i did not fill bad about my picks and about what i did not chose since this is purely random and i have no control over the outcome . No sense regretting or being mad when you have no way to control the outcome.,50,About once a week,NA,White,Male,Non-Hispanic
P0119,17,0.8899999999999998,8,25,Banner,Lost,8,hot_win_number,Chose Non-Hot,5,5,0,1,i did not fill bad about my picks and about what i did not chose since this is purely random and i have no control over the outcome . No sense regretting or being mad when you have no way to control the outcome.,50,About once a week,NA,White,Male,Non-Hispanic
P0119,18,0.8799999999999998,26,27,Banner,Lost,1,nonhot_win_number,Chose Non-Hot,5,5,0,1,i did not fill bad about my picks and about what i did not chose since this is purely random and i have no control over the outcome . No sense regretting or being mad when you have no way to control the outcome.,50,About once a week,NA,White,Male,Non-Hispanic
P0119,19,0.8699999999999998,15,5,Banner,Lost,16,hot_win_number,Chose Hot,5,5,0,1,i did not fill bad about my picks and about what i did not chose since this is purely random and i have no control over the outcome . No sense regretting or being mad when you have no way to control the outcome.,50,About once a week,NA,White,Male,Non-Hispanic
P0119,20,1.2199999999999998,30,30,No Banner,Won,0,NA,Chose Non-Hot,0,NA,NA,1,i did not fill bad about my picks and about what i did not chose since this is purely random and i have no control over the outcome . No sense regretting or being mad when you have no way to control the outcome.,50,About once a week,NA,White,Male,Non-Hispanic
P0119,21,1.2099999999999995,28,17,Banner,Lost,8,nonhot_win_number,Chose Non-Hot,3,2,0,1,i did not fill bad about my picks and about what i did not chose since this is purely random and i have no control over the outcome . No sense regretting or being mad when you have no way to control the outcome.,50,About once a week,NA,White,Male,Non-Hispanic
P0119,22,1.1999999999999995,10,9,No Banner,Lost,0,NA,Chose Non-Hot,2,2,NA,1,i did not fill bad about my picks and about what i did not chose since this is purely random and i have no control over the outcome . No sense regretting or being mad when you have no way to control the outcome.,50,About once a week,NA,White,Male,Non-Hispanic
P0119,23,1.1899999999999995,6,3,Banner,Lost,3,nonhot_win_number,Chose Non-Hot,5,5,0,1,i did not fill bad about my picks and about what i did not chose since this is purely random and i have no control over the outcome . No sense regretting or being mad when you have no way to control the outcome.,50,About once a week,NA,White,Male,Non-Hispanic
P0119,24,1.1799999999999995,36,1,No Banner,Lost,0,NA,Chose Non-Hot,3,3,NA,1,i did not fill bad about my picks and about what i did not chose since this is purely random and i have no control over the outcome . No sense regretting or being mad when you have no way to control the outcome.,50,About once a week,NA,White,Male,Non-Hispanic
P0119,25,1.5299999999999998,2,2,No Banner,Won,0,NA,Chose Non-Hot,0,NA,NA,1,i did not fill bad about my picks and about what i did not chose since this is purely random and i have no control over the outcome . No sense regretting or being mad when you have no way to control the outcome.,50,About once a week,NA,White,Male,Non-Hispanic
P0119,26,1.5199999999999998,25,26,No Banner,Lost,0,NA,Chose Non-Hot,2,2,NA,1,i did not fill bad about my picks and about what i did not chose since this is purely random and i have no control over the outcome . No sense regretting or being mad when you have no way to control the outcome.,50,About once a week,NA,White,Male,Non-Hispanic
P0119,27,1.5099999999999998,8,23,No Banner,Lost,0,NA,Chose Non-Hot,2,2,NA,1,i did not fill bad about my picks and about what i did not chose since this is purely random and i have no control over the outcome . No sense regretting or being mad when you have no way to control the outcome.,50,About once a week,NA,White,Male,Non-Hispanic
P0119,28,1.4999999999999998,4,7,No Banner,Lost,0,NA,Chose Non-Hot,1,1,NA,1,i did not fill bad about my picks and about what i did not chose since this is purely random and i have no control over the outcome . No sense regretting or being mad when you have no way to control the outcome.,50,About once a week,NA,White,Male,Non-Hispanic
P0124,1,0.29,27,2,Banner,Lost,3,hot_win_number,Chose Hot,50,100,0,2,I regretted my decisions more when I picked from the hot number list and the number did not hit.,53,Never,NA,White,Male,Non-Hispanic
P0124,2,0.27999999999999997,33,31,No Banner,Lost,0,NA,Chose Non-Hot,10,100,NA,2,I regretted my decisions more when I picked from the hot number list and the number did not hit.,53,Never,NA,White,Male,Non-Hispanic
P0124,3,0.26999999999999996,28,18,Banner,Lost,1,nonhot_win_number,Chose Hot,75,100,NA,2,I regretted my decisions more when I picked from the hot number list and the number did not hit.,53,Never,NA,White,Male,Non-Hispanic
P0124,4,0.25999999999999995,18,4,Banner,Lost,3,nonhot_win_number,Chose Hot,75,100,0,2,I regretted my decisions more when I picked from the hot number list and the number did not hit.,53,Never,NA,White,Male,Non-Hispanic
P0124,5,0.24999999999999992,33,25,No Banner,Lost,0,NA,Chose Non-Hot,10,100,NA,2,I regretted my decisions more when I picked from the hot number list and the number did not hit.,53,Never,NA,White,Male,Non-Hispanic
P0124,6,0.5999999999999999,1,1,No Banner,Won,0,NA,Chose Non-Hot,0,NA,NA,2,I regretted my decisions more when I picked from the hot number list and the number did not hit.,53,Never,NA,White,Male,Non-Hispanic
P0124,7,0.5899999999999999,33,35,Banner,Lost,16,nonhot_win_number,Chose Hot,25,100,0,2,I regretted my decisions more when I picked from the hot number list and the number did not hit.,53,Never,NA,White,Male,Non-Hispanic
P0124,8,0.5799999999999998,33,25,Banner,Lost,8,nonhot_win_number,Chose Hot,25,100,0,2,I regretted my decisions more when I picked from the hot number list and the number did not hit.,53,Never,NA,White,Male,Non-Hispanic
P0124,9,0.5699999999999998,36,25,Banner,Lost,2,nonhot_win_number,Chose Non-Hot,25,100,0,2,I regretted my decisions more when I picked from the hot number list and the number did not hit.,53,Never,NA,White,Male,Non-Hispanic
P0124,10,0.5599999999999998,36,13,Banner,Lost,16,hot_win_number,Chose Hot,50,100,0,2,I regretted my decisions more when I picked from the hot number list and the number did not hit.,53,Never,NA,White,Male,Non-Hispanic
P0124,11,0.5499999999999998,11,9,No Banner,Lost,0,NA,Chose Non-Hot,10,100,NA,2,I regretted my decisions more when I picked from the hot number list and the number did not hit.,53,Never,NA,White,Male,Non-Hispanic
P0124,12,0.8999999999999998,11,11,No Banner,Won,0,NA,Chose Non-Hot,0,NA,NA,2,I regretted my decisions more when I picked from the hot number list and the number did not hit.,53,Never,NA,White,Male,Non-Hispanic
P0124,13,0.8899999999999998,11,21,No Banner,Lost,0,NA,Chose Non-Hot,60,100,NA,2,I regretted my decisions more when I picked from the hot number list and the number did not hit.,53,Never,NA,White,Male,Non-Hispanic
P0124,14,0.8799999999999998,30,32,Banner,Lost,2,hot_win_number,Chose Hot,75,100,NA,2,I regretted my decisions more when I picked from the hot number list and the number did not hit.,53,Never,NA,White,Male,Non-Hispanic
P0124,15,0.8699999999999998,25,12,No Banner,Lost,0,NA,Chose Non-Hot,10,100,NA,2,I regretted my decisions more when I picked from the hot number list and the number did not hit.,53,Never,NA,White,Male,Non-Hispanic
P0124,16,1.2199999999999998,25,25,No Banner,Won,0,NA,Chose Non-Hot,0,NA,NA,2,I regretted my decisions more when I picked from the hot number list and the number did not hit.,53,Never,NA,White,Male,Non-Hispanic
P0124,17,1.2099999999999995,13,7,Banner,Lost,8,hot_win_number,Chose Hot,30,100,0,2,I regretted my decisions more when I picked from the hot number list and the number did not hit.,53,Never,NA,White,Male,Non-Hispanic
P0124,18,1.1999999999999995,20,34,No Banner,Lost,0,NA,Chose Non-Hot,10,100,NA,2,I regretted my decisions more when I picked from the hot number list and the number did not hit.,53,Never,NA,White,Male,Non-Hispanic
P0124,19,1.1899999999999995,17,21,Banner,Lost,1,nonhot_win_number,Chose Hot,75,100,NA,2,I regretted my decisions more when I picked from the hot number list and the number did not hit.,53,Never,NA,White,Male,Non-Hispanic
P0124,20,1.1799999999999995,20,36,No Banner,Lost,0,NA,Chose Non-Hot,25,100,NA,2,I regretted my decisions more when I picked from the hot number list and the number did not hit.,53,Never,NA,White,Male,Non-Hispanic
P0124,21,1.1699999999999997,33,20,No Banner,Lost,0,NA,Chose Non-Hot,50,100,NA,2,I regretted my decisions more when I picked from the hot number list and the number did not hit.,53,Never,NA,White,Male,Non-Hispanic
P0124,22,1.1599999999999997,20,27,No Banner,Lost,0,NA,Chose Non-Hot,40,100,NA,2,I regretted my decisions more when I picked from the hot number list and the number did not hit.,53,Never,NA,White,Male,Non-Hispanic
P0124,23,1.1499999999999997,6,11,No Banner,Lost,0,NA,Chose Non-Hot,20,100,NA,2,I regretted my decisions more when I picked from the hot number list and the number did not hit.,53,Never,NA,White,Male,Non-Hispanic
P0124,24,1.4999999999999996,6,6,No Banner,Won,0,NA,Chose Non-Hot,0,NA,NA,2,I regretted my decisions more when I picked from the hot number list and the number did not hit.,53,Never,NA,White,Male,Non-Hispanic
P0126,1,0.29,21,19,No Banner,Lost,0,NA,Chose Non-Hot,50,34,NA,4,,44,About once a month,NA,White,Female,Non-Hispanic
P0126,2,0.27999999999999997,21,22,No Banner,Lost,0,NA,Chose Non-Hot,50,24,NA,4,,44,About once a month,NA,White,Female,Non-Hispanic
P0126,3,0.26999999999999996,23,30,Banner,Lost,2,nonhot_win_number,Chose Hot,19,8,0,4,,44,About once a month,NA,White,Female,Non-Hispanic
P0126,4,0.25999999999999995,21,34,Banner,Lost,3,nonhot_win_number,Chose Non-Hot,50,14,0,4,,44,About once a month,NA,White,Female,Non-Hispanic
P0126,5,0.6099999999999999,21,21,No Banner,Won,0,NA,Chose Non-Hot,0,NA,NA,4,,44,About once a month,NA,White,Female,Non-Hispanic
P0126,6,0.5999999999999999,21,36,Banner,Lost,8,nonhot_win_number,Chose Hot,50,18,0,4,,44,About once a month,NA,White,Female,Non-Hispanic
P0126,7,0.5899999999999999,29,17,Banner,Lost,2,hot_win_number,Chose Hot,38,29,NA,4,,44,About once a month,NA,White,Female,Non-Hispanic
P0126,8,0.5799999999999998,21,26,Banner,Lost,16,hot_win_number,Chose Hot,24,18,0,4,,44,About once a month,NA,White,Female,Non-Hispanic
P0126,9,0.5699999999999998,21,27,No Banner,Lost,0,NA,Chose Non-Hot,51,18,NA,4,,44,About once a month,NA,White,Female,Non-Hispanic
P0126,10,0.5599999999999998,18,26,Banner,Lost,8,hot_win_number,Chose Hot,28,26,0,4,,44,About once a month,NA,White,Female,Non-Hispanic
P0126,11,0.5499999999999998,18,6,No Banner,Lost,0,NA,Chose Non-Hot,23,24,NA,4,,44,About once a month,NA,White,Female,Non-Hispanic
P0126,12,0.8999999999999998,18,18,No Banner,Won,0,NA,Chose Non-Hot,0,NA,NA,4,,44,About once a month,NA,White,Female,Non-Hispanic
P0126,13,0.8899999999999998,6,14,Banner,Lost,1,nonhot_win_number,Chose Hot,30,20,NA,4,,44,About once a month,NA,White,Female,Non-Hispanic
P0126,14,0.8799999999999998,12,8,No Banner,Lost,0,NA,Chose Non-Hot,22,22,NA,4,,44,About once a month,NA,White,Female,Non-Hispanic
P0126,15,1.2299999999999998,12,12,No Banner,Won,0,NA,Chose Non-Hot,0,NA,NA,4,,44,About once a month,NA,White,Female,Non-Hispanic
P0126,16,1.2199999999999998,24,28,Banner,Lost,3,hot_win_number,Chose Hot,67,67,0,4,,44,About once a month,NA,White,Female,Non-Hispanic
P0126,17,1.2099999999999995,17,1,No Banner,Lost,0,NA,Chose Non-Hot,31,26,NA,4,,44,About once a month,NA,White,Female,Non-Hispanic
P0126,18,1.1999999999999995,23,31,Banner,Lost,1,nonhot_win_number,Chose Hot,50,20,NA,4,,44,About once a month,NA,White,Female,Non-Hispanic
P0126,19,1.1899999999999995,19,6,Banner,Lost,16,nonhot_win_number,Chose Hot,30,20,0,4,,44,About once a month,NA,White,Female,Non-Hispanic
P0126,20,1.1799999999999995,15,35,No Banner,Lost,0,NA,Chose Non-Hot,22,23,NA,4,,44,About once a month,NA,White,Female,Non-Hispanic
P0126,21,1.5299999999999998,15,15,No Banner,Won,0,NA,Chose Non-Hot,0,NA,NA,4,,44,About once a month,NA,White,Female,Non-Hispanic
P0126,22,1.5199999999999998,21,7,No Banner,Lost,0,NA,Chose Non-Hot,16,19,NA,4,,44,About once a month,NA,White,Female,Non-Hispanic
P0126,23,1.5099999999999998,21,9,No Banner,Lost,0,NA,Chose Non-Hot,33,17,NA,4,,44,About once a month,NA,White,Female,Non-Hispanic
P0126,24,1.4999999999999998,36,20,No Banner,Lost,0,NA,Chose Non-Hot,20,20,NA,4,,44,About once a month,NA,White,Female,Non-Hispanic
P0128,1,0.29,3,30,Banner,Lost,3,hot_win_number,Chose Hot,88,64,0,2,"That was fun!  But I feel like the odds were in my favor, I never actually win anything so it must have been stacked to keep me interested lol.",46,Never,NA,White,Female,Non-Hispanic
P0128,2,0.27999999999999997,17,24,Banner,Lost,2,nonhot_win_number,Chose Hot,33,48,0,2,"That was fun!  But I feel like the odds were in my favor, I never actually win anything so it must have been stacked to keep me interested lol.",46,Never,NA,White,Female,Non-Hispanic
P0128,3,0.26999999999999996,28,9,Banner,Lost,1,nonhot_win_number,Chose Hot,8,15,NA,2,"That was fun!  But I feel like the odds were in my favor, I never actually win anything so it must have been stacked to keep me interested lol.",46,Never,NA,White,Female,Non-Hispanic
P0128,4,0.25999999999999995,33,21,Banner,Lost,16,hot_win_number,Chose Hot,4,22,0,2,"That was fun!  But I feel like the odds were in my favor, I never actually win anything so it must have been stacked to keep me interested lol.",46,Never,NA,White,Female,Non-Hispanic
P0128,5,0.6099999999999999,7,7,No Banner,Won,0,NA,Chose Non-Hot,0,NA,NA,2,"That was fun!  But I feel like the odds were in my favor, I never actually win anything so it must have been stacked to keep me interested lol.",46,Never,NA,White,Female,Non-Hispanic
P0128,6,0.5999999999999999,10,24,Banner,Lost,8,hot_win_number,Chose Hot,29,22,0,2,"That was fun!  But I feel like the odds were in my favor, I never actually win anything so it must have been stacked to keep me interested lol.",46,Never,NA,White,Female,Non-Hispanic
P0128,7,0.5899999999999999,27,19,Banner,Lost,16,nonhot_win_number,Chose Hot,0,5,0,2,"That was fun!  But I feel like the odds were in my favor, I never actually win anything so it must have been stacked to keep me interested lol.",46,Never,NA,White,Female,Non-Hispanic
P0128,8,0.5799999999999998,7,9,No Banner,Lost,0,NA,Chose Non-Hot,22,31,NA,2,"That was fun!  But I feel like the odds were in my favor, I never actually win anything so it must have been stacked to keep me interested lol.",46,Never,NA,White,Female,Non-Hispanic
P0128,9,0.5699999999999998,10,34,Banner,Lost,1,nonhot_win_number,Chose Hot,73,24,NA,2,"That was fun!  But I feel like the odds were in my favor, I never actually win anything so it must have been stacked to keep me interested lol.",46,Never,NA,White,Female,Non-Hispanic
P0128,10,0.5599999999999998,27,6,No Banner,Lost,0,NA,Chose Non-Hot,12,9,NA,2,"That was fun!  But I feel like the odds were in my favor, I never actually win anything so it must have been stacked to keep me interested lol.",46,Never,NA,White,Female,Non-Hispanic
P0128,11,0.5499999999999998,27,33,No Banner,Lost,0,NA,Chose Non-Hot,35,27,NA,2,"That was fun!  But I feel like the odds were in my favor, I never actually win anything so it must have been stacked to keep me interested lol.",46,Never,NA,White,Female,Non-Hispanic
P0128,12,0.8999999999999998,27,27,No Banner,Won,0,NA,Chose Non-Hot,0,NA,NA,2,"That was fun!  But I feel like the odds were in my favor, I never actually win anything so it must have been stacked to keep me interested lol.",46,Never,NA,White,Female,Non-Hispanic
P0128,13,0.8899999999999998,27,3,Banner,Lost,2,hot_win_number,Chose Non-Hot,20,59,0,2,"That was fun!  But I feel like the odds were in my favor, I never actually win anything so it must have been stacked to keep me interested lol.",46,Never,NA,White,Female,Non-Hispanic
P0128,14,0.8799999999999998,7,17,Banner,Lost,8,nonhot_win_number,Chose Non-Hot,38,33,0,2,"That was fun!  But I feel like the odds were in my favor, I never actually win anything so it must have been stacked to keep me interested lol.",46,Never,NA,White,Female,Non-Hispanic
P0128,15,0.8699999999999998,17,33,No Banner,Lost,0,NA,Chose Non-Hot,22,9,NA,2,"That was fun!  But I feel like the odds were in my favor, I never actually win anything so it must have been stacked to keep me interested lol.",46,Never,NA,White,Female,Non-Hispanic
P0128,16,0.8599999999999998,7,26,No Banner,Lost,0,NA,Chose Non-Hot,6,6,NA,2,"That was fun!  But I feel like the odds were in my favor, I never actually win anything so it must have been stacked to keep me interested lol.",46,Never,NA,White,Female,Non-Hispanic
P0128,17,1.2099999999999995,7,7,No Banner,Won,0,NA,Chose Non-Hot,0,NA,NA,2,"That was fun!  But I feel like the odds were in my favor, I never actually win anything so it must have been stacked to keep me interested lol.",46,Never,NA,White,Female,Non-Hispanic
P0128,18,1.1999999999999995,27,35,No Banner,Lost,0,NA,Chose Non-Hot,10,10,NA,2,"That was fun!  But I feel like the odds were in my favor, I never actually win anything so it must have been stacked to keep me interested lol.",46,Never,NA,White,Female,Non-Hispanic
P0128,19,1.1899999999999995,27,6,No Banner,Lost,0,NA,Chose Non-Hot,28,9,NA,2,"That was fun!  But I feel like the odds were in my favor, I never actually win anything so it must have been stacked to keep me interested lol.",46,Never,NA,White,Female,Non-Hispanic
P0128,20,1.1799999999999995,27,10,No Banner,Lost,0,NA,Chose Non-Hot,32,61,NA,2,"That was fun!  But I feel like the odds were in my favor, I never actually win anything so it must have been stacked to keep me interested lol.",46,Never,NA,White,Female,Non-Hispanic
P0128,21,1.1699999999999997,27,10,No Banner,Lost,0,NA,Chose Non-Hot,55,79,NA,2,"That was fun!  But I feel like the odds were in my favor, I never actually win anything so it must have been stacked to keep me interested lol.",46,Never,NA,White,Female,Non-Hispanic
P0128,22,1.1599999999999997,10,3,No Banner,Lost,0,NA,Chose Non-Hot,63,8,NA,2,"That was fun!  But I feel like the odds were in my favor, I never actually win anything so it must have been stacked to keep me interested lol.",46,Never,NA,White,Female,Non-Hispanic
P0128,23,1.1499999999999997,17,36,Banner,Lost,3,nonhot_win_number,Chose Non-Hot,13,5,0,2,"That was fun!  But I feel like the odds were in my favor, I never actually win anything so it must have been stacked to keep me interested lol.",46,Never,NA,White,Female,Non-Hispanic
P0128,24,1.4999999999999996,28,28,No Banner,Won,0,NA,Chose Non-Hot,0,NA,NA,2,"That was fun!  But I feel like the odds were in my favor, I never actually win anything so it must have been stacked to keep me interested lol.",46,Never,NA,White,Female,Non-Hispanic
P0129,1,0.29,5,20,No Banner,Lost,0,NA,Chose Non-Hot,78,87,NA,2,it  was fun.,60,Never,NA,Asian,Female,Non-Hispanic
P0129,2,0.27999999999999997,15,34,No Banner,Lost,0,NA,Chose Non-Hot,64,81,NA,2,it  was fun.,60,Never,NA,Asian,Female,Non-Hispanic
P0129,3,0.6299999999999999,8,8,No Banner,Won,0,NA,Chose Non-Hot,0,NA,NA,2,it  was fun.,60,Never,NA,Asian,Female,Non-Hispanic
P0129,4,0.6199999999999999,22,10,No Banner,Lost,0,NA,Chose Non-Hot,72,90,NA,2,it  was fun.,60,Never,NA,Asian,Female,Non-Hispanic
P0129,5,0.6099999999999999,26,17,No Banner,Lost,0,NA,Chose Non-Hot,66,84,NA,2,it  was fun.,60,Never,NA,Asian,Female,Non-Hispanic
P0129,6,0.5999999999999999,15,2,Banner,Lost,16,hot_win_number,Chose Hot,62,81,20,2,it  was fun.,60,Never,NA,Asian,Female,Non-Hispanic
P0129,7,0.5899999999999999,27,13,No Banner,Lost,0,NA,Chose Non-Hot,57,77,NA,2,it  was fun.,60,Never,NA,Asian,Female,Non-Hispanic
P0129,8,0.5799999999999998,21,16,No Banner,Lost,0,NA,Chose Non-Hot,60,91,NA,2,it  was fun.,60,Never,NA,Asian,Female,Non-Hispanic
P0129,9,0.9299999999999998,20,20,No Banner,Won,0,NA,Chose Non-Hot,0,NA,NA,2,it  was fun.,60,Never,NA,Asian,Female,Non-Hispanic
P0129,10,0.9199999999999998,17,3,No Banner,Lost,0,NA,Chose Non-Hot,63,80,NA,2,it  was fun.,60,Never,NA,Asian,Female,Non-Hispanic
P0129,11,0.9099999999999998,11,13,Banner,Lost,2,hot_win_number,Chose Non-Hot,57,78,0,2,it  was fun.,60,Never,NA,Asian,Female,Non-Hispanic
P0129,12,0.8999999999999998,13,8,Banner,Lost,1,nonhot_win_number,Chose Non-Hot,62,81,0,2,it  was fun.,60,Never,NA,Asian,Female,Non-Hispanic
P0129,13,0.8899999999999998,25,34,Banner,Lost,3,nonhot_win_number,Chose Hot,83,93,0,2,it  was fun.,60,Never,NA,Asian,Female,Non-Hispanic
P0129,14,0.8799999999999998,22,14,No Banner,Lost,0,NA,Chose Non-Hot,62,82,NA,2,it  was fun.,60,Never,NA,Asian,Female,Non-Hispanic
P0129,15,0.8699999999999998,19,32,Banner,Lost,16,nonhot_win_number,Chose Hot,71,83,0,2,it  was fun.,60,Never,NA,Asian,Female,Non-Hispanic
P0129,16,1.2199999999999998,23,23,No Banner,Won,0,NA,Chose Non-Hot,0,NA,NA,2,it  was fun.,60,Never,NA,Asian,Female,Non-Hispanic
P0129,17,1.2099999999999995,24,8,No Banner,Lost,0,NA,Chose Non-Hot,62,86,NA,2,it  was fun.,60,Never,NA,Asian,Female,Non-Hispanic
P0129,18,1.1999999999999995,13,6,Banner,Lost,2,nonhot_win_number,Chose Hot,86,62,0,2,it  was fun.,60,Never,NA,Asian,Female,Non-Hispanic
P0129,19,1.1899999999999995,21,18,No Banner,Lost,0,NA,Chose Non-Hot,58,62,NA,2,it  was fun.,60,Never,NA,Asian,Female,Non-Hispanic
P0129,20,1.1799999999999995,22,26,Banner,Lost,8,hot_win_number,Chose Hot,80,62,0,2,it  was fun.,60,Never,NA,Asian,Female,Non-Hispanic
P0129,21,1.1699999999999997,10,12,Banner,Lost,8,nonhot_win_number,Chose Hot,84,74,0,2,it  was fun.,60,Never,NA,Asian,Female,Non-Hispanic
P0129,22,1.1599999999999997,14,16,Banner,Lost,3,hot_win_number,Chose Non-Hot,82,83,0,2,it  was fun.,60,Never,NA,Asian,Female,Non-Hispanic
P0129,23,1.5099999999999998,21,21,No Banner,Won,0,NA,Chose Non-Hot,0,NA,NA,2,it  was fun.,60,Never,NA,Asian,Female,Non-Hispanic
P0129,24,1.4999999999999998,11,4,Banner,Lost,1,nonhot_win_number,Chose Non-Hot,89,70,0,2,it  was fun.,60,Never,NA,Asian,Female,Non-Hispanic
P0130,1,0.29,1,19,Banner,Lost,16,hot_win_number,Chose Non-Hot,7,43,0,3,I'll be surprised if the game was fair. If it was I got really lucky.,67,About once a week,NA,White,Male,Non-Hispanic
P0130,2,0.27999999999999997,1,21,Banner,Lost,8,nonhot_win_number,Chose Non-Hot,5,46,0,3,I'll be surprised if the game was fair. If it was I got really lucky.,67,About once a week,NA,White,Male,Non-Hispanic
P0130,3,0.26999999999999996,1,22,No Banner,Lost,0,NA,Chose Non-Hot,51,50,NA,3,I'll be surprised if the game was fair. If it was I got really lucky.,67,About once a week,NA,White,Male,Non-Hispanic
P0130,4,0.25999999999999995,23,20,No Banner,Lost,0,NA,Chose Non-Hot,12,56,NA,3,I'll be surprised if the game was fair. If it was I got really lucky.,67,About once a week,NA,White,Male,Non-Hispanic
P0130,5,0.24999999999999992,24,10,No Banner,Lost,0,NA,Chose Non-Hot,47,52,NA,3,I'll be surprised if the game was fair. If it was I got really lucky.,67,About once a week,NA,White,Male,Non-Hispanic
P0130,6,0.5999999999999999,29,29,No Banner,Won,0,NA,Chose Non-Hot,0,NA,NA,3,I'll be surprised if the game was fair. If it was I got really lucky.,67,About once a week,NA,White,Male,Non-Hispanic
P0130,7,0.5899999999999999,32,13,No Banner,Lost,0,NA,Chose Non-Hot,40,63,NA,3,I'll be surprised if the game was fair. If it was I got really lucky.,67,About once a week,NA,White,Male,Non-Hispanic
P0130,8,0.5799999999999998,4,12,Banner,Lost,16,nonhot_win_number,Chose Non-Hot,27,62,0,3,I'll be surprised if the game was fair. If it was I got really lucky.,67,About once a week,NA,White,Male,Non-Hispanic
P0130,9,0.5699999999999998,33,1,No Banner,Lost,0,NA,Chose Non-Hot,40,70,NA,3,I'll be surprised if the game was fair. If it was I got really lucky.,67,About once a week,NA,White,Male,Non-Hispanic
P0130,10,0.5599999999999998,21,12,No Banner,Lost,0,NA,Chose Non-Hot,21,58,NA,3,I'll be surprised if the game was fair. If it was I got really lucky.,67,About once a week,NA,White,Male,Non-Hispanic
P0130,11,0.5499999999999998,30,19,Banner,Lost,2,hot_win_number,Chose Non-Hot,77,100,0,3,I'll be surprised if the game was fair. If it was I got really lucky.,67,About once a week,NA,White,Male,Non-Hispanic
P0130,12,0.8999999999999998,26,26,No Banner,Won,0,NA,Chose Non-Hot,0,NA,NA,3,I'll be surprised if the game was fair. If it was I got really lucky.,67,About once a week,NA,White,Male,Non-Hispanic
P0130,13,0.8899999999999998,33,17,No Banner,Lost,0,NA,Chose Non-Hot,59,63,NA,3,I'll be surprised if the game was fair. If it was I got really lucky.,67,About once a week,NA,White,Male,Non-Hispanic
P0130,14,0.8799999999999998,26,14,Banner,Lost,3,hot_win_number,Chose Non-Hot,43,76,0,3,I'll be surprised if the game was fair. If it was I got really lucky.,67,About once a week,NA,White,Male,Non-Hispanic
P0130,15,0.8699999999999998,36,4,Banner,Lost,3,nonhot_win_number,Chose Non-Hot,52,73,0,3,I'll be surprised if the game was fair. If it was I got really lucky.,67,About once a week,NA,White,Male,Non-Hispanic
P0130,16,1.2199999999999998,15,15,No Banner,Won,0,NA,Chose Non-Hot,0,NA,NA,3,I'll be surprised if the game was fair. If it was I got really lucky.,67,About once a week,NA,White,Male,Non-Hispanic
P0130,17,1.2099999999999995,17,33,Banner,Lost,1,nonhot_win_number,Chose Non-Hot,37,90,0,3,I'll be surprised if the game was fair. If it was I got really lucky.,67,About once a week,NA,White,Male,Non-Hispanic
P0130,18,1.1999999999999995,27,31,Banner,Lost,1,nonhot_win_number,Chose Non-Hot,42,70,0,3,I'll be surprised if the game was fair. If it was I got really lucky.,67,About once a week,NA,White,Male,Non-Hispanic
P0130,19,1.1899999999999995,11,25,No Banner,Lost,0,NA,Chose Non-Hot,48,70,NA,3,I'll be surprised if the game was fair. If it was I got really lucky.,67,About once a week,NA,White,Male,Non-Hispanic
P0130,20,1.1799999999999995,20,9,Banner,Lost,2,nonhot_win_number,Chose Non-Hot,42,61,0,3,I'll be surprised if the game was fair. If it was I got really lucky.,67,About once a week,NA,White,Male,Non-Hispanic
P0130,21,1.1699999999999997,2,8,No Banner,Lost,0,NA,Chose Non-Hot,45,82,NA,3,I'll be surprised if the game was fair. If it was I got really lucky.,67,About once a week,NA,White,Male,Non-Hispanic
P0130,22,1.1599999999999997,5,9,No Banner,Lost,0,NA,Chose Non-Hot,28,83,NA,3,I'll be surprised if the game was fair. If it was I got really lucky.,67,About once a week,NA,White,Male,Non-Hispanic
P0130,23,1.5099999999999998,21,21,No Banner,Won,0,NA,Chose Non-Hot,0,NA,NA,3,I'll be surprised if the game was fair. If it was I got really lucky.,67,About once a week,NA,White,Male,Non-Hispanic
P0130,24,1.4999999999999998,28,6,Banner,Lost,8,hot_win_number,Chose Hot,49,82,0,3,I'll be surprised if the game was fair. If it was I got really lucky.,67,About once a week,NA,White,Male,Non-Hispanic
P0131,1,-0.01,8,1,No Banner,Lost,0,NA,Chose Non-Hot,100,100,NA,2,Interesting task!,38,A few times,NA,Multiracial/Mixed,Male,Hispanic
P0131,2,-0.02,2,22,No Banner,Lost,0,NA,Chose Non-Hot,60,60,NA,2,Interesting task!,38,A few times,NA,Multiracial/Mixed,Male,Hispanic
P0131,3,0.32999999999999996,6,6,No Banner,Won,0,NA,Chose Non-Hot,0,NA,NA,2,Interesting task!,38,A few times,NA,Multiracial/Mixed,Male,Hispanic
P0131,4,0.31999999999999995,22,16,No Banner,Lost,0,NA,Chose Non-Hot,36,64,NA,2,Interesting task!,38,A few times,NA,Multiracial/Mixed,Male,Hispanic
P0131,5,0.30999999999999994,33,27,No Banner,Lost,0,NA,Chose Non-Hot,37,81,NA,2,Interesting task!,38,A few times,NA,Multiracial/Mixed,Male,Hispanic
P0131,6,0.29999999999999993,8,30,Banner,Lost,3,nonhot_win_number,Chose Hot,82,37,NA,2,Interesting task!,38,A few times,NA,Multiracial/Mixed,Male,Hispanic
P0131,7,0.2899999999999999,4,23,Banner,Lost,16,hot_win_number,Chose Hot,74,75,NA,2,Interesting task!,38,A few times,NA,Multiracial/Mixed,Male,Hispanic
P0131,8,0.2799999999999999,35,5,Banner,Lost,1,nonhot_win_number,Chose Non-Hot,34,68,NA,2,Interesting task!,38,A few times,NA,Multiracial/Mixed,Male,Hispanic
P0131,9,0.2699999999999999,31,16,No Banner,Lost,0,NA,Chose Non-Hot,27,71,NA,2,Interesting task!,38,A few times,NA,Multiracial/Mixed,Male,Hispanic
P0131,10,0.6199999999999999,24,24,No Banner,Won,0,NA,Chose Non-Hot,0,NA,NA,2,Interesting task!,38,A few times,NA,Multiracial/Mixed,Male,Hispanic
P0131,11,0.6099999999999999,32,29,Banner,Lost,2,nonhot_win_number,Chose Hot,80,91,NA,2,Interesting task!,38,A few times,NA,Multiracial/Mixed,Male,Hispanic
P0131,12,0.5999999999999999,13,15,Banner,Lost,1,nonhot_win_number,Chose Hot,86,86,NA,2,Interesting task!,38,A few times,NA,Multiracial/Mixed,Male,Hispanic
P0131,13,0.5899999999999999,29,32,Banner,Lost,3,hot_win_number,Chose Non-Hot,30,71,NA,2,Interesting task!,38,A few times,NA,Multiracial/Mixed,Male,Hispanic
P0131,14,0.5799999999999998,28,33,Banner,Lost,8,nonhot_win_number,Chose Hot,71,40,NA,2,Interesting task!,38,A few times,NA,Multiracial/Mixed,Male,Hispanic
P0131,15,0.5699999999999998,2,19,No Banner,Lost,0,NA,Chose Non-Hot,23,70,NA,2,Interesting task!,38,A few times,NA,Multiracial/Mixed,Male,Hispanic
P0131,16,0.5599999999999998,16,30,Banner,Lost,2,hot_win_number,Chose Hot,75,75,NA,2,Interesting task!,38,A few times,NA,Multiracial/Mixed,Male,Hispanic
P0131,17,0.9099999999999998,17,17,No Banner,Won,0,NA,Chose Non-Hot,0,NA,NA,2,Interesting task!,38,A few times,NA,Multiracial/Mixed,Male,Hispanic
P0131,18,0.8999999999999998,27,31,No Banner,Lost,0,NA,Chose Non-Hot,26,76,NA,2,Interesting task!,38,A few times,NA,Multiracial/Mixed,Male,Hispanic
P0131,19,0.8899999999999998,26,32,Banner,Lost,8,hot_win_number,Chose Hot,84,86,NA,2,Interesting task!,38,A few times,NA,Multiracial/Mixed,Male,Hispanic
P0131,20,0.8799999999999998,6,27,No Banner,Lost,0,NA,Chose Non-Hot,38,75,NA,2,Interesting task!,38,A few times,NA,Multiracial/Mixed,Male,Hispanic
P0131,21,1.2299999999999998,33,33,No Banner,Won,0,NA,Chose Non-Hot,0,NA,NA,2,Interesting task!,38,A few times,NA,Multiracial/Mixed,Male,Hispanic
P0131,22,1.2199999999999998,3,24,Banner,Lost,16,nonhot_win_number,Chose Hot,78,65,NA,2,Interesting task!,38,A few times,NA,Multiracial/Mixed,Male,Hispanic
P0131,23,1.2099999999999995,34,28,No Banner,Lost,0,NA,Chose Non-Hot,66,48,NA,2,Interesting task!,38,A few times,NA,Multiracial/Mixed,Male,Hispanic
P0131,24,1.1999999999999995,6,31,No Banner,Lost,0,NA,Chose Non-Hot,29,88,NA,2,Interesting task!,38,A few times,NA,Multiracial/Mixed,Male,Hispanic
P0133,1,-0.01,22,33,No Banner,Lost,0,NA,Chose Non-Hot,100,100,NA,1,,41,Never,NA,Asian,Female,Non-Hispanic
P0133,2,-0.02,8,34,Banner,Lost,2,nonhot_win_number,Chose Hot,50,100,NA,1,,41,Never,NA,Asian,Female,Non-Hispanic
P0133,3,0.32999999999999996,24,24,No Banner,Won,0,NA,Chose Non-Hot,0,NA,NA,1,,41,Never,NA,Asian,Female,Non-Hispanic
P0133,4,0.31999999999999995,25,17,No Banner,Lost,0,NA,Chose Non-Hot,100,100,NA,1,,41,Never,NA,Asian,Female,Non-Hispanic
P0133,5,0.30999999999999994,13,26,Banner,Lost,1,nonhot_win_number,Chose Non-Hot,100,100,NA,1,,41,Never,NA,Asian,Female,Non-Hispanic
P0133,6,0.29999999999999993,31,24,Banner,Lost,3,nonhot_win_number,Chose Hot,32,100,NA,1,,41,Never,NA,Asian,Female,Non-Hispanic
P0133,7,0.2899999999999999,13,3,Banner,Lost,16,nonhot_win_number,Chose Hot,45,100,NA,1,,41,Never,NA,Asian,Female,Non-Hispanic
P0133,8,0.2799999999999999,17,5,No Banner,Lost,0,NA,Chose Non-Hot,100,100,NA,1,,41,Never,NA,Asian,Female,Non-Hispanic
P0133,9,0.2699999999999999,33,2,No Banner,Lost,0,NA,Chose Non-Hot,100,100,NA,1,,41,Never,NA,Asian,Female,Non-Hispanic
P0133,10,0.2599999999999999,6,12,No Banner,Lost,0,NA,Chose Non-Hot,100,100,NA,1,,41,Never,NA,Asian,Female,Non-Hispanic
P0133,11,0.2499999999999999,34,30,Banner,Lost,16,hot_win_number,Chose Hot,38,100,NA,1,,41,Never,NA,Asian,Female,Non-Hispanic
P0133,12,0.5999999999999999,21,21,No Banner,Won,0,NA,Chose Non-Hot,0,NA,NA,1,,41,Never,NA,Asian,Female,Non-Hispanic
P0133,13,0.5899999999999999,14,6,Banner,Lost,2,hot_win_number,Chose Non-Hot,100,100,NA,1,,41,Never,NA,Asian,Female,Non-Hispanic
P0133,14,0.5799999999999998,28,16,No Banner,Lost,0,NA,Chose Non-Hot,100,100,NA,1,,41,Never,NA,Asian,Female,Non-Hispanic
P0133,15,0.5699999999999998,10,19,No Banner,Lost,0,NA,Chose Non-Hot,100,100,NA,1,,41,Never,NA,Asian,Female,Non-Hispanic
P0133,16,0.5599999999999998,25,13,No Banner,Lost,0,NA,Chose Non-Hot,100,100,NA,1,,41,Never,NA,Asian,Female,Non-Hispanic
P0133,17,0.5499999999999998,18,12,No Banner,Lost,0,NA,Chose Non-Hot,100,100,NA,1,,41,Never,NA,Asian,Female,Non-Hispanic
P0133,18,0.8999999999999998,8,8,No Banner,Won,0,NA,Chose Non-Hot,0,NA,NA,1,,41,Never,NA,Asian,Female,Non-Hispanic
P0133,19,0.8899999999999998,18,34,Banner,Lost,8,hot_win_number,Chose Hot,22,100,NA,1,,41,Never,NA,Asian,Female,Non-Hispanic
P0133,20,0.8799999999999998,20,6,Banner,Lost,3,hot_win_number,Chose Hot,40,100,NA,1,,41,Never,NA,Asian,Female,Non-Hispanic
P0133,21,1.2299999999999998,24,24,No Banner,Won,0,NA,Chose Non-Hot,0,NA,NA,1,,41,Never,NA,Asian,Female,Non-Hispanic
P0133,22,1.2199999999999998,17,10,Banner,Lost,1,nonhot_win_number,Chose Hot,100,100,NA,1,,41,Never,NA,Asian,Female,Non-Hispanic
P0133,23,1.2099999999999995,9,3,Banner,Lost,8,nonhot_win_number,Chose Hot,27,100,NA,1,,41,Never,NA,Asian,Female,Non-Hispanic
P0133,24,1.1999999999999995,22,26,No Banner,Lost,0,NA,Chose Non-Hot,100,100,NA,1,,41,Never,NA,Asian,Female,Non-Hispanic
P0134,1,0.29,6,12,Banner,Lost,2,hot_win_number,Chose Non-Hot,85,100,100,1,"I liked this a lot, I do think the reflection afterwords is kind of pointless because of course I regret picking the wrong number, and of course I don't regret not picking the hot number when it doesn't win.",35,About once a month,NA,White,Female,Hispanic
P0134,2,0.27999999999999997,33,9,No Banner,Lost,0,NA,Chose Non-Hot,100,100,NA,1,"I liked this a lot, I do think the reflection afterwords is kind of pointless because of course I regret picking the wrong number, and of course I don't regret not picking the hot number when it doesn't win.",35,About once a month,NA,White,Female,Hispanic
P0134,3,0.6299999999999999,30,30,No Banner,Won,0,NA,Chose Non-Hot,0,NA,NA,1,"I liked this a lot, I do think the reflection afterwords is kind of pointless because of course I regret picking the wrong number, and of course I don't regret not picking the hot number when it doesn't win.",35,About once a month,NA,White,Female,Hispanic
P0134,4,0.6199999999999999,35,15,Banner,Lost,16,nonhot_win_number,Chose Non-Hot,100,100,0,1,"I liked this a lot, I do think the reflection afterwords is kind of pointless because of course I regret picking the wrong number, and of course I don't regret not picking the hot number when it doesn't win.",35,About once a month,NA,White,Female,Hispanic
P0134,5,0.6099999999999999,20,11,Banner,Lost,3,hot_win_number,Chose Non-Hot,100,100,0,1,"I liked this a lot, I do think the reflection afterwords is kind of pointless because of course I regret picking the wrong number, and of course I don't regret not picking the hot number when it doesn't win.",35,About once a month,NA,White,Female,Hispanic
P0134,6,0.5999999999999999,22,31,Banner,Lost,8,nonhot_win_number,Chose Non-Hot,100,100,0,1,"I liked this a lot, I do think the reflection afterwords is kind of pointless because of course I regret picking the wrong number, and of course I don't regret not picking the hot number when it doesn't win.",35,About once a month,NA,White,Female,Hispanic
P0134,7,0.5899999999999999,24,17,No Banner,Lost,0,NA,Chose Non-Hot,100,100,NA,1,"I liked this a lot, I do think the reflection afterwords is kind of pointless because of course I regret picking the wrong number, and of course I don't regret not picking the hot number when it doesn't win.",35,About once a month,NA,White,Female,Hispanic
P0134,8,0.5799999999999998,30,5,Banner,Lost,1,nonhot_win_number,Chose Hot,100,100,NA,1,"I liked this a lot, I do think the reflection afterwords is kind of pointless because of course I regret picking the wrong number, and of course I don't regret not picking the hot number when it doesn't win.",35,About once a month,NA,White,Female,Hispanic
P0134,9,0.9299999999999998,22,22,No Banner,Won,0,NA,Chose Non-Hot,0,NA,NA,1,"I liked this a lot, I do think the reflection afterwords is kind of pointless because of course I regret picking the wrong number, and of course I don't regret not picking the hot number when it doesn't win.",35,About once a month,NA,White,Female,Hispanic
P0134,10,0.9199999999999998,8,20,No Banner,Lost,0,NA,Chose Non-Hot,85,100,NA,1,"I liked this a lot, I do think the reflection afterwords is kind of pointless because of course I regret picking the wrong number, and of course I don't regret not picking the hot number when it doesn't win.",35,About once a month,NA,White,Female,Hispanic
P0134,11,0.9099999999999998,28,12,No Banner,Lost,0,NA,Chose Non-Hot,95,100,NA,1,"I liked this a lot, I do think the reflection afterwords is kind of pointless because of course I regret picking the wrong number, and of course I don't regret not picking the hot number when it doesn't win.",35,About once a month,NA,White,Female,Hispanic
P0134,12,0.8999999999999998,18,23,No Banner,Lost,0,NA,Chose Non-Hot,97,100,NA,1,"I liked this a lot, I do think the reflection afterwords is kind of pointless because of course I regret picking the wrong number, and of course I don't regret not picking the hot number when it doesn't win.",35,About once a month,NA,White,Female,Hispanic
P0134,13,0.8899999999999998,20,34,No Banner,Lost,0,NA,Chose Non-Hot,97,100,NA,1,"I liked this a lot, I do think the reflection afterwords is kind of pointless because of course I regret picking the wrong number, and of course I don't regret not picking the hot number when it doesn't win.",35,About once a month,NA,White,Female,Hispanic
P0134,14,0.8799999999999998,15,16,Banner,Lost,16,hot_win_number,Chose Hot,100,100,0,1,"I liked this a lot, I do think the reflection afterwords is kind of pointless because of course I regret picking the wrong number, and of course I don't regret not picking the hot number when it doesn't win.",35,About once a month,NA,White,Female,Hispanic
P0134,15,1.2299999999999998,21,21,No Banner,Won,0,NA,Chose Non-Hot,0,NA,NA,1,"I liked this a lot, I do think the reflection afterwords is kind of pointless because of course I regret picking the wrong number, and of course I don't regret not picking the hot number when it doesn't win.",35,About once a month,NA,White,Female,Hispanic
P0134,16,1.2199999999999998,12,4,Banner,Lost,2,nonhot_win_number,Chose Non-Hot,98,100,0,1,"I liked this a lot, I do think the reflection afterwords is kind of pointless because of course I regret picking the wrong number, and of course I don't regret not picking the hot number when it doesn't win.",35,About once a month,NA,White,Female,Hispanic
P0134,17,1.2099999999999995,21,8,No Banner,Lost,0,NA,Chose Non-Hot,100,100,NA,1,"I liked this a lot, I do think the reflection afterwords is kind of pointless because of course I regret picking the wrong number, and of course I don't regret not picking the hot number when it doesn't win.",35,About once a month,NA,White,Female,Hispanic
P0134,18,1.1999999999999995,14,18,No Banner,Lost,0,NA,Chose Non-Hot,95,100,NA,1,"I liked this a lot, I do think the reflection afterwords is kind of pointless because of course I regret picking the wrong number, and of course I don't regret not picking the hot number when it doesn't win.",35,About once a month,NA,White,Female,Hispanic
P0134,19,1.1899999999999995,18,16,No Banner,Lost,0,NA,Chose Non-Hot,99,100,NA,1,"I liked this a lot, I do think the reflection afterwords is kind of pointless because of course I regret picking the wrong number, and of course I don't regret not picking the hot number when it doesn't win.",35,About once a month,NA,White,Female,Hispanic
P0134,20,1.1799999999999995,21,23,Banner,Lost,3,nonhot_win_number,Chose Non-Hot,99,100,0,1,"I liked this a lot, I do think the reflection afterwords is kind of pointless because of course I regret picking the wrong number, and of course I don't regret not picking the hot number when it doesn't win.",35,About once a month,NA,White,Female,Hispanic
P0134,21,1.1699999999999997,21,9,No Banner,Lost,0,NA,Chose Non-Hot,100,100,NA,1,"I liked this a lot, I do think the reflection afterwords is kind of pointless because of course I regret picking the wrong number, and of course I don't regret not picking the hot number when it doesn't win.",35,About once a month,NA,White,Female,Hispanic
P0134,22,1.1599999999999997,28,23,Banner,Lost,1,nonhot_win_number,Chose Non-Hot,95,100,0,1,"I liked this a lot, I do think the reflection afterwords is kind of pointless because of course I regret picking the wrong number, and of course I don't regret not picking the hot number when it doesn't win.",35,About once a month,NA,White,Female,Hispanic
P0134,23,1.1499999999999997,6,33,Banner,Lost,8,hot_win_number,Chose Hot,100,100,0,1,"I liked this a lot, I do think the reflection afterwords is kind of pointless because of course I regret picking the wrong number, and of course I don't regret not picking the hot number when it doesn't win.",35,About once a month,NA,White,Female,Hispanic
P0134,24,1.4999999999999996,15,15,No Banner,Won,0,NA,Chose Non-Hot,0,NA,NA,1,"I liked this a lot, I do think the reflection afterwords is kind of pointless because of course I regret picking the wrong number, and of course I don't regret not picking the hot number when it doesn't win.",35,About once a month,NA,White,Female,Hispanic
P0136,1,-0.01,30,21,Banner,Lost,3,nonhot_win_number,Chose Hot,50,50,NA,1,,29,Never,NA,White,Female,Non-Hispanic
P0136,2,-0.02,22,36,No Banner,Lost,0,NA,Chose Non-Hot,50,50,NA,1,,29,Never,NA,White,Female,Non-Hispanic
P0136,3,-0.03,16,5,No Banner,Lost,0,NA,Chose Non-Hot,55,55,NA,1,,29,Never,NA,White,Female,Non-Hispanic
P0136,4,-0.04,13,2,No Banner,Lost,0,NA,Chose Non-Hot,55,55,NA,1,,29,Never,NA,White,Female,Non-Hispanic
P0136,5,0.31,18,18,No Banner,Won,0,NA,Chose Non-Hot,0,NA,NA,1,,29,Never,NA,White,Female,Non-Hispanic
P0136,6,0.3,28,15,Banner,Lost,2,nonhot_win_number,Chose Hot,50,50,NA,1,,29,Never,NA,White,Female,Non-Hispanic
P0136,7,0.29,21,11,Banner,Lost,8,nonhot_win_number,Chose Hot,60,55,NA,1,,29,Never,NA,White,Female,Non-Hispanic
P0136,8,0.27999999999999997,21,36,Banner,Lost,3,hot_win_number,Chose Hot,55,55,NA,1,,29,Never,NA,White,Female,Non-Hispanic
P0136,9,0.26999999999999996,17,28,No Banner,Lost,0,NA,Chose Non-Hot,55,55,NA,1,,29,Never,NA,White,Female,Non-Hispanic
P0136,10,0.6199999999999999,24,24,No Banner,Won,0,NA,Chose Non-Hot,0,NA,NA,1,,29,Never,NA,White,Female,Non-Hispanic
P0136,11,0.6099999999999999,9,22,No Banner,Lost,0,NA,Chose Non-Hot,40,40,NA,1,,29,Never,NA,White,Female,Non-Hispanic
P0136,12,0.5999999999999999,13,25,No Banner,Lost,0,NA,Chose Non-Hot,40,40,NA,1,,29,Never,NA,White,Female,Non-Hispanic
P0136,13,0.5899999999999999,7,16,No Banner,Lost,0,NA,Chose Non-Hot,55,55,NA,1,,29,Never,NA,White,Female,Non-Hispanic
P0136,14,0.5799999999999998,31,20,No Banner,Lost,0,NA,Chose Non-Hot,55,55,NA,1,,29,Never,NA,White,Female,Non-Hispanic
P0136,15,0.5699999999999998,9,34,Banner,Lost,1,nonhot_win_number,Chose Hot,75,40,NA,1,,29,Never,NA,White,Female,Non-Hispanic
P0136,16,0.5599999999999998,17,3,No Banner,Lost,0,NA,Chose Non-Hot,50,50,NA,1,,29,Never,NA,White,Female,Non-Hispanic
P0136,17,0.5499999999999998,23,30,Banner,Lost,16,hot_win_number,Chose Hot,50,50,NA,1,,29,Never,NA,White,Female,Non-Hispanic
P0136,18,0.8999999999999998,1,1,No Banner,Won,0,NA,Chose Non-Hot,0,NA,NA,1,,29,Never,NA,White,Female,Non-Hispanic
P0136,19,0.8899999999999998,26,10,Banner,Lost,1,nonhot_win_number,Chose Hot,55,50,NA,1,,29,Never,NA,White,Female,Non-Hispanic
P0136,20,0.8799999999999998,19,32,No Banner,Lost,0,NA,Chose Non-Hot,50,50,NA,1,,29,Never,NA,White,Female,Non-Hispanic
P0136,21,0.8699999999999998,17,25,Banner,Lost,2,hot_win_number,Chose Non-Hot,60,60,NA,1,,29,Never,NA,White,Female,Non-Hispanic
P0136,22,0.8599999999999998,31,14,Banner,Lost,8,hot_win_number,Chose Non-Hot,45,45,NA,1,,29,Never,NA,White,Female,Non-Hispanic
P0136,23,1.2099999999999995,19,19,No Banner,Won,0,NA,Chose Non-Hot,0,NA,NA,1,,29,Never,NA,White,Female,Non-Hispanic
P0136,24,1.1999999999999995,29,36,Banner,Lost,16,nonhot_win_number,Chose Hot,45,40,NA,1,,29,Never,NA,White,Female,Non-Hispanic
P0137,1,0.29,33,36,Banner,Lost,8,nonhot_win_number,Chose Hot,1,70,100,1,"That was pretty fun, and they payoff when winning was really good!",44,A few times,NA,White,Male,Non-Hispanic
P0137,2,0.27999999999999997,12,14,Banner,Lost,16,nonhot_win_number,Chose Hot,40,100,100,1,"That was pretty fun, and they payoff when winning was really good!",44,A few times,NA,White,Male,Non-Hispanic
P0137,3,0.26999999999999996,12,10,No Banner,Lost,0,NA,Chose Non-Hot,75,100,NA,1,"That was pretty fun, and they payoff when winning was really good!",44,A few times,NA,White,Male,Non-Hispanic
P0137,4,0.25999999999999995,25,31,Banner,Lost,2,hot_win_number,Chose Hot,100,100,NA,1,"That was pretty fun, and they payoff when winning was really good!",44,A few times,NA,White,Male,Non-Hispanic
P0137,5,0.6099999999999999,12,12,No Banner,Won,0,NA,Chose Non-Hot,0,NA,NA,1,"That was pretty fun, and they payoff when winning was really good!",44,A few times,NA,White,Male,Non-Hispanic
P0137,6,0.5999999999999999,4,12,Banner,Lost,3,nonhot_win_number,Chose Hot,90,100,0,1,"That was pretty fun, and they payoff when winning was really good!",44,A few times,NA,White,Male,Non-Hispanic
P0137,7,0.5899999999999999,13,1,No Banner,Lost,0,NA,Chose Non-Hot,100,100,NA,1,"That was pretty fun, and they payoff when winning was really good!",44,A few times,NA,White,Male,Non-Hispanic
P0137,8,0.5799999999999998,4,1,Banner,Lost,16,hot_win_number,Chose Hot,100,100,0,1,"That was pretty fun, and they payoff when winning was really good!",44,A few times,NA,White,Male,Non-Hispanic
P0137,9,0.5699999999999998,15,23,Banner,Lost,1,nonhot_win_number,Chose Hot,100,100,NA,1,"That was pretty fun, and they payoff when winning was really good!",44,A few times,NA,White,Male,Non-Hispanic
P0137,10,0.9199999999999998,4,4,No Banner,Won,0,NA,Chose Non-Hot,0,NA,NA,1,"That was pretty fun, and they payoff when winning was really good!",44,A few times,NA,White,Male,Non-Hispanic
P0137,11,0.9099999999999998,13,12,No Banner,Lost,0,NA,Chose Non-Hot,100,100,NA,1,"That was pretty fun, and they payoff when winning was really good!",44,A few times,NA,White,Male,Non-Hispanic
P0137,12,0.8999999999999998,13,26,No Banner,Lost,0,NA,Chose Non-Hot,100,100,NA,1,"That was pretty fun, and they payoff when winning was really good!",44,A few times,NA,White,Male,Non-Hispanic
P0137,13,0.8899999999999998,13,17,No Banner,Lost,0,NA,Chose Non-Hot,100,100,NA,1,"That was pretty fun, and they payoff when winning was really good!",44,A few times,NA,White,Male,Non-Hispanic
P0137,14,0.8799999999999998,31,19,Banner,Lost,1,nonhot_win_number,Chose Hot,100,100,NA,1,"That was pretty fun, and they payoff when winning was really good!",44,A few times,NA,White,Male,Non-Hispanic
P0137,15,0.8699999999999998,22,17,Banner,Lost,2,nonhot_win_number,Chose Hot,100,100,0,1,"That was pretty fun, and they payoff when winning was really good!",44,A few times,NA,White,Male,Non-Hispanic
P0137,16,0.8599999999999998,13,32,No Banner,Lost,0,NA,Chose Non-Hot,100,100,NA,1,"That was pretty fun, and they payoff when winning was really good!",44,A few times,NA,White,Male,Non-Hispanic
P0137,17,0.8499999999999998,13,16,No Banner,Lost,0,NA,Chose Non-Hot,100,100,NA,1,"That was pretty fun, and they payoff when winning was really good!",44,A few times,NA,White,Male,Non-Hispanic
P0137,18,1.1999999999999995,13,13,No Banner,Won,0,NA,Chose Non-Hot,0,NA,NA,1,"That was pretty fun, and they payoff when winning was really good!",44,A few times,NA,White,Male,Non-Hispanic
P0137,19,1.1899999999999995,21,25,Banner,Lost,8,hot_win_number,Chose Hot,100,100,0,1,"That was pretty fun, and they payoff when winning was really good!",44,A few times,NA,White,Male,Non-Hispanic
P0137,20,1.1799999999999995,17,9,Banner,Lost,3,hot_win_number,Chose Hot,100,100,0,1,"That was pretty fun, and they payoff when winning was really good!",44,A few times,NA,White,Male,Non-Hispanic
P0137,21,1.5299999999999998,13,13,No Banner,Won,0,NA,Chose Non-Hot,0,NA,NA,1,"That was pretty fun, and they payoff when winning was really good!",44,A few times,NA,White,Male,Non-Hispanic
P0137,22,1.5199999999999998,21,28,No Banner,Lost,0,NA,Chose Non-Hot,100,100,NA,1,"That was pretty fun, and they payoff when winning was really good!",44,A few times,NA,White,Male,Non-Hispanic
P0137,23,1.5099999999999998,13,32,No Banner,Lost,0,NA,Chose Non-Hot,100,100,NA,1,"That was pretty fun, and they payoff when winning was really good!",44,A few times,NA,White,Male,Non-Hispanic
P0137,24,1.4999999999999998,13,7,No Banner,Lost,0,NA,Chose Non-Hot,100,100,NA,1,"That was pretty fun, and they payoff when winning was really good!",44,A few times,NA,White,Male,Non-Hispanic
P0141,1,0.29,18,27,No Banner,Lost,0,NA,Chose Non-Hot,75,100,NA,1,no issues with the study and everything went well,36,About once a week,NA,White,Male,Non-Hispanic
P0141,2,0.27999999999999997,13,23,Banner,Lost,1,nonhot_win_number,Chose Non-Hot,60,80,5,1,no issues with the study and everything went well,36,About once a week,NA,White,Male,Non-Hispanic
P0141,3,0.26999999999999996,9,23,No Banner,Lost,0,NA,Chose Non-Hot,70,90,NA,1,no issues with the study and everything went well,36,About once a week,NA,White,Male,Non-Hispanic
P0141,4,0.25999999999999995,14,5,No Banner,Lost,0,NA,Chose Non-Hot,70,100,NA,1,no issues with the study and everything went well,36,About once a week,NA,White,Male,Non-Hispanic
P0141,5,0.6099999999999999,21,21,No Banner,Won,0,NA,Chose Non-Hot,0,NA,NA,1,no issues with the study and everything went well,36,About once a week,NA,White,Male,Non-Hispanic
P0141,6,0.5999999999999999,25,28,Banner,Lost,1,nonhot_win_number,Chose Non-Hot,50,75,75,1,no issues with the study and everything went well,36,About once a week,NA,White,Male,Non-Hispanic
P0141,7,0.5899999999999999,17,35,No Banner,Lost,0,NA,Chose Non-Hot,80,70,NA,1,no issues with the study and everything went well,36,About once a week,NA,White,Male,Non-Hispanic
P0141,8,0.5799999999999998,23,15,Banner,Lost,16,nonhot_win_number,Chose Non-Hot,65,70,0,1,no issues with the study and everything went well,36,About once a week,NA,White,Male,Non-Hispanic
P0141,9,0.9299999999999998,29,29,No Banner,Won,0,NA,Chose Non-Hot,0,NA,NA,1,no issues with the study and everything went well,36,About once a week,NA,White,Male,Non-Hispanic
P0141,10,0.9199999999999998,8,22,No Banner,Lost,0,NA,Chose Non-Hot,50,60,NA,1,no issues with the study and everything went well,36,About once a week,NA,White,Male,Non-Hispanic
P0141,11,0.9099999999999998,16,8,Banner,Lost,16,hot_win_number,Chose Hot,50,65,0,1,no issues with the study and everything went well,36,About once a week,NA,White,Male,Non-Hispanic
P0141,12,0.8999999999999998,1,5,Banner,Lost,2,hot_win_number,Chose Non-Hot,50,70,0,1,no issues with the study and everything went well,36,About once a week,NA,White,Male,Non-Hispanic
P0141,13,0.8899999999999998,23,8,No Banner,Lost,0,NA,Chose Non-Hot,60,70,NA,1,no issues with the study and everything went well,36,About once a week,NA,White,Male,Non-Hispanic
P0141,14,0.8799999999999998,21,23,No Banner,Lost,0,NA,Chose Non-Hot,100,100,NA,1,no issues with the study and everything went well,36,About once a week,NA,White,Male,Non-Hispanic
P0141,15,0.8699999999999998,16,18,No Banner,Lost,0,NA,Chose Non-Hot,65,80,NA,1,no issues with the study and everything went well,36,About once a week,NA,White,Male,Non-Hispanic
P0141,16,0.8599999999999998,20,33,No Banner,Lost,0,NA,Chose Non-Hot,50,60,NA,1,no issues with the study and everything went well,36,About once a week,NA,White,Male,Non-Hispanic
P0141,17,0.8499999999999998,32,25,No Banner,Lost,0,NA,Chose Non-Hot,35,55,NA,1,no issues with the study and everything went well,36,About once a week,NA,White,Male,Non-Hispanic
P0141,18,1.1999999999999995,17,17,No Banner,Won,0,NA,Chose Non-Hot,0,NA,NA,1,no issues with the study and everything went well,36,About once a week,NA,White,Male,Non-Hispanic
P0141,19,1.1899999999999995,32,3,Banner,Lost,3,hot_win_number,Chose Non-Hot,50,80,0,1,no issues with the study and everything went well,36,About once a week,NA,White,Male,Non-Hispanic
P0141,20,1.1799999999999995,6,15,Banner,Lost,8,nonhot_win_number,Chose Hot,45,50,0,1,no issues with the study and everything went well,36,About once a week,NA,White,Male,Non-Hispanic
P0141,21,1.1699999999999997,21,1,Banner,Lost,2,nonhot_win_number,Chose Non-Hot,50,60,0,1,no issues with the study and everything went well,36,About once a week,NA,White,Male,Non-Hispanic
P0141,22,1.1599999999999997,15,1,Banner,Lost,8,hot_win_number,Chose Non-Hot,30,50,0,1,no issues with the study and everything went well,36,About once a week,NA,White,Male,Non-Hispanic
P0141,23,1.5099999999999998,14,14,No Banner,Won,0,NA,Chose Non-Hot,0,NA,NA,1,no issues with the study and everything went well,36,About once a week,NA,White,Male,Non-Hispanic
P0141,24,1.4999999999999998,36,15,Banner,Lost,3,nonhot_win_number,Chose Non-Hot,50,75,0,1,no issues with the study and everything went well,36,About once a week,NA,White,Male,Non-Hispanic
P0142,1,-0.01,19,23,Banner,Lost,2,hot_win_number,Chose Hot,40,60,NA,1,,27,About once a month,NA,White,Male,Non-Hispanic
P0142,2,-0.02,8,9,Banner,Lost,3,hot_win_number,Chose Hot,55,65,NA,1,,27,About once a month,NA,White,Male,Non-Hispanic
P0142,3,-0.03,1,9,No Banner,Lost,0,NA,Chose Non-Hot,15,10,NA,1,,27,About once a month,NA,White,Male,Non-Hispanic
P0142,4,-0.04,33,24,Banner,Lost,8,hot_win_number,Chose Hot,24,40,NA,1,,27,About once a month,NA,White,Male,Non-Hispanic
P0142,5,0.31,30,30,No Banner,Won,0,NA,Chose Non-Hot,0,NA,NA,1,,27,About once a month,NA,White,Male,Non-Hispanic
P0142,6,0.3,13,18,Banner,Lost,1,nonhot_win_number,Chose Hot,7,8,NA,1,,27,About once a month,NA,White,Male,Non-Hispanic
P0142,7,0.29,3,5,Banner,Lost,16,hot_win_number,Chose Hot,6,12,NA,1,,27,About once a month,NA,White,Male,Non-Hispanic
P0142,8,0.27999999999999997,34,21,No Banner,Lost,0,NA,Chose Non-Hot,12,14,NA,1,,27,About once a month,NA,White,Male,Non-Hispanic
P0142,9,0.26999999999999996,1,14,Banner,Lost,3,nonhot_win_number,Chose Hot,2,5,NA,1,,27,About once a month,NA,White,Male,Non-Hispanic
P0142,10,0.6199999999999999,29,29,No Banner,Won,0,NA,Chose Non-Hot,0,NA,NA,1,,27,About once a month,NA,White,Male,Non-Hispanic
P0142,11,0.6099999999999999,20,36,No Banner,Lost,0,NA,Chose Non-Hot,6,11,NA,1,,27,About once a month,NA,White,Male,Non-Hispanic
P0142,12,0.5999999999999999,36,28,No Banner,Lost,0,NA,Chose Non-Hot,2,4,NA,1,,27,About once a month,NA,White,Male,Non-Hispanic
P0142,13,0.5899999999999999,13,16,No Banner,Lost,0,NA,Chose Non-Hot,6,7,NA,1,,27,About once a month,NA,White,Male,Non-Hispanic
P0142,14,0.5799999999999998,15,10,Banner,Lost,1,nonhot_win_number,Chose Hot,3,7,NA,1,,27,About once a month,NA,White,Male,Non-Hispanic
P0142,15,0.5699999999999998,6,9,No Banner,Lost,0,NA,Chose Non-Hot,2,2,NA,1,,27,About once a month,NA,White,Male,Non-Hispanic
P0142,16,0.9199999999999998,31,31,No Banner,Won,0,NA,Chose Non-Hot,0,NA,NA,1,,27,About once a month,NA,White,Male,Non-Hispanic
P0142,17,0.9099999999999998,36,27,No Banner,Lost,0,NA,Chose Non-Hot,3,6,NA,1,,27,About once a month,NA,White,Male,Non-Hispanic
P0142,18,0.8999999999999998,4,32,No Banner,Lost,0,NA,Chose Non-Hot,2,3,NA,1,,27,About once a month,NA,White,Male,Non-Hispanic
P0142,19,0.8899999999999998,30,10,Banner,Lost,8,nonhot_win_number,Chose Hot,23,18,NA,1,,27,About once a month,NA,White,Male,Non-Hispanic
P0142,20,0.8799999999999998,14,36,Banner,Lost,2,nonhot_win_number,Chose Hot,4,4,NA,1,,27,About once a month,NA,White,Male,Non-Hispanic
P0142,21,0.8699999999999998,21,16,Banner,Lost,16,nonhot_win_number,Chose Hot,5,6,NA,1,,27,About once a month,NA,White,Male,Non-Hispanic
P0142,22,1.2199999999999998,20,20,No Banner,Won,0,NA,Chose Non-Hot,0,NA,NA,1,,27,About once a month,NA,White,Male,Non-Hispanic
P0142,23,1.2099999999999995,18,8,No Banner,Lost,0,NA,Chose Non-Hot,2,2,NA,1,,27,About once a month,NA,White,Male,Non-Hispanic
P0142,24,1.1999999999999995,5,30,No Banner,Lost,0,NA,Chose Non-Hot,2,3,NA,1,,27,About once a month,NA,White,Male,Non-Hispanic
P0143,1,0.29,15,28,Banner,Lost,2,nonhot_win_number,Chose Non-Hot,57,8,0,1,,39,A few times,NA,White,Male,Non-Hispanic
P0143,2,0.27999999999999997,36,2,Banner,Lost,1,nonhot_win_number,Chose Hot,14,15,NA,1,,39,A few times,NA,White,Male,Non-Hispanic
P0143,3,0.26999999999999996,22,29,Banner,Lost,8,nonhot_win_number,Chose Hot,7,6,6,1,,39,A few times,NA,White,Male,Non-Hispanic
P0143,4,0.6199999999999999,12,12,No Banner,Won,0,NA,Chose Non-Hot,0,NA,NA,1,,39,A few times,NA,White,Male,Non-Hispanic
P0143,5,0.6099999999999999,3,17,No Banner,Lost,0,NA,Chose Non-Hot,19,15,NA,1,,39,A few times,NA,White,Male,Non-Hispanic
P0143,6,0.5999999999999999,6,2,Banner,Lost,8,hot_win_number,Chose Hot,54,31,0,1,,39,A few times,NA,White,Male,Non-Hispanic
P0143,7,0.5899999999999999,17,18,Banner,Lost,16,nonhot_win_number,Chose Hot,42,51,0,1,,39,A few times,NA,White,Male,Non-Hispanic
P0143,8,0.5799999999999998,35,16,No Banner,Lost,0,NA,Chose Non-Hot,48,9,NA,1,,39,A few times,NA,White,Male,Non-Hispanic
P0143,9,0.5699999999999998,12,11,Banner,Lost,3,hot_win_number,Chose Hot,35,13,0,1,,39,A few times,NA,White,Male,Non-Hispanic
P0143,10,0.5599999999999998,2,11,No Banner,Lost,0,NA,Chose Non-Hot,32,16,NA,1,,39,A few times,NA,White,Male,Non-Hispanic
P0143,11,0.5499999999999998,4,14,Banner,Lost,3,nonhot_win_number,Chose Hot,32,13,0,1,,39,A few times,NA,White,Male,Non-Hispanic
P0143,12,0.8999999999999998,21,21,No Banner,Won,0,NA,Chose Non-Hot,0,NA,NA,1,,39,A few times,NA,White,Male,Non-Hispanic
P0143,13,0.8899999999999998,5,30,Banner,Lost,2,hot_win_number,Chose Hot,68,72,NA,1,,39,A few times,NA,White,Male,Non-Hispanic
P0143,14,0.8799999999999998,13,27,No Banner,Lost,0,NA,Chose Non-Hot,20,24,NA,1,,39,A few times,NA,White,Male,Non-Hispanic
P0143,15,1.2299999999999998,27,27,No Banner,Won,0,NA,Chose Non-Hot,0,NA,NA,1,,39,A few times,NA,White,Male,Non-Hispanic
P0143,16,1.2199999999999998,14,20,No Banner,Lost,0,NA,Chose Non-Hot,27,26,NA,1,,39,A few times,NA,White,Male,Non-Hispanic
P0143,17,1.2099999999999995,15,21,Banner,Lost,1,nonhot_win_number,Chose Hot,43,24,NA,1,,39,A few times,NA,White,Male,Non-Hispanic
P0143,18,1.1999999999999995,14,23,No Banner,Lost,0,NA,Chose Non-Hot,51,40,NA,1,,39,A few times,NA,White,Male,Non-Hispanic
P0143,19,1.1899999999999995,23,26,No Banner,Lost,0,NA,Chose Non-Hot,36,33,NA,1,,39,A few times,NA,White,Male,Non-Hispanic
P0143,20,1.1799999999999995,30,1,No Banner,Lost,0,NA,Chose Non-Hot,39,31,NA,1,,39,A few times,NA,White,Male,Non-Hispanic
P0143,21,1.5299999999999998,2,2,No Banner,Won,0,NA,Chose Non-Hot,0,NA,NA,1,,39,A few times,NA,White,Male,Non-Hispanic
P0143,22,1.5199999999999998,3,1,No Banner,Lost,0,NA,Chose Non-Hot,40,17,NA,1,,39,A few times,NA,White,Male,Non-Hispanic
P0143,23,1.5099999999999998,3,15,Banner,Lost,16,hot_win_number,Chose Hot,21,19,33,1,,39,A few times,NA,White,Male,Non-Hispanic
P0143,24,1.4999999999999998,11,7,No Banner,Lost,0,NA,Chose Non-Hot,42,33,NA,1,,39,A few times,NA,White,Male,Non-Hispanic
P0144,1,0.29,23,20,Banner,Lost,8,hot_win_number,Chose Non-Hot,7,35,0,1,,56,Never,NA,White,Male,
P0144,2,0.27999999999999997,23,14,Banner,Lost,16,nonhot_win_number,Chose Hot,8,35,0,1,,56,Never,NA,White,Male,
P0144,3,0.26999999999999996,24,22,Banner,Lost,3,hot_win_number,Chose Hot,5,40,0,1,,56,Never,NA,White,Male,
P0144,4,0.25999999999999995,18,24,No Banner,Lost,0,NA,Chose Non-Hot,5,60,NA,1,,56,Never,NA,White,Male,
P0144,5,0.24999999999999992,33,28,No Banner,Lost,0,NA,Chose Non-Hot,5,30,NA,1,,56,Never,NA,White,Male,
P0144,6,0.5999999999999999,33,33,No Banner,Won,0,NA,Chose Non-Hot,0,NA,NA,1,,56,Never,NA,White,Male,
P0144,7,0.5899999999999999,23,13,No Banner,Lost,0,NA,Chose Non-Hot,0,20,NA,1,,56,Never,NA,White,Male,
P0144,8,0.5799999999999998,23,14,Banner,Lost,2,hot_win_number,Chose Non-Hot,0,5,0,1,,56,Never,NA,White,Male,
P0144,9,0.5699999999999998,23,31,Banner,Lost,1,nonhot_win_number,Chose Non-Hot,1,5,0,1,,56,Never,NA,White,Male,
P0144,10,0.5599999999999998,23,26,No Banner,Lost,0,NA,Chose Non-Hot,5,5,NA,1,,56,Never,NA,White,Male,
P0144,11,0.5499999999999998,23,25,Banner,Lost,3,nonhot_win_number,Chose Non-Hot,5,5,0,1,,56,Never,NA,White,Male,
P0144,12,0.8999999999999998,23,23,No Banner,Won,0,NA,Chose Non-Hot,0,NA,NA,1,,56,Never,NA,White,Male,
P0144,13,0.8899999999999998,10,25,Banner,Lost,2,nonhot_win_number,Chose Hot,0,5,0,1,,56,Never,NA,White,Male,
P0144,14,0.8799999999999998,10,3,No Banner,Lost,0,NA,Chose Non-Hot,5,5,NA,1,,56,Never,NA,White,Male,
P0144,15,0.8699999999999998,10,27,Banner,Lost,16,hot_win_number,Chose Hot,5,10,0,1,,56,Never,NA,White,Male,
P0144,16,0.8599999999999998,10,9,No Banner,Lost,0,NA,Chose Non-Hot,0,10,NA,1,,56,Never,NA,White,Male,
P0144,17,0.8499999999999998,29,35,Banner,Lost,1,nonhot_win_number,Chose Non-Hot,5,6,0,1,,56,Never,NA,White,Male,
P0144,18,1.1999999999999995,29,29,No Banner,Won,0,NA,Chose Non-Hot,0,NA,NA,1,,56,Never,NA,White,Male,
P0144,19,1.1899999999999995,10,7,No Banner,Lost,0,NA,Chose Non-Hot,5,5,NA,1,,56,Never,NA,White,Male,
P0144,20,1.1799999999999995,10,15,No Banner,Lost,0,NA,Chose Non-Hot,5,10,NA,1,,56,Never,NA,White,Male,
P0144,21,1.1699999999999997,10,30,No Banner,Lost,0,NA,Chose Non-Hot,0,5,NA,1,,56,Never,NA,White,Male,
P0144,22,1.1599999999999997,10,36,No Banner,Lost,0,NA,Chose Non-Hot,0,5,NA,1,,56,Never,NA,White,Male,
P0144,23,1.5099999999999998,10,10,No Banner,Won,0,NA,Chose Non-Hot,0,NA,NA,1,,56,Never,NA,White,Male,
P0144,24,1.4999999999999998,23,6,Banner,Lost,8,nonhot_win_number,Chose Non-Hot,0,6,0,1,,56,Never,NA,White,Male,
P0145,1,-0.01,17,11,No Banner,Lost,0,NA,Chose Non-Hot,57,87,NA,1,"I think the hotblock was fake.  I don't remember ever finding an emerald on a ""hot block""",41,About once a week,NA,White,Male,Non-Hispanic
P0145,2,-0.02,7,16,Banner,Lost,2,nonhot_win_number,Chose Hot,71,70,NA,1,"I think the hotblock was fake.  I don't remember ever finding an emerald on a ""hot block""",41,About once a week,NA,White,Male,Non-Hispanic
P0145,3,-0.03,25,13,Banner,Lost,8,hot_win_number,Chose Hot,36,83,NA,1,"I think the hotblock was fake.  I don't remember ever finding an emerald on a ""hot block""",41,About once a week,NA,White,Male,Non-Hispanic
P0145,4,-0.04,28,25,Banner,Lost,8,nonhot_win_number,Chose Hot,58,65,NA,1,"I think the hotblock was fake.  I don't remember ever finding an emerald on a ""hot block""",41,About once a week,NA,White,Male,Non-Hispanic
P0145,5,-0.05,31,20,Banner,Lost,2,hot_win_number,Chose Hot,46,81,NA,1,"I think the hotblock was fake.  I don't remember ever finding an emerald on a ""hot block""",41,About once a week,NA,White,Male,Non-Hispanic
P0145,6,0.3,7,7,No Banner,Won,0,NA,Chose Non-Hot,0,NA,NA,1,"I think the hotblock was fake.  I don't remember ever finding an emerald on a ""hot block""",41,About once a week,NA,White,Male,Non-Hispanic
P0145,7,0.29,7,11,No Banner,Lost,0,NA,Chose Non-Hot,62,69,NA,1,"I think the hotblock was fake.  I don't remember ever finding an emerald on a ""hot block""",41,About once a week,NA,White,Male,Non-Hispanic
P0145,8,0.27999999999999997,29,21,Banner,Lost,16,hot_win_number,Chose Hot,17,40,NA,1,"I think the hotblock was fake.  I don't remember ever finding an emerald on a ""hot block""",41,About once a week,NA,White,Male,Non-Hispanic
P0145,9,0.6299999999999999,13,13,No Banner,Won,0,NA,Chose Non-Hot,0,NA,NA,1,"I think the hotblock was fake.  I don't remember ever finding an emerald on a ""hot block""",41,About once a week,NA,White,Male,Non-Hispanic
P0145,10,0.6199999999999999,27,11,Banner,Lost,1,nonhot_win_number,Chose Hot,75,75,NA,1,"I think the hotblock was fake.  I don't remember ever finding an emerald on a ""hot block""",41,About once a week,NA,White,Male,Non-Hispanic
P0145,11,0.6099999999999999,7,27,No Banner,Lost,0,NA,Chose Non-Hot,55,73,NA,1,"I think the hotblock was fake.  I don't remember ever finding an emerald on a ""hot block""",41,About once a week,NA,White,Male,Non-Hispanic
P0145,12,0.5999999999999999,23,26,No Banner,Lost,0,NA,Chose Non-Hot,69,71,NA,1,"I think the hotblock was fake.  I don't remember ever finding an emerald on a ""hot block""",41,About once a week,NA,White,Male,Non-Hispanic
P0145,13,0.5899999999999999,27,22,Banner,Lost,16,nonhot_win_number,Chose Hot,72,74,NA,1,"I think the hotblock was fake.  I don't remember ever finding an emerald on a ""hot block""",41,About once a week,NA,White,Male,Non-Hispanic
P0145,14,0.5799999999999998,7,36,No Banner,Lost,0,NA,Chose Non-Hot,54,54,NA,1,"I think the hotblock was fake.  I don't remember ever finding an emerald on a ""hot block""",41,About once a week,NA,White,Male,Non-Hispanic
P0145,15,0.9299999999999998,17,17,No Banner,Won,0,NA,Chose Non-Hot,0,NA,NA,1,"I think the hotblock was fake.  I don't remember ever finding an emerald on a ""hot block""",41,About once a week,NA,White,Male,Non-Hispanic
P0145,16,0.9199999999999998,15,28,Banner,Lost,1,nonhot_win_number,Chose Hot,68,64,NA,1,"I think the hotblock was fake.  I don't remember ever finding an emerald on a ""hot block""",41,About once a week,NA,White,Male,Non-Hispanic
P0145,17,0.9099999999999998,23,34,Banner,Lost,3,hot_win_number,Chose Hot,55,54,NA,1,"I think the hotblock was fake.  I don't remember ever finding an emerald on a ""hot block""",41,About once a week,NA,White,Male,Non-Hispanic
P0145,18,0.8999999999999998,7,1,No Banner,Lost,0,NA,Chose Non-Hot,61,61,NA,1,"I think the hotblock was fake.  I don't remember ever finding an emerald on a ""hot block""",41,About once a week,NA,White,Male,Non-Hispanic
P0145,19,0.8899999999999998,13,21,No Banner,Lost,0,NA,Chose Non-Hot,41,54,NA,1,"I think the hotblock was fake.  I don't remember ever finding an emerald on a ""hot block""",41,About once a week,NA,White,Male,Non-Hispanic
P0145,20,0.8799999999999998,11,33,No Banner,Lost,0,NA,Chose Non-Hot,39,45,NA,1,"I think the hotblock was fake.  I don't remember ever finding an emerald on a ""hot block""",41,About once a week,NA,White,Male,Non-Hispanic
P0145,21,0.8699999999999998,26,17,No Banner,Lost,0,NA,Chose Non-Hot,49,57,NA,1,"I think the hotblock was fake.  I don't remember ever finding an emerald on a ""hot block""",41,About once a week,NA,White,Male,Non-Hispanic
P0145,22,0.8599999999999998,2,35,No Banner,Lost,0,NA,Chose Non-Hot,47,40,NA,1,"I think the hotblock was fake.  I don't remember ever finding an emerald on a ""hot block""",41,About once a week,NA,White,Male,Non-Hispanic
P0145,23,1.2099999999999995,11,11,No Banner,Won,0,NA,Chose Non-Hot,0,NA,NA,1,"I think the hotblock was fake.  I don't remember ever finding an emerald on a ""hot block""",41,About once a week,NA,White,Male,Non-Hispanic
P0145,24,1.1999999999999995,28,31,Banner,Lost,3,nonhot_win_number,Chose Hot,76,84,NA,1,"I think the hotblock was fake.  I don't remember ever finding an emerald on a ""hot block""",41,About once a week,NA,White,Male,Non-Hispanic
P0146,1,0.29,33,13,No Banner,Lost,0,NA,Chose Non-Hot,50,100,NA,2,,36,A few times,NA,White,Female,Non-Hispanic
P0146,2,0.27999999999999997,16,29,Banner,Lost,2,nonhot_win_number,Chose Hot,50,100,0,2,,36,A few times,NA,White,Female,Non-Hispanic
P0146,3,0.26999999999999996,3,12,Banner,Lost,3,nonhot_win_number,Chose Non-Hot,49,100,0,2,,36,A few times,NA,White,Female,Non-Hispanic
P0146,4,0.6199999999999999,33,33,No Banner,Won,0,NA,Chose Non-Hot,0,NA,NA,2,,36,A few times,NA,White,Female,Non-Hispanic
P0146,5,0.6099999999999999,33,14,Banner,Lost,1,nonhot_win_number,Chose Non-Hot,50,100,0,2,,36,A few times,NA,White,Female,Non-Hispanic
P0146,6,0.5999999999999999,3,21,No Banner,Lost,0,NA,Chose Non-Hot,50,100,NA,2,,36,A few times,NA,White,Female,Non-Hispanic
P0146,7,0.5899999999999999,33,24,No Banner,Lost,0,NA,Chose Non-Hot,49,100,NA,2,,36,A few times,NA,White,Female,Non-Hispanic
P0146,8,0.5799999999999998,23,24,No Banner,Lost,0,NA,Chose Non-Hot,55,100,NA,2,,36,A few times,NA,White,Female,Non-Hispanic
P0146,9,0.5699999999999998,34,6,Banner,Lost,1,nonhot_win_number,Chose Hot,51,100,NA,2,,36,A few times,NA,White,Female,Non-Hispanic
P0146,10,0.5599999999999998,23,17,No Banner,Lost,0,NA,Chose Non-Hot,53,100,NA,2,,36,A few times,NA,White,Female,Non-Hispanic
P0146,11,0.5499999999999998,6,20,Banner,Lost,16,hot_win_number,Chose Hot,52,100,0,2,,36,A few times,NA,White,Female,Non-Hispanic
P0146,12,0.8999999999999998,20,20,No Banner,Won,0,NA,Chose Non-Hot,0,NA,NA,2,,36,A few times,NA,White,Female,Non-Hispanic
P0146,13,0.8899999999999998,24,17,No Banner,Lost,0,NA,Chose Non-Hot,53,100,NA,2,,36,A few times,NA,White,Female,Non-Hispanic
P0146,14,0.8799999999999998,16,13,No Banner,Lost,0,NA,Chose Non-Hot,53,100,NA,2,,36,A few times,NA,White,Female,Non-Hispanic
P0146,15,0.8699999999999998,33,35,Banner,Lost,8,hot_win_number,Chose Hot,54,100,0,2,,36,A few times,NA,White,Female,Non-Hispanic
P0146,16,0.8599999999999998,6,5,Banner,Lost,2,hot_win_number,Chose Non-Hot,51,100,0,2,,36,A few times,NA,White,Female,Non-Hispanic
P0146,17,1.2099999999999995,33,33,No Banner,Won,0,NA,Chose Non-Hot,0,NA,NA,2,,36,A few times,NA,White,Female,Non-Hispanic
P0146,18,1.1999999999999995,33,10,No Banner,Lost,0,NA,Chose Non-Hot,54,100,NA,2,,36,A few times,NA,White,Female,Non-Hispanic
P0146,19,1.1899999999999995,8,34,No Banner,Lost,0,NA,Chose Non-Hot,57,100,NA,2,,36,A few times,NA,White,Female,Non-Hispanic
P0146,20,1.1799999999999995,8,22,Banner,Lost,8,nonhot_win_number,Chose Hot,51,100,0,2,,36,A few times,NA,White,Female,Non-Hispanic
P0146,21,1.5299999999999998,22,22,No Banner,Won,0,NA,Chose Non-Hot,0,NA,NA,2,,36,A few times,NA,White,Female,Non-Hispanic
P0146,22,1.5199999999999998,33,24,No Banner,Lost,0,NA,Chose Non-Hot,55,0,NA,2,,36,A few times,NA,White,Female,Non-Hispanic
P0146,23,1.5099999999999998,33,12,Banner,Lost,16,nonhot_win_number,Chose Non-Hot,51,100,0,2,,36,A few times,NA,White,Female,Non-Hispanic
P0146,24,1.4999999999999998,36,5,Banner,Lost,3,hot_win_number,Chose Hot,52,100,0,2,,36,A few times,NA,White,Female,Non-Hispanic
P0147,1,0.29,29,20,No Banner,Lost,0,NA,Chose Non-Hot,52,100,NA,2,"It seemed like there was a pattern rather than a random draw, or it chose won on certain repeated numbers to allow some wins. ",56,Never,NA,White,Female,Non-Hispanic
P0147,2,0.27999999999999997,29,2,No Banner,Lost,0,NA,Chose Non-Hot,55,100,NA,2,"It seemed like there was a pattern rather than a random draw, or it chose won on certain repeated numbers to allow some wins. ",56,Never,NA,White,Female,Non-Hispanic
P0147,3,0.26999999999999996,6,29,Banner,Lost,3,nonhot_win_number,Chose Hot,54,100,2,2,"It seemed like there was a pattern rather than a random draw, or it chose won on certain repeated numbers to allow some wins. ",56,Never,NA,White,Female,Non-Hispanic
P0147,4,0.25999999999999995,35,19,No Banner,Lost,0,NA,Chose Non-Hot,50,100,NA,2,"It seemed like there was a pattern rather than a random draw, or it chose won on certain repeated numbers to allow some wins. ",56,Never,NA,White,Female,Non-Hispanic
P0147,5,0.24999999999999992,35,6,No Banner,Lost,0,NA,Chose Non-Hot,50,100,NA,2,"It seemed like there was a pattern rather than a random draw, or it chose won on certain repeated numbers to allow some wins. ",56,Never,NA,White,Female,Non-Hispanic
P0147,6,0.5999999999999999,19,19,No Banner,Won,0,NA,Chose Non-Hot,0,NA,NA,2,"It seemed like there was a pattern rather than a random draw, or it chose won on certain repeated numbers to allow some wins. ",56,Never,NA,White,Female,Non-Hispanic
P0147,7,0.5899999999999999,35,5,Banner,Lost,2,nonhot_win_number,Chose Non-Hot,49,100,0,2,"It seemed like there was a pattern rather than a random draw, or it chose won on certain repeated numbers to allow some wins. ",56,Never,NA,White,Female,Non-Hispanic
P0147,8,0.5799999999999998,35,32,Banner,Lost,16,hot_win_number,Chose Hot,47,100,0,2,"It seemed like there was a pattern rather than a random draw, or it chose won on certain repeated numbers to allow some wins. ",56,Never,NA,White,Female,Non-Hispanic
P0147,9,0.5699999999999998,19,14,No Banner,Lost,0,NA,Chose Non-Hot,50,100,NA,2,"It seemed like there was a pattern rather than a random draw, or it chose won on certain repeated numbers to allow some wins. ",56,Never,NA,White,Female,Non-Hispanic
P0147,10,0.5599999999999998,13,28,Banner,Lost,8,nonhot_win_number,Chose Hot,50,100,0,2,"It seemed like there was a pattern rather than a random draw, or it chose won on certain repeated numbers to allow some wins. ",56,Never,NA,White,Female,Non-Hispanic
P0147,11,0.9099999999999998,19,19,No Banner,Won,0,NA,Chose Non-Hot,0,NA,NA,2,"It seemed like there was a pattern rather than a random draw, or it chose won on certain repeated numbers to allow some wins. ",56,Never,NA,White,Female,Non-Hispanic
P0147,12,0.8999999999999998,9,21,Banner,Lost,2,hot_win_number,Chose Hot,50,100,NA,2,"It seemed like there was a pattern rather than a random draw, or it chose won on certain repeated numbers to allow some wins. ",56,Never,NA,White,Female,Non-Hispanic
P0147,13,0.8899999999999998,9,33,Banner,Lost,1,nonhot_win_number,Chose Non-Hot,50,100,0,2,"It seemed like there was a pattern rather than a random draw, or it chose won on certain repeated numbers to allow some wins. ",56,Never,NA,White,Female,Non-Hispanic
P0147,14,0.8799999999999998,9,16,Banner,Lost,8,hot_win_number,Chose Non-Hot,50,100,0,2,"It seemed like there was a pattern rather than a random draw, or it chose won on certain repeated numbers to allow some wins. ",56,Never,NA,White,Female,Non-Hispanic
P0147,15,1.2299999999999998,28,28,No Banner,Won,0,NA,Chose Non-Hot,0,NA,NA,2,"It seemed like there was a pattern rather than a random draw, or it chose won on certain repeated numbers to allow some wins. ",56,Never,NA,White,Female,Non-Hispanic
P0147,16,1.2199999999999998,31,26,Banner,Lost,3,hot_win_number,Chose Hot,50,100,0,2,"It seemed like there was a pattern rather than a random draw, or it chose won on certain repeated numbers to allow some wins. ",56,Never,NA,White,Female,Non-Hispanic
P0147,17,1.2099999999999995,22,7,Banner,Lost,16,nonhot_win_number,Chose Hot,50,100,0,2,"It seemed like there was a pattern rather than a random draw, or it chose won on certain repeated numbers to allow some wins. ",56,Never,NA,White,Female,Non-Hispanic
P0147,18,1.1999999999999995,9,30,No Banner,Lost,0,NA,Chose Non-Hot,50,100,NA,2,"It seemed like there was a pattern rather than a random draw, or it chose won on certain repeated numbers to allow some wins. ",56,Never,NA,White,Female,Non-Hispanic
P0147,19,1.1899999999999995,8,23,No Banner,Lost,0,NA,Chose Non-Hot,50,100,NA,2,"It seemed like there was a pattern rather than a random draw, or it chose won on certain repeated numbers to allow some wins. ",56,Never,NA,White,Female,Non-Hispanic
P0147,20,1.1799999999999995,31,36,No Banner,Lost,0,NA,Chose Non-Hot,50,100,NA,2,"It seemed like there was a pattern rather than a random draw, or it chose won on certain repeated numbers to allow some wins. ",56,Never,NA,White,Female,Non-Hispanic
P0147,21,1.1699999999999997,9,29,No Banner,Lost,0,NA,Chose Non-Hot,50,100,NA,2,"It seemed like there was a pattern rather than a random draw, or it chose won on certain repeated numbers to allow some wins. ",56,Never,NA,White,Female,Non-Hispanic
P0147,22,1.5199999999999996,35,35,No Banner,Won,0,NA,Chose Non-Hot,0,NA,NA,2,"It seemed like there was a pattern rather than a random draw, or it chose won on certain repeated numbers to allow some wins. ",56,Never,NA,White,Female,Non-Hispanic
P0147,23,1.5099999999999996,12,32,Banner,Lost,1,nonhot_win_number,Chose Hot,50,100,NA,2,"It seemed like there was a pattern rather than a random draw, or it chose won on certain repeated numbers to allow some wins. ",56,Never,NA,White,Female,Non-Hispanic
P0147,24,1.4999999999999996,9,16,No Banner,Lost,0,NA,Chose Non-Hot,50,100,NA,2,"It seemed like there was a pattern rather than a random draw, or it chose won on certain repeated numbers to allow some wins. ",56,Never,NA,White,Female,Non-Hispanic
P0150,1,0.29,21,35,No Banner,Lost,0,NA,Chose Non-Hot,0,0,NA,1,,40,Never,NA,White,Male,Non-Hispanic
P0150,2,0.27999999999999997,21,34,No Banner,Lost,0,NA,Chose Non-Hot,0,0,NA,1,,40,Never,NA,White,Male,Non-Hispanic
P0150,3,0.6299999999999999,17,17,No Banner,Won,0,NA,Chose Non-Hot,0,NA,NA,1,,40,Never,NA,White,Male,Non-Hispanic
P0150,4,0.6199999999999999,13,16,Banner,Lost,16,hot_win_number,Chose Hot,0,0,0,1,,40,Never,NA,White,Male,Non-Hispanic
P0150,5,0.6099999999999999,30,9,Banner,Lost,8,hot_win_number,Chose Hot,0,0,0,1,,40,Never,NA,White,Male,Non-Hispanic
P0150,6,0.5999999999999999,15,17,No Banner,Lost,0,NA,Chose Non-Hot,0,0,NA,1,,40,Never,NA,White,Male,Non-Hispanic
P0150,7,0.5899999999999999,17,21,Banner,Lost,1,nonhot_win_number,Chose Non-Hot,0,0,0,1,,40,Never,NA,White,Male,Non-Hispanic
P0150,8,0.5799999999999998,21,15,No Banner,Lost,0,NA,Chose Non-Hot,0,0,NA,1,,40,Never,NA,White,Male,Non-Hispanic
P0150,9,0.5699999999999998,21,32,No Banner,Lost,0,NA,Chose Non-Hot,0,0,NA,1,,40,Never,NA,White,Male,Non-Hispanic
P0150,10,0.5599999999999998,19,12,Banner,Lost,2,nonhot_win_number,Chose Hot,0,0,0,1,,40,Never,NA,White,Male,Non-Hispanic
P0150,11,0.9099999999999998,21,21,No Banner,Won,0,NA,Chose Non-Hot,0,NA,NA,1,,40,Never,NA,White,Male,Non-Hispanic
P0150,12,0.8999999999999998,17,12,No Banner,Lost,0,NA,Chose Non-Hot,0,0,NA,1,,40,Never,NA,White,Male,Non-Hispanic
P0150,13,0.8899999999999998,20,13,No Banner,Lost,0,NA,Chose Non-Hot,0,0,NA,1,,40,Never,NA,White,Male,Non-Hispanic
P0150,14,0.8799999999999998,1,22,No Banner,Lost,0,NA,Chose Non-Hot,0,0,NA,1,,40,Never,NA,White,Male,Non-Hispanic
P0150,15,0.8699999999999998,17,31,No Banner,Lost,0,NA,Chose Non-Hot,0,0,NA,1,,40,Never,NA,White,Male,Non-Hispanic
P0150,16,0.8599999999999998,2,17,Banner,Lost,3,nonhot_win_number,Chose Hot,0,0,0,1,,40,Never,NA,White,Male,Non-Hispanic
P0150,17,1.2099999999999995,17,17,No Banner,Won,0,NA,Chose Non-Hot,0,NA,NA,1,,40,Never,NA,White,Male,Non-Hispanic
P0150,18,1.1999999999999995,3,11,Banner,Lost,3,hot_win_number,Chose Non-Hot,0,0,0,1,,40,Never,NA,White,Male,Non-Hispanic
P0150,19,1.1899999999999995,21,1,No Banner,Lost,0,NA,Chose Non-Hot,0,0,NA,1,,40,Never,NA,White,Male,Non-Hispanic
P0150,20,1.1799999999999995,19,25,Banner,Lost,16,nonhot_win_number,Chose Hot,0,0,0,1,,40,Never,NA,White,Male,Non-Hispanic
P0150,21,1.1699999999999997,7,19,Banner,Lost,2,hot_win_number,Chose Hot,0,0,NA,1,,40,Never,NA,White,Male,Non-Hispanic
P0150,22,1.5199999999999996,23,23,No Banner,Won,0,NA,Chose Non-Hot,0,NA,NA,1,,40,Never,NA,White,Male,Non-Hispanic
P0150,23,1.5099999999999996,34,10,Banner,Lost,1,nonhot_win_number,Chose Hot,0,0,NA,1,,40,Never,NA,White,Male,Non-Hispanic
P0150,24,1.4999999999999996,15,25,Banner,Lost,8,nonhot_win_number,Chose Hot,0,0,0,1,,40,Never,NA,White,Male,Non-Hispanic
P0154,1,0.29,35,22,Banner,Lost,2,hot_win_number,Chose Hot,100,0,NA,2,n/a,30,Never,NA,White,Female,Non-Hispanic
P0154,2,0.27999999999999997,7,19,No Banner,Lost,0,NA,Chose Non-Hot,5,28,NA,2,n/a,30,Never,NA,White,Female,Non-Hispanic
P0154,3,0.26999999999999996,17,36,No Banner,Lost,0,NA,Chose Non-Hot,3,0,NA,2,n/a,30,Never,NA,White,Female,Non-Hispanic
P0154,4,0.6199999999999999,12,12,No Banner,Won,0,NA,Chose Non-Hot,0,NA,NA,2,n/a,30,Never,NA,White,Female,Non-Hispanic
P0154,5,0.6099999999999999,17,26,Banner,Lost,16,hot_win_number,Chose Hot,4,1,0,2,n/a,30,Never,NA,White,Female,Non-Hispanic
P0154,6,0.5999999999999999,12,6,No Banner,Lost,0,NA,Chose Non-Hot,18,0,NA,2,n/a,30,Never,NA,White,Female,Non-Hispanic
P0154,7,0.5899999999999999,19,21,No Banner,Lost,0,NA,Chose Non-Hot,54,4,NA,2,n/a,30,Never,NA,White,Female,Non-Hispanic
P0154,8,0.5799999999999998,23,3,No Banner,Lost,0,NA,Chose Non-Hot,52,7,NA,2,n/a,30,Never,NA,White,Female,Non-Hispanic
P0154,9,0.5699999999999998,30,36,No Banner,Lost,0,NA,Chose Non-Hot,58,11,NA,2,n/a,30,Never,NA,White,Female,Non-Hispanic
P0154,10,0.5599999999999998,23,1,Banner,Lost,8,nonhot_win_number,Chose Hot,53,13,0,2,n/a,30,Never,NA,White,Female,Non-Hispanic
P0154,11,0.5499999999999998,5,20,Banner,Lost,1,nonhot_win_number,Chose Hot,79,24,NA,2,n/a,30,Never,NA,White,Female,Non-Hispanic
P0154,12,0.8999999999999998,8,8,No Banner,Won,0,NA,Chose Non-Hot,0,NA,NA,2,n/a,30,Never,NA,White,Female,Non-Hispanic
P0154,13,0.8899999999999998,4,31,No Banner,Lost,0,NA,Chose Non-Hot,46,15,NA,2,n/a,30,Never,NA,White,Female,Non-Hispanic
P0154,14,0.8799999999999998,9,27,Banner,Lost,1,nonhot_win_number,Chose Hot,49,20,NA,2,n/a,30,Never,NA,White,Female,Non-Hispanic
P0154,15,0.8699999999999998,5,14,Banner,Lost,16,nonhot_win_number,Chose Hot,73,27,0,2,n/a,30,Never,NA,White,Female,Non-Hispanic
P0154,16,1.2199999999999998,17,17,No Banner,Won,0,NA,Chose Non-Hot,0,NA,NA,2,n/a,30,Never,NA,White,Female,Non-Hispanic
P0154,17,1.2099999999999995,23,36,No Banner,Lost,0,NA,Chose Non-Hot,35,17,NA,2,n/a,30,Never,NA,White,Female,Non-Hispanic
P0154,18,1.1999999999999995,1,25,Banner,Lost,8,hot_win_number,Chose Hot,58,23,0,2,n/a,30,Never,NA,White,Female,Non-Hispanic
P0154,19,1.1899999999999995,28,31,No Banner,Lost,0,NA,Chose Non-Hot,52,18,NA,2,n/a,30,Never,NA,White,Female,Non-Hispanic
P0154,20,1.1799999999999995,11,17,Banner,Lost,3,nonhot_win_number,Chose Hot,49,24,0,2,n/a,30,Never,NA,White,Female,Non-Hispanic
P0154,21,1.1699999999999997,22,36,No Banner,Lost,0,NA,Chose Non-Hot,66,21,NA,2,n/a,30,Never,NA,White,Female,Non-Hispanic
P0154,22,1.1599999999999997,22,31,Banner,Lost,3,hot_win_number,Chose Hot,58,25,0,2,n/a,30,Never,NA,White,Female,Non-Hispanic
P0154,23,1.5099999999999998,17,17,No Banner,Won,0,NA,Chose Non-Hot,0,NA,NA,2,n/a,30,Never,NA,White,Female,Non-Hispanic
P0154,24,1.4999999999999998,2,1,Banner,Lost,2,nonhot_win_number,Chose Hot,45,0,0,2,n/a,30,Never,NA,White,Female,Non-Hispanic
P0155,1,0.29,1,25,No Banner,Lost,0,NA,Chose Non-Hot,0,0,NA,1,I picked the same number every time and felt no regret about my decision because ultimately the odds would be the same anyway. There was no reason to overthink a 1/24 chance.,23,Never,NA,White,Non-binary,Non-Hispanic
P0155,2,0.27999999999999997,1,30,Banner,Lost,1,nonhot_win_number,Chose Non-Hot,0,0,0,1,I picked the same number every time and felt no regret about my decision because ultimately the odds would be the same anyway. There was no reason to overthink a 1/24 chance.,23,Never,NA,White,Non-binary,Non-Hispanic
P0155,3,0.26999999999999996,1,16,No Banner,Lost,0,NA,Chose Non-Hot,0,0,NA,1,I picked the same number every time and felt no regret about my decision because ultimately the odds would be the same anyway. There was no reason to overthink a 1/24 chance.,23,Never,NA,White,Non-binary,Non-Hispanic
P0155,4,0.6199999999999999,1,1,No Banner,Won,0,NA,Chose Non-Hot,0,NA,NA,1,I picked the same number every time and felt no regret about my decision because ultimately the odds would be the same anyway. There was no reason to overthink a 1/24 chance.,23,Never,NA,White,Non-binary,Non-Hispanic
P0155,5,0.6099999999999999,1,6,Banner,Lost,3,hot_win_number,Chose Non-Hot,0,0,0,1,I picked the same number every time and felt no regret about my decision because ultimately the odds would be the same anyway. There was no reason to overthink a 1/24 chance.,23,Never,NA,White,Non-binary,Non-Hispanic
P0155,6,0.5999999999999999,1,36,Banner,Lost,8,nonhot_win_number,Chose Hot,0,0,0,1,I picked the same number every time and felt no regret about my decision because ultimately the odds would be the same anyway. There was no reason to overthink a 1/24 chance.,23,Never,NA,White,Non-binary,Non-Hispanic
P0155,7,0.5899999999999999,1,34,Banner,Lost,2,hot_win_number,Chose Non-Hot,0,0,0,1,I picked the same number every time and felt no regret about my decision because ultimately the odds would be the same anyway. There was no reason to overthink a 1/24 chance.,23,Never,NA,White,Non-binary,Non-Hispanic
P0155,8,0.5799999999999998,1,25,No Banner,Lost,0,NA,Chose Non-Hot,0,0,NA,1,I picked the same number every time and felt no regret about my decision because ultimately the odds would be the same anyway. There was no reason to overthink a 1/24 chance.,23,Never,NA,White,Non-binary,Non-Hispanic
P0155,9,0.9299999999999998,1,1,No Banner,Won,0,NA,Chose Non-Hot,0,NA,NA,1,I picked the same number every time and felt no regret about my decision because ultimately the odds would be the same anyway. There was no reason to overthink a 1/24 chance.,23,Never,NA,White,Non-binary,Non-Hispanic
P0155,10,0.9199999999999998,1,20,Banner,Lost,3,nonhot_win_number,Chose Non-Hot,0,0,0,1,I picked the same number every time and felt no regret about my decision because ultimately the odds would be the same anyway. There was no reason to overthink a 1/24 chance.,23,Never,NA,White,Non-binary,Non-Hispanic
P0155,11,0.9099999999999998,1,36,No Banner,Lost,0,NA,Chose Non-Hot,0,0,NA,1,I picked the same number every time and felt no regret about my decision because ultimately the odds would be the same anyway. There was no reason to overthink a 1/24 chance.,23,Never,NA,White,Non-binary,Non-Hispanic
P0155,12,0.8999999999999998,1,4,Banner,Lost,16,hot_win_number,Chose Non-Hot,0,0,0,1,I picked the same number every time and felt no regret about my decision because ultimately the odds would be the same anyway. There was no reason to overthink a 1/24 chance.,23,Never,NA,White,Non-binary,Non-Hispanic
P0155,13,0.8899999999999998,1,4,No Banner,Lost,0,NA,Chose Non-Hot,0,0,NA,1,I picked the same number every time and felt no regret about my decision because ultimately the odds would be the same anyway. There was no reason to overthink a 1/24 chance.,23,Never,NA,White,Non-binary,Non-Hispanic
P0155,14,0.8799999999999998,1,36,Banner,Lost,2,nonhot_win_number,Chose Non-Hot,0,0,0,1,I picked the same number every time and felt no regret about my decision because ultimately the odds would be the same anyway. There was no reason to overthink a 1/24 chance.,23,Never,NA,White,Non-binary,Non-Hispanic
P0155,15,0.8699999999999998,1,24,No Banner,Lost,0,NA,Chose Non-Hot,0,0,NA,1,I picked the same number every time and felt no regret about my decision because ultimately the odds would be the same anyway. There was no reason to overthink a 1/24 chance.,23,Never,NA,White,Non-binary,Non-Hispanic
P0155,16,0.8599999999999998,1,31,No Banner,Lost,0,NA,Chose Non-Hot,0,0,NA,1,I picked the same number every time and felt no regret about my decision because ultimately the odds would be the same anyway. There was no reason to overthink a 1/24 chance.,23,Never,NA,White,Non-binary,Non-Hispanic
P0155,17,0.8499999999999998,1,27,Banner,Lost,8,hot_win_number,Chose Non-Hot,0,0,0,1,I picked the same number every time and felt no regret about my decision because ultimately the odds would be the same anyway. There was no reason to overthink a 1/24 chance.,23,Never,NA,White,Non-binary,Non-Hispanic
P0155,18,1.1999999999999995,1,1,No Banner,Won,0,NA,Chose Non-Hot,0,NA,NA,1,I picked the same number every time and felt no regret about my decision because ultimately the odds would be the same anyway. There was no reason to overthink a 1/24 chance.,23,Never,NA,White,Non-binary,Non-Hispanic
P0155,19,1.1899999999999995,1,33,No Banner,Lost,0,NA,Chose Non-Hot,0,0,NA,1,I picked the same number every time and felt no regret about my decision because ultimately the odds would be the same anyway. There was no reason to overthink a 1/24 chance.,23,Never,NA,White,Non-binary,Non-Hispanic
P0155,20,1.1799999999999995,1,8,Banner,Lost,1,nonhot_win_number,Chose Non-Hot,0,0,0,1,I picked the same number every time and felt no regret about my decision because ultimately the odds would be the same anyway. There was no reason to overthink a 1/24 chance.,23,Never,NA,White,Non-binary,Non-Hispanic
P0155,21,1.1699999999999997,1,2,No Banner,Lost,0,NA,Chose Non-Hot,0,0,NA,1,I picked the same number every time and felt no regret about my decision because ultimately the odds would be the same anyway. There was no reason to overthink a 1/24 chance.,23,Never,NA,White,Non-binary,Non-Hispanic
P0155,22,1.5199999999999996,1,1,No Banner,Won,0,NA,Chose Non-Hot,0,NA,NA,1,I picked the same number every time and felt no regret about my decision because ultimately the odds would be the same anyway. There was no reason to overthink a 1/24 chance.,23,Never,NA,White,Non-binary,Non-Hispanic
P0155,23,1.5099999999999996,1,24,Banner,Lost,16,nonhot_win_number,Chose Non-Hot,0,0,0,1,I picked the same number every time and felt no regret about my decision because ultimately the odds would be the same anyway. There was no reason to overthink a 1/24 chance.,23,Never,NA,White,Non-binary,Non-Hispanic
P0155,24,1.4999999999999996,1,33,No Banner,Lost,0,NA,Chose Non-Hot,0,0,NA,1,I picked the same number every time and felt no regret about my decision because ultimately the odds would be the same anyway. There was no reason to overthink a 1/24 chance.,23,Never,NA,White,Non-binary,Non-Hispanic
P0158,1,0.29,9,18,Banner,Lost,2,hot_win_number,Chose Non-Hot,64,77,0,2,It was hard to pick ,42,Never,NA,White,Female,Non-Hispanic
P0158,2,0.27999999999999997,3,9,No Banner,Lost,0,NA,Chose Non-Hot,100,100,NA,2,It was hard to pick ,42,Never,NA,White,Female,Non-Hispanic
P0158,3,0.6299999999999999,3,3,No Banner,Won,0,NA,Chose Non-Hot,0,NA,NA,2,It was hard to pick ,42,Never,NA,White,Female,Non-Hispanic
P0158,4,0.6199999999999999,20,16,No Banner,Lost,0,NA,Chose Non-Hot,88,88,NA,2,It was hard to pick ,42,Never,NA,White,Female,Non-Hispanic
P0158,5,0.6099999999999999,20,7,No Banner,Lost,0,NA,Chose Non-Hot,100,100,NA,2,It was hard to pick ,42,Never,NA,White,Female,Non-Hispanic
P0158,6,0.5999999999999999,2,4,Banner,Lost,3,nonhot_win_number,Chose Hot,100,100,100,2,It was hard to pick ,42,Never,NA,White,Female,Non-Hispanic
P0158,7,0.5899999999999999,32,4,Banner,Lost,1,nonhot_win_number,Chose Hot,100,100,NA,2,It was hard to pick ,42,Never,NA,White,Female,Non-Hispanic
P0158,8,0.5799999999999998,8,3,No Banner,Lost,0,NA,Chose Non-Hot,100,100,NA,2,It was hard to pick ,42,Never,NA,White,Female,Non-Hispanic
P0158,9,0.5699999999999998,8,28,No Banner,Lost,0,NA,Chose Non-Hot,100,100,NA,2,It was hard to pick ,42,Never,NA,White,Female,Non-Hispanic
P0158,10,0.9199999999999998,16,16,No Banner,Won,0,NA,Chose Non-Hot,0,NA,NA,2,It was hard to pick ,42,Never,NA,White,Female,Non-Hispanic
P0158,11,0.9099999999999998,12,5,Banner,Lost,16,hot_win_number,Chose Non-Hot,100,100,100,2,It was hard to pick ,42,Never,NA,White,Female,Non-Hispanic
P0158,12,0.8999999999999998,23,22,No Banner,Lost,0,NA,Chose Non-Hot,100,100,NA,2,It was hard to pick ,42,Never,NA,White,Female,Non-Hispanic
P0158,13,0.8899999999999998,14,32,No Banner,Lost,0,NA,Chose Non-Hot,100,100,NA,2,It was hard to pick ,42,Never,NA,White,Female,Non-Hispanic
P0158,14,0.8799999999999998,14,4,Banner,Lost,8,hot_win_number,Chose Hot,100,100,6,2,It was hard to pick ,42,Never,NA,White,Female,Non-Hispanic
P0158,15,1.2299999999999998,15,15,No Banner,Won,0,NA,Chose Non-Hot,0,NA,NA,2,It was hard to pick ,42,Never,NA,White,Female,Non-Hispanic
P0158,16,1.2199999999999998,16,22,No Banner,Lost,0,NA,Chose Non-Hot,100,100,NA,2,It was hard to pick ,42,Never,NA,White,Female,Non-Hispanic
P0158,17,1.2099999999999995,3,14,Banner,Lost,1,nonhot_win_number,Chose Hot,100,100,NA,2,It was hard to pick ,42,Never,NA,White,Female,Non-Hispanic
P0158,18,1.1999999999999995,8,21,Banner,Lost,16,nonhot_win_number,Chose Hot,100,100,100,2,It was hard to pick ,42,Never,NA,White,Female,Non-Hispanic
P0158,19,1.1899999999999995,9,12,No Banner,Lost,0,NA,Chose Non-Hot,100,100,NA,2,It was hard to pick ,42,Never,NA,White,Female,Non-Hispanic
P0158,20,1.1799999999999995,6,23,Banner,Lost,8,nonhot_win_number,Chose Hot,100,100,100,2,It was hard to pick ,42,Never,NA,White,Female,Non-Hispanic
P0158,21,1.1699999999999997,21,8,No Banner,Lost,0,NA,Chose Non-Hot,100,100,NA,2,It was hard to pick ,42,Never,NA,White,Female,Non-Hispanic
P0158,22,1.5199999999999996,13,13,No Banner,Won,0,NA,Chose Non-Hot,0,NA,NA,2,It was hard to pick ,42,Never,NA,White,Female,Non-Hispanic
P0158,23,1.5099999999999996,16,33,Banner,Lost,3,hot_win_number,Chose Hot,100,100,0,2,It was hard to pick ,42,Never,NA,White,Female,Non-Hispanic
P0158,24,1.4999999999999996,20,5,Banner,Lost,2,nonhot_win_number,Chose Hot,100,100,100,2,It was hard to pick ,42,Never,NA,White,Female,Non-Hispanic
P0160,1,0.29,23,25,Banner,Lost,1,nonhot_win_number,Chose Hot,16,83,NA,2,,27,A few times,NA,White,Female,Non-Hispanic
P0160,2,0.27999999999999997,26,32,Banner,Lost,8,nonhot_win_number,Chose Hot,6,78,53,2,,27,A few times,NA,White,Female,Non-Hispanic
P0160,3,0.26999999999999996,15,32,No Banner,Lost,0,NA,Chose Non-Hot,12,75,NA,2,,27,A few times,NA,White,Female,Non-Hispanic
P0160,4,0.25999999999999995,22,13,Banner,Lost,8,hot_win_number,Chose Non-Hot,11,79,55,2,,27,A few times,NA,White,Female,Non-Hispanic
P0160,5,0.6099999999999999,21,21,No Banner,Won,0,NA,Chose Non-Hot,0,NA,NA,2,,27,A few times,NA,White,Female,Non-Hispanic
P0160,6,0.5999999999999999,17,36,No Banner,Lost,0,NA,Chose Non-Hot,8,59,NA,2,,27,A few times,NA,White,Female,Non-Hispanic
P0160,7,0.5899999999999999,21,9,Banner,Lost,3,hot_win_number,Chose Hot,10,57,45,2,,27,A few times,NA,White,Female,Non-Hispanic
P0160,8,0.5799999999999998,35,25,No Banner,Lost,0,NA,Chose Non-Hot,13,66,NA,2,,27,A few times,NA,White,Female,Non-Hispanic
P0160,9,0.5699999999999998,27,13,No Banner,Lost,0,NA,Chose Non-Hot,9,74,NA,2,,27,A few times,NA,White,Female,Non-Hispanic
P0160,10,0.5599999999999998,24,30,No Banner,Lost,0,NA,Chose Non-Hot,13,74,NA,2,,27,A few times,NA,White,Female,Non-Hispanic
P0160,11,0.5499999999999998,22,35,No Banner,Lost,0,NA,Chose Non-Hot,6,75,NA,2,,27,A few times,NA,White,Female,Non-Hispanic
P0160,12,0.8999999999999998,21,21,No Banner,Won,0,NA,Chose Non-Hot,0,NA,NA,2,,27,A few times,NA,White,Female,Non-Hispanic
P0160,13,0.8899999999999998,16,30,Banner,Lost,1,nonhot_win_number,Chose Hot,5,55,NA,2,,27,A few times,NA,White,Female,Non-Hispanic
P0160,14,0.8799999999999998,22,32,No Banner,Lost,0,NA,Chose Non-Hot,6,65,NA,2,,27,A few times,NA,White,Female,Non-Hispanic
P0160,15,1.2299999999999998,22,22,No Banner,Won,0,NA,Chose Non-Hot,0,NA,NA,2,,27,A few times,NA,White,Female,Non-Hispanic
P0160,16,1.2199999999999998,24,21,No Banner,Lost,0,NA,Chose Non-Hot,0,67,NA,2,,27,A few times,NA,White,Female,Non-Hispanic
P0160,17,1.2099999999999995,24,4,No Banner,Lost,0,NA,Chose Non-Hot,6,61,NA,2,,27,A few times,NA,White,Female,Non-Hispanic
P0160,18,1.1999999999999995,22,24,Banner,Lost,16,nonhot_win_number,Chose Hot,2,57,65,2,,27,A few times,NA,White,Female,Non-Hispanic
P0160,19,1.1899999999999995,22,19,Banner,Lost,2,nonhot_win_number,Chose Non-Hot,4,64,48,2,,27,A few times,NA,White,Female,Non-Hispanic
P0160,20,1.1799999999999995,19,1,Banner,Lost,2,hot_win_number,Chose Non-Hot,4,59,30,2,,27,A few times,NA,White,Female,Non-Hispanic
P0160,21,1.1699999999999997,9,33,No Banner,Lost,0,NA,Chose Non-Hot,7,72,NA,2,,27,A few times,NA,White,Female,Non-Hispanic
P0160,22,1.5199999999999996,23,23,No Banner,Won,0,NA,Chose Non-Hot,0,NA,NA,2,,27,A few times,NA,White,Female,Non-Hispanic
P0160,23,1.5099999999999996,22,17,Banner,Lost,16,hot_win_number,Chose Hot,6,67,31,2,,27,A few times,NA,White,Female,Non-Hispanic
P0160,24,1.4999999999999996,14,8,Banner,Lost,3,nonhot_win_number,Chose Non-Hot,15,65,28,2,,27,A few times,NA,White,Female,Non-Hispanic
P0165,1,0.29,4,5,Banner,Lost,2,nonhot_win_number,Chose Non-Hot,0,80,0,3,,23,Daily or almost daily,NA,White,Male,Non-Hispanic
P0165,2,0.27999999999999997,4,7,No Banner,Lost,0,NA,Chose Non-Hot,9,75,NA,3,,23,Daily or almost daily,NA,White,Male,Non-Hispanic
P0165,3,0.26999999999999996,4,12,Banner,Lost,16,nonhot_win_number,Chose Hot,76,92,0,3,,23,Daily or almost daily,NA,White,Male,Non-Hispanic
P0165,4,0.25999999999999995,4,22,No Banner,Lost,0,NA,Chose Non-Hot,72,100,NA,3,,23,Daily or almost daily,NA,White,Male,Non-Hispanic
P0165,5,0.6099999999999999,7,7,No Banner,Won,0,NA,Chose Non-Hot,0,NA,NA,3,,23,Daily or almost daily,NA,White,Male,Non-Hispanic
P0165,6,0.5999999999999999,23,14,No Banner,Lost,0,NA,Chose Non-Hot,100,100,NA,3,,23,Daily or almost daily,NA,White,Male,Non-Hispanic
P0165,7,0.5899999999999999,25,19,No Banner,Lost,0,NA,Chose Non-Hot,100,100,NA,3,,23,Daily or almost daily,NA,White,Male,Non-Hispanic
P0165,8,0.5799999999999998,24,27,Banner,Lost,3,nonhot_win_number,Chose Non-Hot,100,100,0,3,,23,Daily or almost daily,NA,White,Male,Non-Hispanic
P0165,9,0.9299999999999998,30,30,No Banner,Won,0,NA,Chose Non-Hot,0,NA,NA,3,,23,Daily or almost daily,NA,White,Male,Non-Hispanic
P0165,10,0.9199999999999998,8,13,Banner,Lost,3,hot_win_number,Chose Non-Hot,100,100,0,3,,23,Daily or almost daily,NA,White,Male,Non-Hispanic
P0165,11,0.9099999999999998,32,27,No Banner,Lost,0,NA,Chose Non-Hot,100,100,NA,3,,23,Daily or almost daily,NA,White,Male,Non-Hispanic
P0165,12,0.8999999999999998,13,35,No Banner,Lost,0,NA,Chose Non-Hot,100,100,NA,3,,23,Daily or almost daily,NA,White,Male,Non-Hispanic
P0165,13,0.8899999999999998,24,6,Banner,Lost,8,hot_win_number,Chose Hot,100,100,0,3,,23,Daily or almost daily,NA,White,Male,Non-Hispanic
P0165,14,0.8799999999999998,4,31,Banner,Lost,2,hot_win_number,Chose Non-Hot,100,100,0,3,,23,Daily or almost daily,NA,White,Male,Non-Hispanic
P0165,15,0.8699999999999998,1,36,No Banner,Lost,0,NA,Chose Non-Hot,100,100,NA,3,,23,Daily or almost daily,NA,White,Male,Non-Hispanic
P0165,16,0.8599999999999998,17,6,Banner,Lost,1,nonhot_win_number,Chose Non-Hot,100,100,0,3,,23,Daily or almost daily,NA,White,Male,Non-Hispanic
P0165,17,0.8499999999999998,2,15,Banner,Lost,1,nonhot_win_number,Chose Hot,100,100,NA,3,,23,Daily or almost daily,NA,White,Male,Non-Hispanic
P0165,18,1.1999999999999995,26,26,No Banner,Won,0,NA,Chose Non-Hot,0,NA,NA,3,,23,Daily or almost daily,NA,White,Male,Non-Hispanic
P0165,19,1.1899999999999995,23,7,Banner,Lost,16,hot_win_number,Chose Hot,100,100,0,3,,23,Daily or almost daily,NA,White,Male,Non-Hispanic
P0165,20,1.1799999999999995,33,23,Banner,Lost,8,nonhot_win_number,Chose Non-Hot,100,100,0,3,,23,Daily or almost daily,NA,White,Male,Non-Hispanic
P0165,21,1.1699999999999997,13,16,No Banner,Lost,0,NA,Chose Non-Hot,100,100,NA,3,,23,Daily or almost daily,NA,White,Male,Non-Hispanic
P0165,22,1.1599999999999997,4,26,No Banner,Lost,0,NA,Chose Non-Hot,100,100,NA,3,,23,Daily or almost daily,NA,White,Male,Non-Hispanic
P0165,23,1.1499999999999997,4,22,No Banner,Lost,0,NA,Chose Non-Hot,100,100,NA,3,,23,Daily or almost daily,NA,White,Male,Non-Hispanic
P0165,24,1.4999999999999996,15,15,No Banner,Won,0,NA,Chose Non-Hot,0,NA,NA,3,,23,Daily or almost daily,NA,White,Male,Non-Hispanic
P0169,1,0.29,5,4,No Banner,Lost,0,NA,Chose Non-Hot,0,0,NA,3,,34,A few times,NA,White,Male,Non-Hispanic
P0169,2,0.27999999999999997,14,1,No Banner,Lost,0,NA,Chose Non-Hot,5,6,NA,3,,34,A few times,NA,White,Male,Non-Hispanic
P0169,3,0.26999999999999996,23,27,No Banner,Lost,0,NA,Chose Non-Hot,2,2,NA,3,,34,A few times,NA,White,Male,Non-Hispanic
P0169,4,0.25999999999999995,17,32,Banner,Lost,3,hot_win_number,Chose Non-Hot,1,3,1,3,,34,A few times,NA,White,Male,Non-Hispanic
P0169,5,0.24999999999999992,15,28,No Banner,Lost,0,NA,Chose Non-Hot,3,4,NA,3,,34,A few times,NA,White,Male,Non-Hispanic
P0169,6,0.5999999999999999,1,1,No Banner,Won,0,NA,Chose Non-Hot,0,NA,NA,3,,34,A few times,NA,White,Male,Non-Hispanic
P0169,7,0.5899999999999999,20,8,Banner,Lost,3,nonhot_win_number,Chose Hot,1,2,2,3,,34,A few times,NA,White,Male,Non-Hispanic
P0169,8,0.5799999999999998,28,21,No Banner,Lost,0,NA,Chose Non-Hot,3,4,NA,3,,34,A few times,NA,White,Male,Non-Hispanic
P0169,9,0.5699999999999998,26,4,Banner,Lost,8,hot_win_number,Chose Non-Hot,6,4,2,3,,34,A few times,NA,White,Male,Non-Hispanic
P0169,10,0.9199999999999998,1,1,No Banner,Won,0,NA,Chose Non-Hot,2,NA,NA,3,,34,A few times,NA,White,Male,Non-Hispanic
P0169,11,0.9099999999999998,1,25,No Banner,Lost,0,NA,Chose Non-Hot,5,6,NA,3,,34,A few times,NA,White,Male,Non-Hispanic
P0169,12,0.8999999999999998,25,15,Banner,Lost,1,nonhot_win_number,Chose Non-Hot,2,0,5,3,,34,A few times,NA,White,Male,Non-Hispanic
P0169,13,0.8899999999999998,1,5,Banner,Lost,2,nonhot_win_number,Chose Non-Hot,2,3,3,3,,34,A few times,NA,White,Male,Non-Hispanic
P0169,14,0.8799999999999998,23,8,Banner,Lost,2,hot_win_number,Chose Non-Hot,2,6,4,3,,34,A few times,NA,White,Male,Non-Hispanic
P0169,15,0.8699999999999998,25,14,No Banner,Lost,0,NA,Chose Non-Hot,5,3,NA,3,,34,A few times,NA,White,Male,Non-Hispanic
P0169,16,0.8599999999999998,12,7,Banner,Lost,16,hot_win_number,Chose Non-Hot,3,4,3,3,,34,A few times,NA,White,Male,Non-Hispanic
P0169,17,1.2099999999999995,27,27,No Banner,Won,0,NA,Chose Non-Hot,0,NA,NA,3,,34,A few times,NA,White,Male,Non-Hispanic
P0169,18,1.1999999999999995,14,19,Banner,Lost,1,nonhot_win_number,Chose Non-Hot,0,0,2,3,,34,A few times,NA,White,Male,Non-Hispanic
P0169,19,1.1899999999999995,35,6,No Banner,Lost,0,NA,Chose Non-Hot,2,2,NA,3,,34,A few times,NA,White,Male,Non-Hispanic
P0169,20,1.1799999999999995,3,6,No Banner,Lost,0,NA,Chose Non-Hot,0,0,NA,3,,34,A few times,NA,White,Male,Non-Hispanic
P0169,21,1.1699999999999997,20,12,No Banner,Lost,0,NA,Chose Non-Hot,0,0,NA,3,,34,A few times,NA,White,Male,Non-Hispanic
P0169,22,1.5199999999999996,17,17,No Banner,Won,0,NA,Chose Non-Hot,2,NA,NA,3,,34,A few times,NA,White,Male,Non-Hispanic
P0169,23,1.5099999999999996,16,24,Banner,Lost,16,nonhot_win_number,Chose Non-Hot,2,1,2,3,,34,A few times,NA,White,Male,Non-Hispanic
P0169,24,1.4999999999999996,9,1,Banner,Lost,8,nonhot_win_number,Chose Non-Hot,2,1,2,3,,34,A few times,NA,White,Male,Non-Hispanic
P0170,1,0.29,13,5,No Banner,Lost,0,NA,Chose Non-Hot,0,15,NA,2,I think that the winning numbers were fixed so that I won a couple of games. It is very unlikely that I would win 3 times in 24 tries. I'm from Las Vegas so I should know!,72,About once a month,NA,White,Female,Non-Hispanic
P0170,2,0.27999999999999997,13,12,Banner,Lost,2,nonhot_win_number,Chose Non-Hot,0,40,0,2,I think that the winning numbers were fixed so that I won a couple of games. It is very unlikely that I would win 3 times in 24 tries. I'm from Las Vegas so I should know!,72,About once a month,NA,White,Female,Non-Hispanic
P0170,3,0.26999999999999996,13,18,Banner,Lost,2,hot_win_number,Chose Non-Hot,0,0,34,2,I think that the winning numbers were fixed so that I won a couple of games. It is very unlikely that I would win 3 times in 24 tries. I'm from Las Vegas so I should know!,72,About once a month,NA,White,Female,Non-Hispanic
P0170,4,0.25999999999999995,36,1,Banner,Lost,16,hot_win_number,Chose Hot,0,0,28,2,I think that the winning numbers were fixed so that I won a couple of games. It is very unlikely that I would win 3 times in 24 tries. I'm from Las Vegas so I should know!,72,About once a month,NA,White,Female,Non-Hispanic
P0170,5,0.24999999999999992,13,8,No Banner,Lost,0,NA,Chose Non-Hot,0,41,NA,2,I think that the winning numbers were fixed so that I won a couple of games. It is very unlikely that I would win 3 times in 24 tries. I'm from Las Vegas so I should know!,72,About once a month,NA,White,Female,Non-Hispanic
P0170,6,0.5999999999999999,13,13,No Banner,Won,0,NA,Chose Non-Hot,0,NA,NA,2,I think that the winning numbers were fixed so that I won a couple of games. It is very unlikely that I would win 3 times in 24 tries. I'm from Las Vegas so I should know!,72,About once a month,NA,White,Female,Non-Hispanic
P0170,7,0.5899999999999999,13,32,Banner,Lost,1,nonhot_win_number,Chose Non-Hot,0,37,0,2,I think that the winning numbers were fixed so that I won a couple of games. It is very unlikely that I would win 3 times in 24 tries. I'm from Las Vegas so I should know!,72,About once a month,NA,White,Female,Non-Hispanic
P0170,8,0.5799999999999998,28,35,No Banner,Lost,0,NA,Chose Non-Hot,0,32,NA,2,I think that the winning numbers were fixed so that I won a couple of games. It is very unlikely that I would win 3 times in 24 tries. I'm from Las Vegas so I should know!,72,About once a month,NA,White,Female,Non-Hispanic
P0170,9,0.5699999999999998,13,16,No Banner,Lost,0,NA,Chose Non-Hot,0,38,NA,2,I think that the winning numbers were fixed so that I won a couple of games. It is very unlikely that I would win 3 times in 24 tries. I'm from Las Vegas so I should know!,72,About once a month,NA,White,Female,Non-Hispanic
P0170,10,0.9199999999999998,27,27,No Banner,Won,0,NA,Chose Non-Hot,0,NA,NA,2,I think that the winning numbers were fixed so that I won a couple of games. It is very unlikely that I would win 3 times in 24 tries. I'm from Las Vegas so I should know!,72,About once a month,NA,White,Female,Non-Hispanic
P0170,11,0.9099999999999998,13,14,Banner,Lost,8,hot_win_number,Chose Non-Hot,0,27,0,2,I think that the winning numbers were fixed so that I won a couple of games. It is very unlikely that I would win 3 times in 24 tries. I'm from Las Vegas so I should know!,72,About once a month,NA,White,Female,Non-Hispanic
P0170,12,0.8999999999999998,33,19,Banner,Lost,3,nonhot_win_number,Chose Non-Hot,0,23,0,2,I think that the winning numbers were fixed so that I won a couple of games. It is very unlikely that I would win 3 times in 24 tries. I'm from Las Vegas so I should know!,72,About once a month,NA,White,Female,Non-Hispanic
P0170,13,0.8899999999999998,13,1,No Banner,Lost,0,NA,Chose Non-Hot,0,29,NA,2,I think that the winning numbers were fixed so that I won a couple of games. It is very unlikely that I would win 3 times in 24 tries. I'm from Las Vegas so I should know!,72,About once a month,NA,White,Female,Non-Hispanic
P0170,14,0.8799999999999998,19,2,Banner,Lost,1,nonhot_win_number,Chose Hot,38,43,NA,2,I think that the winning numbers were fixed so that I won a couple of games. It is very unlikely that I would win 3 times in 24 tries. I'm from Las Vegas so I should know!,72,About once a month,NA,White,Female,Non-Hispanic
P0170,15,0.8699999999999998,13,9,No Banner,Lost,0,NA,Chose Non-Hot,0,27,NA,2,I think that the winning numbers were fixed so that I won a couple of games. It is very unlikely that I would win 3 times in 24 tries. I'm from Las Vegas so I should know!,72,About once a month,NA,White,Female,Non-Hispanic
P0170,16,0.8599999999999998,13,20,No Banner,Lost,0,NA,Chose Non-Hot,0,27,NA,2,I think that the winning numbers were fixed so that I won a couple of games. It is very unlikely that I would win 3 times in 24 tries. I'm from Las Vegas so I should know!,72,About once a month,NA,White,Female,Non-Hispanic
P0170,17,0.8499999999999998,13,23,No Banner,Lost,0,NA,Chose Non-Hot,0,27,NA,2,I think that the winning numbers were fixed so that I won a couple of games. It is very unlikely that I would win 3 times in 24 tries. I'm from Las Vegas so I should know!,72,About once a month,NA,White,Female,Non-Hispanic
P0170,18,1.1999999999999995,13,13,No Banner,Won,0,NA,Chose Non-Hot,0,NA,NA,2,I think that the winning numbers were fixed so that I won a couple of games. It is very unlikely that I would win 3 times in 24 tries. I'm from Las Vegas so I should know!,72,About once a month,NA,White,Female,Non-Hispanic
P0170,19,1.1899999999999995,21,33,No Banner,Lost,0,NA,Chose Non-Hot,0,23,NA,2,I think that the winning numbers were fixed so that I won a couple of games. It is very unlikely that I would win 3 times in 24 tries. I'm from Las Vegas so I should know!,72,About once a month,NA,White,Female,Non-Hispanic
P0170,20,1.1799999999999995,36,7,Banner,Lost,3,hot_win_number,Chose Non-Hot,0,34,0,2,I think that the winning numbers were fixed so that I won a couple of games. It is very unlikely that I would win 3 times in 24 tries. I'm from Las Vegas so I should know!,72,About once a month,NA,White,Female,Non-Hispanic
P0170,21,1.1699999999999997,13,29,Banner,Lost,16,nonhot_win_number,Chose Hot,0,31,0,2,I think that the winning numbers were fixed so that I won a couple of games. It is very unlikely that I would win 3 times in 24 tries. I'm from Las Vegas so I should know!,72,About once a month,NA,White,Female,Non-Hispanic
P0170,22,1.1599999999999997,1,25,Banner,Lost,8,nonhot_win_number,Chose Hot,0,24,0,2,I think that the winning numbers were fixed so that I won a couple of games. It is very unlikely that I would win 3 times in 24 tries. I'm from Las Vegas so I should know!,72,About once a month,NA,White,Female,Non-Hispanic
P0170,23,1.1499999999999997,13,19,No Banner,Lost,0,NA,Chose Non-Hot,0,27,NA,2,I think that the winning numbers were fixed so that I won a couple of games. It is very unlikely that I would win 3 times in 24 tries. I'm from Las Vegas so I should know!,72,About once a month,NA,White,Female,Non-Hispanic
P0170,24,1.4999999999999996,13,13,No Banner,Won,0,NA,Chose Non-Hot,0,NA,NA,2,I think that the winning numbers were fixed so that I won a couple of games. It is very unlikely that I would win 3 times in 24 tries. I'm from Las Vegas so I should know!,72,About once a month,NA,White,Female,Non-Hispanic
P0171,1,-0.01,21,2,No Banner,Lost,0,NA,Chose Non-Hot,94,2,NA,1,,51,Never,NA,White,Female,Non-Hispanic
P0171,2,-0.02,16,36,No Banner,Lost,0,NA,Chose Non-Hot,100,100,NA,1,,51,Never,NA,White,Female,Non-Hispanic
P0171,3,0.32999999999999996,23,23,No Banner,Won,0,NA,Chose Non-Hot,0,NA,NA,1,,51,Never,NA,White,Female,Non-Hispanic
P0171,4,0.31999999999999995,27,2,No Banner,Lost,0,NA,Chose Non-Hot,100,94,NA,1,,51,Never,NA,White,Female,Non-Hispanic
P0171,5,0.30999999999999994,2,21,No Banner,Lost,0,NA,Chose Non-Hot,100,99,NA,1,,51,Never,NA,White,Female,Non-Hispanic
P0171,6,0.29999999999999993,14,33,Banner,Lost,16,nonhot_win_number,Chose Hot,94,99,NA,1,,51,Never,NA,White,Female,Non-Hispanic
P0171,7,0.2899999999999999,35,29,Banner,Lost,16,hot_win_number,Chose Hot,99,96,NA,1,,51,Never,NA,White,Female,Non-Hispanic
P0171,8,0.2799999999999999,32,19,No Banner,Lost,0,NA,Chose Non-Hot,100,99,NA,1,,51,Never,NA,White,Female,Non-Hispanic
P0171,9,0.2699999999999999,19,29,No Banner,Lost,0,NA,Chose Non-Hot,98,99,NA,1,,51,Never,NA,White,Female,Non-Hispanic
P0171,10,0.6199999999999999,15,15,No Banner,Won,0,NA,Chose Non-Hot,0,NA,NA,1,,51,Never,NA,White,Female,Non-Hispanic
P0171,11,0.6099999999999999,9,31,No Banner,Lost,0,NA,Chose Non-Hot,97,92,NA,1,,51,Never,NA,White,Female,Non-Hispanic
P0171,12,0.5999999999999999,22,3,Banner,Lost,2,nonhot_win_number,Chose Hot,88,87,NA,1,,51,Never,NA,White,Female,Non-Hispanic
P0171,13,0.5899999999999999,6,34,Banner,Lost,2,hot_win_number,Chose Hot,100,95,NA,1,,51,Never,NA,White,Female,Non-Hispanic
P0171,14,0.5799999999999998,31,6,No Banner,Lost,0,NA,Chose Non-Hot,94,95,NA,1,,51,Never,NA,White,Female,Non-Hispanic
P0171,15,0.5699999999999998,30,31,Banner,Lost,3,hot_win_number,Chose Hot,96,82,NA,1,,51,Never,NA,White,Female,Non-Hispanic
P0171,16,0.9199999999999998,18,18,No Banner,Won,0,NA,Chose Non-Hot,0,NA,NA,1,,51,Never,NA,White,Female,Non-Hispanic
P0171,17,0.9099999999999998,33,11,Banner,Lost,8,hot_win_number,Chose Hot,77,85,NA,1,,51,Never,NA,White,Female,Non-Hispanic
P0171,18,0.8999999999999998,29,27,No Banner,Lost,0,NA,Chose Non-Hot,69,84,NA,1,,51,Never,NA,White,Female,Non-Hispanic
P0171,19,0.8899999999999998,35,32,No Banner,Lost,0,NA,Chose Non-Hot,74,83,NA,1,,51,Never,NA,White,Female,Non-Hispanic
P0171,20,0.8799999999999998,34,32,Banner,Lost,1,nonhot_win_number,Chose Hot,95,74,NA,1,,51,Never,NA,White,Female,Non-Hispanic
P0171,21,1.2299999999999998,15,15,No Banner,Won,0,NA,Chose Non-Hot,0,NA,NA,1,,51,Never,NA,White,Female,Non-Hispanic
P0171,22,1.2199999999999998,5,23,Banner,Lost,1,nonhot_win_number,Chose Hot,75,77,NA,1,,51,Never,NA,White,Female,Non-Hispanic
P0171,23,1.2099999999999995,2,27,Banner,Lost,3,nonhot_win_number,Chose Hot,96,62,NA,1,,51,Never,NA,White,Female,Non-Hispanic
P0171,24,1.1999999999999995,14,6,Banner,Lost,8,nonhot_win_number,Chose Hot,60,86,NA,1,,51,Never,NA,White,Female,Non-Hispanic
P0172,1,0.09000000000000001,23,8,No Banner,Lost,0,NA,Chose Non-Hot,89,24,NA,3,,26,About once a week,NA,White,Male,Non-Hispanic
P0172,2,0.08000000000000002,28,35,Banner,Lost,2,hot_win_number,Chose Hot,95,30,NA,3,,26,About once a week,NA,White,Male,Non-Hispanic
P0172,3,0.07000000000000002,9,13,Banner,Lost,16,hot_win_number,Chose Hot,89,92,66,3,,26,About once a week,NA,White,Male,Non-Hispanic
P0172,4,0.42,13,13,No Banner,Won,0,NA,Chose Non-Hot,37,NA,NA,3,,26,About once a week,NA,White,Male,Non-Hispanic
P0172,5,0.29,5,7,No Banner,Lost,0,NA,Chose Non-Hot,81,12,NA,3,,26,About once a week,NA,White,Male,Non-Hispanic
P0172,6,0.27999999999999997,13,32,Banner,Lost,8,nonhot_win_number,Chose Hot,87,89,21,3,,26,About once a week,NA,White,Male,Non-Hispanic
P0172,7,0.6299999999999999,13,13,No Banner,Won,0,NA,Chose Non-Hot,0,NA,NA,3,,26,About once a week,NA,White,Male,Non-Hispanic
P0172,8,0.6199999999999999,16,2,No Banner,Lost,0,NA,Chose Non-Hot,20,81,NA,3,,26,About once a week,NA,White,Male,Non-Hispanic
P0172,9,0.6099999999999999,4,6,Banner,Lost,8,hot_win_number,Chose Hot,82,61,0,3,,26,About once a week,NA,White,Male,Non-Hispanic
P0172,10,0.5999999999999999,9,20,Banner,Lost,2,hot_win_number,Chose Hot,87,85,NA,3,,26,About once a week,NA,White,Male,Non-Hispanic
P0172,11,0.5899999999999999,3,25,Banner,Lost,16,nonhot_win_number,Chose Hot,83,73,1,3,,26,About once a week,NA,White,Male,Non-Hispanic
P0172,12,0.5799999999999998,5,23,Banner,Lost,2,nonhot_win_number,Chose Hot,86,92,24,3,,26,About once a week,NA,White,Male,Non-Hispanic
P0172,13,0.5699999999999998,16,5,No Banner,Lost,0,NA,Chose Non-Hot,89,27,NA,3,,26,About once a week,NA,White,Male,Non-Hispanic
P0172,14,0.5599999999999998,16,24,No Banner,Lost,0,NA,Chose Non-Hot,98,86,NA,3,,26,About once a week,NA,White,Male,Non-Hispanic
P0172,15,0.5499999999999998,33,29,No Banner,Lost,0,NA,Chose Non-Hot,87,55,NA,3,,26,About once a week,NA,White,Male,Non-Hispanic
P0172,16,0.8999999999999998,29,29,No Banner,Won,0,NA,Chose Non-Hot,12,NA,NA,3,,26,About once a week,NA,White,Male,Non-Hispanic
P0172,17,0.8899999999999998,12,6,Banner,Lost,1,nonhot_win_number,Chose Hot,92,56,NA,3,,26,About once a week,NA,White,Male,Non-Hispanic
P0172,18,0.8799999999999998,16,33,No Banner,Lost,0,NA,Chose Non-Hot,95,70,NA,3,,26,About once a week,NA,White,Male,Non-Hispanic
P0172,19,1.2299999999999998,18,18,No Banner,Won,0,NA,Chose Non-Hot,32,NA,NA,3,,26,About once a week,NA,White,Male,Non-Hispanic
P0172,20,1.2199999999999998,13,3,No Banner,Lost,0,NA,Chose Non-Hot,90,29,NA,3,,26,About once a week,NA,White,Male,Non-Hispanic
P0172,21,1.2099999999999995,11,35,No Banner,Lost,0,NA,Chose Non-Hot,80,32,NA,3,,26,About once a week,NA,White,Male,Non-Hispanic
P0172,22,1.1999999999999995,22,34,No Banner,Lost,0,NA,Chose Non-Hot,91,42,NA,3,,26,About once a week,NA,White,Male,Non-Hispanic
P0172,23,1.1899999999999995,18,31,No Banner,Lost,0,NA,Chose Non-Hot,92,57,NA,3,,26,About once a week,NA,White,Male,Non-Hispanic
P0172,24,1.1799999999999995,31,18,Banner,Lost,3,nonhot_win_number,Chose Hot,91,60,58,3,,26,About once a week,NA,White,Male,Non-Hispanic
P0172,25,1.5299999999999998,35,35,No Banner,Won,0,NA,Chose Non-Hot,8,NA,NA,3,,26,About once a week,NA,White,Male,Non-Hispanic
P0172,26,1.5199999999999998,22,32,Banner,Lost,1,nonhot_win_number,Chose Hot,25,78,NA,3,,26,About once a week,NA,White,Male,Non-Hispanic
P0172,27,1.5099999999999998,34,15,Banner,Lost,16,hot_win_number,Chose Hot,90,68,25,3,,26,About once a week,NA,White,Male,Non-Hispanic
P0172,28,1.4999999999999998,16,33,Banner,Lost,3,hot_win_number,Chose Hot,80,97,32,3,,26,About once a week,NA,White,Male,Non-Hispanic
P0173,1,0.29,16,35,No Banner,Lost,0,NA,Chose Non-Hot,0,50,NA,1,It was fun.,45,About once a week,NA,Asian,Male,Non-Hispanic
P0173,2,0.27999999999999997,16,20,No Banner,Lost,0,NA,Chose Non-Hot,0,50,NA,1,It was fun.,45,About once a week,NA,Asian,Male,Non-Hispanic
P0173,3,0.6299999999999999,10,10,No Banner,Won,0,NA,Chose Non-Hot,0,NA,NA,1,It was fun.,45,About once a week,NA,Asian,Male,Non-Hispanic
P0173,4,0.6199999999999999,2,20,No Banner,Lost,0,NA,Chose Non-Hot,0,0,NA,1,It was fun.,45,About once a week,NA,Asian,Male,Non-Hispanic
P0173,5,0.6099999999999999,9,30,No Banner,Lost,0,NA,Chose Non-Hot,0,50,NA,1,It was fun.,45,About once a week,NA,Asian,Male,Non-Hispanic
P0173,6,0.5999999999999999,27,9,Banner,Lost,8,nonhot_win_number,Chose Hot,30,50,0,1,It was fun.,45,About once a week,NA,Asian,Male,Non-Hispanic
P0173,7,0.5899999999999999,8,10,No Banner,Lost,0,NA,Chose Non-Hot,0,30,NA,1,It was fun.,45,About once a week,NA,Asian,Male,Non-Hispanic
P0173,8,0.5799999999999998,20,4,No Banner,Lost,0,NA,Chose Non-Hot,0,30,NA,1,It was fun.,45,About once a week,NA,Asian,Male,Non-Hispanic
P0173,9,0.5699999999999998,23,18,Banner,Lost,2,nonhot_win_number,Chose Hot,50,28,0,1,It was fun.,45,About once a week,NA,Asian,Male,Non-Hispanic
P0173,10,0.9199999999999998,20,20,No Banner,Won,0,NA,Chose Non-Hot,0,NA,NA,1,It was fun.,45,About once a week,NA,Asian,Male,Non-Hispanic
P0173,11,0.9099999999999998,35,29,No Banner,Lost,0,NA,Chose Non-Hot,49,30,NA,1,It was fun.,45,About once a week,NA,Asian,Male,Non-Hispanic
P0173,12,0.8999999999999998,10,19,Banner,Lost,3,hot_win_number,Chose Non-Hot,0,20,0,1,It was fun.,45,About once a week,NA,Asian,Male,Non-Hispanic
P0173,13,0.8899999999999998,15,17,Banner,Lost,1,nonhot_win_number,Chose Hot,50,30,NA,1,It was fun.,45,About once a week,NA,Asian,Male,Non-Hispanic
P0173,14,0.8799999999999998,10,12,Banner,Lost,16,hot_win_number,Chose Hot,30,20,0,1,It was fun.,45,About once a week,NA,Asian,Male,Non-Hispanic
P0173,15,1.2299999999999998,30,30,No Banner,Won,0,NA,Chose Non-Hot,0,NA,NA,1,It was fun.,45,About once a week,NA,Asian,Male,Non-Hispanic
P0173,16,1.2199999999999998,3,24,No Banner,Lost,0,NA,Chose Non-Hot,18,18,NA,1,It was fun.,45,About once a week,NA,Asian,Male,Non-Hispanic
P0173,17,1.2099999999999995,20,8,Banner,Lost,3,nonhot_win_number,Chose Non-Hot,0,20,0,1,It was fun.,45,About once a week,NA,Asian,Male,Non-Hispanic
P0173,18,1.1999999999999995,16,13,Banner,Lost,2,hot_win_number,Chose Non-Hot,16,64,0,1,It was fun.,45,About once a week,NA,Asian,Male,Non-Hispanic
P0173,19,1.1899999999999995,22,18,Banner,Lost,1,nonhot_win_number,Chose Hot,54,28,NA,1,It was fun.,45,About once a week,NA,Asian,Male,Non-Hispanic
P0173,20,1.1799999999999995,8,1,Banner,Lost,8,hot_win_number,Chose Non-Hot,16,27,0,1,It was fun.,45,About once a week,NA,Asian,Male,Non-Hispanic
P0173,21,1.5299999999999998,17,17,No Banner,Won,0,NA,Chose Non-Hot,0,NA,NA,1,It was fun.,45,About once a week,NA,Asian,Male,Non-Hispanic
P0173,22,1.5199999999999998,35,8,Banner,Lost,16,nonhot_win_number,Chose Hot,19,33,0,1,It was fun.,45,About once a week,NA,Asian,Male,Non-Hispanic
P0173,23,1.5099999999999998,10,20,No Banner,Lost,0,NA,Chose Non-Hot,20,52,NA,1,It was fun.,45,About once a week,NA,Asian,Male,Non-Hispanic
P0173,24,1.4999999999999998,10,21,No Banner,Lost,0,NA,Chose Non-Hot,6,24,NA,1,It was fun.,45,About once a week,NA,Asian,Male,Non-Hispanic
P0176,1,0.29,6,4,Banner,Lost,2,nonhot_win_number,Chose Non-Hot,3,7,3,1,it was okay but think it was setup ,49,A few times,NA,White,Female,Non-Hispanic
P0176,2,0.27999999999999997,14,18,Banner,Lost,8,nonhot_win_number,Chose Hot,3,4,3,1,it was okay but think it was setup ,49,A few times,NA,White,Female,Non-Hispanic
P0176,3,0.26999999999999996,9,19,Banner,Lost,16,hot_win_number,Chose Hot,3,2,4,1,it was okay but think it was setup ,49,A few times,NA,White,Female,Non-Hispanic
P0176,4,0.25999999999999995,1,35,No Banner,Lost,0,NA,Chose Non-Hot,4,3,NA,1,it was okay but think it was setup ,49,A few times,NA,White,Female,Non-Hispanic
P0176,5,0.24999999999999992,21,26,No Banner,Lost,0,NA,Chose Non-Hot,3,3,NA,1,it was okay but think it was setup ,49,A few times,NA,White,Female,Non-Hispanic
P0176,6,0.5999999999999999,23,23,No Banner,Won,0,NA,Chose Non-Hot,0,NA,NA,1,it was okay but think it was setup ,49,A few times,NA,White,Female,Non-Hispanic
P0176,7,0.5899999999999999,1,16,Banner,Lost,16,nonhot_win_number,Chose Hot,2,2,1,1,it was okay but think it was setup ,49,A few times,NA,White,Female,Non-Hispanic
P0176,8,0.5799999999999998,36,6,No Banner,Lost,0,NA,Chose Non-Hot,4,6,NA,1,it was okay but think it was setup ,49,A few times,NA,White,Female,Non-Hispanic
P0176,9,0.9299999999999998,13,13,No Banner,Won,0,NA,Chose Non-Hot,0,NA,NA,1,it was okay but think it was setup ,49,A few times,NA,White,Female,Non-Hispanic
P0176,10,0.9199999999999998,34,16,Banner,Lost,3,hot_win_number,Chose Hot,2,2,2,1,it was okay but think it was setup ,49,A few times,NA,White,Female,Non-Hispanic
P0176,11,0.9099999999999998,11,29,No Banner,Lost,0,NA,Chose Non-Hot,1,5,NA,1,it was okay but think it was setup ,49,A few times,NA,White,Female,Non-Hispanic
P0176,12,0.8999999999999998,14,6,No Banner,Lost,0,NA,Chose Non-Hot,5,7,NA,1,it was okay but think it was setup ,49,A few times,NA,White,Female,Non-Hispanic
P0176,13,0.8899999999999998,13,2,No Banner,Lost,0,NA,Chose Non-Hot,2,4,NA,1,it was okay but think it was setup ,49,A few times,NA,White,Female,Non-Hispanic
P0176,14,0.8799999999999998,12,9,Banner,Lost,1,nonhot_win_number,Chose Hot,17,33,NA,1,it was okay but think it was setup ,49,A few times,NA,White,Female,Non-Hispanic
P0176,15,0.8699999999999998,11,17,Banner,Lost,1,nonhot_win_number,Chose Hot,34,65,NA,1,it was okay but think it was setup ,49,A few times,NA,White,Female,Non-Hispanic
P0176,16,0.8599999999999998,17,23,No Banner,Lost,0,NA,Chose Non-Hot,4,3,NA,1,it was okay but think it was setup ,49,A few times,NA,White,Female,Non-Hispanic
P0176,17,1.2099999999999995,15,15,No Banner,Won,0,NA,Chose Non-Hot,0,NA,NA,1,it was okay but think it was setup ,49,A few times,NA,White,Female,Non-Hispanic
P0176,18,1.1999999999999995,28,12,No Banner,Lost,0,NA,Chose Non-Hot,9,22,NA,1,it was okay but think it was setup ,49,A few times,NA,White,Female,Non-Hispanic
P0176,19,1.1899999999999995,2,19,Banner,Lost,8,hot_win_number,Chose Hot,12,14,0,1,it was okay but think it was setup ,49,A few times,NA,White,Female,Non-Hispanic
P0176,20,1.1799999999999995,3,11,Banner,Lost,2,hot_win_number,Chose Hot,2,7,NA,1,it was okay but think it was setup ,49,A few times,NA,White,Female,Non-Hispanic
P0176,21,1.5299999999999998,10,10,No Banner,Won,0,NA,Chose Non-Hot,5,NA,NA,1,it was okay but think it was setup ,49,A few times,NA,White,Female,Non-Hispanic
P0176,22,1.5199999999999998,26,4,No Banner,Lost,0,NA,Chose Non-Hot,3,3,NA,1,it was okay but think it was setup ,49,A few times,NA,White,Female,Non-Hispanic
P0176,23,1.5099999999999998,18,31,No Banner,Lost,0,NA,Chose Non-Hot,3,3,NA,1,it was okay but think it was setup ,49,A few times,NA,White,Female,Non-Hispanic
P0176,24,1.4999999999999998,23,30,Banner,Lost,3,nonhot_win_number,Chose Hot,5,4,2,1,it was okay but think it was setup ,49,A few times,NA,White,Female,Non-Hispanic
P0177,1,0.29,3,21,Banner,Lost,8,nonhot_win_number,Chose Hot,94,87,2,1,It was a fun study! Everything worked smoothly and I did not encounter any problems. Thank you for letting me participate! ,38,About once a week,NA,White,Female,Non-Hispanic
P0177,2,0.27999999999999997,21,6,Banner,Lost,16,hot_win_number,Chose Hot,87,91,1,1,It was a fun study! Everything worked smoothly and I did not encounter any problems. Thank you for letting me participate! ,38,About once a week,NA,White,Female,Non-Hispanic
P0177,3,0.26999999999999996,21,6,No Banner,Lost,0,NA,Chose Non-Hot,100,100,NA,1,It was a fun study! Everything worked smoothly and I did not encounter any problems. Thank you for letting me participate! ,38,About once a week,NA,White,Female,Non-Hispanic
P0177,4,0.6199999999999999,9,9,No Banner,Won,0,NA,Chose Non-Hot,0,NA,NA,1,It was a fun study! Everything worked smoothly and I did not encounter any problems. Thank you for letting me participate! ,38,About once a week,NA,White,Female,Non-Hispanic
P0177,5,0.6099999999999999,12,8,No Banner,Lost,0,NA,Chose Non-Hot,100,100,NA,1,It was a fun study! Everything worked smoothly and I did not encounter any problems. Thank you for letting me participate! ,38,About once a week,NA,White,Female,Non-Hispanic
P0177,6,0.5999999999999999,10,1,No Banner,Lost,0,NA,Chose Non-Hot,100,100,NA,1,It was a fun study! Everything worked smoothly and I did not encounter any problems. Thank you for letting me participate! ,38,About once a week,NA,White,Female,Non-Hispanic
P0177,7,0.5899999999999999,21,1,No Banner,Lost,0,NA,Chose Non-Hot,100,100,NA,1,It was a fun study! Everything worked smoothly and I did not encounter any problems. Thank you for letting me participate! ,38,About once a week,NA,White,Female,Non-Hispanic
P0177,8,0.5799999999999998,3,34,No Banner,Lost,0,NA,Chose Non-Hot,100,100,NA,1,It was a fun study! Everything worked smoothly and I did not encounter any problems. Thank you for letting me participate! ,38,About once a week,NA,White,Female,Non-Hispanic
P0177,9,0.5699999999999998,23,21,No Banner,Lost,0,NA,Chose Non-Hot,100,100,NA,1,It was a fun study! Everything worked smoothly and I did not encounter any problems. Thank you for letting me participate! ,38,About once a week,NA,White,Female,Non-Hispanic
P0177,10,0.9199999999999998,21,21,No Banner,Won,0,NA,Chose Non-Hot,0,NA,NA,1,It was a fun study! Everything worked smoothly and I did not encounter any problems. Thank you for letting me participate! ,38,About once a week,NA,White,Female,Non-Hispanic
P0177,11,0.9099999999999998,3,4,No Banner,Lost,0,NA,Chose Non-Hot,100,100,NA,1,It was a fun study! Everything worked smoothly and I did not encounter any problems. Thank you for letting me participate! ,38,About once a week,NA,White,Female,Non-Hispanic
P0177,12,0.8999999999999998,12,20,Banner,Lost,1,nonhot_win_number,Chose Hot,100,100,NA,1,It was a fun study! Everything worked smoothly and I did not encounter any problems. Thank you for letting me participate! ,38,About once a week,NA,White,Female,Non-Hispanic
P0177,13,0.8899999999999998,15,30,Banner,Lost,2,hot_win_number,Chose Hot,100,100,NA,1,It was a fun study! Everything worked smoothly and I did not encounter any problems. Thank you for letting me participate! ,38,About once a week,NA,White,Female,Non-Hispanic
P0177,14,0.8799999999999998,8,23,Banner,Lost,8,hot_win_number,Chose Hot,100,100,0,1,It was a fun study! Everything worked smoothly and I did not encounter any problems. Thank you for letting me participate! ,38,About once a week,NA,White,Female,Non-Hispanic
P0177,15,0.8699999999999998,35,2,Banner,Lost,2,nonhot_win_number,Chose Hot,100,100,0,1,It was a fun study! Everything worked smoothly and I did not encounter any problems. Thank you for letting me participate! ,38,About once a week,NA,White,Female,Non-Hispanic
P0177,16,0.8599999999999998,8,23,Banner,Lost,16,nonhot_win_number,Chose Hot,100,100,0,1,It was a fun study! Everything worked smoothly and I did not encounter any problems. Thank you for letting me participate! ,38,About once a week,NA,White,Female,Non-Hispanic
P0177,17,0.8499999999999998,18,27,Banner,Lost,1,nonhot_win_number,Chose Hot,100,100,NA,1,It was a fun study! Everything worked smoothly and I did not encounter any problems. Thank you for letting me participate! ,38,About once a week,NA,White,Female,Non-Hispanic
P0177,18,1.1999999999999995,21,21,No Banner,Won,0,NA,Chose Non-Hot,0,NA,NA,1,It was a fun study! Everything worked smoothly and I did not encounter any problems. Thank you for letting me participate! ,38,About once a week,NA,White,Female,Non-Hispanic
P0177,19,1.1899999999999995,3,8,No Banner,Lost,0,NA,Chose Non-Hot,100,100,NA,1,It was a fun study! Everything worked smoothly and I did not encounter any problems. Thank you for letting me participate! ,38,About once a week,NA,White,Female,Non-Hispanic
P0177,20,1.1799999999999995,3,9,No Banner,Lost,0,NA,Chose Non-Hot,100,100,NA,1,It was a fun study! Everything worked smoothly and I did not encounter any problems. Thank you for letting me participate! ,38,About once a week,NA,White,Female,Non-Hispanic
P0177,21,1.1699999999999997,15,17,Banner,Lost,3,nonhot_win_number,Chose Hot,100,100,0,1,It was a fun study! Everything worked smoothly and I did not encounter any problems. Thank you for letting me participate! ,38,About once a week,NA,White,Female,Non-Hispanic
P0177,22,1.5199999999999996,23,23,No Banner,Won,0,NA,Chose Non-Hot,0,NA,NA,1,It was a fun study! Everything worked smoothly and I did not encounter any problems. Thank you for letting me participate! ,38,About once a week,NA,White,Female,Non-Hispanic
P0177,23,1.5099999999999996,1,11,No Banner,Lost,0,NA,Chose Non-Hot,100,100,NA,1,It was a fun study! Everything worked smoothly and I did not encounter any problems. Thank you for letting me participate! ,38,About once a week,NA,White,Female,Non-Hispanic
P0177,24,1.4999999999999996,9,24,Banner,Lost,3,hot_win_number,Chose Hot,100,100,0,1,It was a fun study! Everything worked smoothly and I did not encounter any problems. Thank you for letting me participate! ,38,About once a week,NA,White,Female,Non-Hispanic
P0180,1,0.29,6,24,No Banner,Lost,0,NA,Chose Non-Hot,80,100,NA,1,,42,Never,NA,Black/African American,Female,Non-Hispanic
P0180,2,0.27999999999999997,14,34,Banner,Lost,2,nonhot_win_number,Chose Hot,11,100,1,1,,42,Never,NA,Black/African American,Female,Non-Hispanic
P0180,3,0.26999999999999996,24,33,No Banner,Lost,0,NA,Chose Non-Hot,100,100,NA,1,,42,Never,NA,Black/African American,Female,Non-Hispanic
P0180,4,0.6199999999999999,27,27,No Banner,Won,0,NA,Chose Non-Hot,1,NA,NA,1,,42,Never,NA,Black/African American,Female,Non-Hispanic
P0180,5,0.6099999999999999,28,36,No Banner,Lost,0,NA,Chose Non-Hot,100,100,NA,1,,42,Never,NA,Black/African American,Female,Non-Hispanic
P0180,6,0.5999999999999999,16,2,Banner,Lost,3,nonhot_win_number,Chose Hot,100,100,1,1,,42,Never,NA,Black/African American,Female,Non-Hispanic
P0180,7,0.5899999999999999,32,10,No Banner,Lost,0,NA,Chose Non-Hot,100,100,NA,1,,42,Never,NA,Black/African American,Female,Non-Hispanic
P0180,8,0.5799999999999998,18,22,Banner,Lost,2,hot_win_number,Chose Non-Hot,100,100,1,1,,42,Never,NA,Black/African American,Female,Non-Hispanic
P0180,9,0.5699999999999998,4,5,Banner,Lost,8,nonhot_win_number,Chose Hot,100,100,2,1,,42,Never,NA,Black/African American,Female,Non-Hispanic
P0180,10,0.5599999999999998,36,21,No Banner,Lost,0,NA,Chose Non-Hot,100,100,NA,1,,42,Never,NA,Black/African American,Female,Non-Hispanic
P0180,11,0.9099999999999998,10,10,No Banner,Won,0,NA,Chose Non-Hot,1,NA,NA,1,,42,Never,NA,Black/African American,Female,Non-Hispanic
P0180,12,0.8999999999999998,12,14,Banner,Lost,3,hot_win_number,Chose Non-Hot,100,100,1,1,,42,Never,NA,Black/African American,Female,Non-Hispanic
P0180,13,0.8899999999999998,25,19,Banner,Lost,1,nonhot_win_number,Chose Hot,100,100,NA,1,,42,Never,NA,Black/African American,Female,Non-Hispanic
P0180,14,0.8799999999999998,17,24,No Banner,Lost,0,NA,Chose Non-Hot,100,100,NA,1,,42,Never,NA,Black/African American,Female,Non-Hispanic
P0180,15,0.8699999999999998,13,20,No Banner,Lost,0,NA,Chose Non-Hot,100,100,NA,1,,42,Never,NA,Black/African American,Female,Non-Hispanic
P0180,16,1.2199999999999998,35,35,No Banner,Won,0,NA,Chose Non-Hot,1,NA,NA,1,,42,Never,NA,Black/African American,Female,Non-Hispanic
P0180,17,1.2099999999999995,15,11,Banner,Lost,1,nonhot_win_number,Chose Non-Hot,100,100,1,1,,42,Never,NA,Black/African American,Female,Non-Hispanic
P0180,18,1.1999999999999995,36,15,Banner,Lost,16,nonhot_win_number,Chose Non-Hot,100,100,1,1,,42,Never,NA,Black/African American,Female,Non-Hispanic
P0180,19,1.1899999999999995,1,17,No Banner,Lost,0,NA,Chose Non-Hot,100,100,NA,1,,42,Never,NA,Black/African American,Female,Non-Hispanic
P0180,20,1.1799999999999995,23,8,Banner,Lost,16,hot_win_number,Chose Hot,100,100,1,1,,42,Never,NA,Black/African American,Female,Non-Hispanic
P0180,21,1.5299999999999998,25,25,No Banner,Won,0,NA,Chose Non-Hot,1,NA,NA,1,,42,Never,NA,Black/African American,Female,Non-Hispanic
P0180,22,1.5199999999999998,10,22,Banner,Lost,8,hot_win_number,Chose Hot,100,100,1,1,,42,Never,NA,Black/African American,Female,Non-Hispanic
P0180,23,1.5099999999999998,23,12,No Banner,Lost,0,NA,Chose Non-Hot,100,100,NA,1,,42,Never,NA,Black/African American,Female,Non-Hispanic
P0180,24,1.4999999999999998,18,17,No Banner,Lost,0,NA,Chose Non-Hot,100,100,NA,1,,42,Never,NA,Black/African American,Female,Non-Hispanic
P0181,1,0.29,6,18,No Banner,Lost,0,NA,Chose Non-Hot,70,93,NA,2,Thanks for the opportunity,36,Daily or almost daily,NA,White,Male,Non-Hispanic
P0181,2,0.27999999999999997,6,18,No Banner,Lost,0,NA,Chose Non-Hot,90,88,NA,2,Thanks for the opportunity,36,Daily or almost daily,NA,White,Male,Non-Hispanic
P0181,3,0.26999999999999996,6,16,Banner,Lost,8,nonhot_win_number,Chose Hot,71,62,82,2,Thanks for the opportunity,36,Daily or almost daily,NA,White,Male,Non-Hispanic
P0181,4,0.6199999999999999,6,6,No Banner,Won,0,NA,Chose Non-Hot,2,NA,NA,2,Thanks for the opportunity,36,Daily or almost daily,NA,White,Male,Non-Hispanic
P0181,5,0.6099999999999999,8,20,Banner,Lost,1,nonhot_win_number,Chose Hot,75,52,NA,2,Thanks for the opportunity,36,Daily or almost daily,NA,White,Male,Non-Hispanic
P0181,6,0.5999999999999999,8,22,No Banner,Lost,0,NA,Chose Non-Hot,75,54,NA,2,Thanks for the opportunity,36,Daily or almost daily,NA,White,Male,Non-Hispanic
P0181,7,0.5899999999999999,26,16,Banner,Lost,3,nonhot_win_number,Chose Hot,74,39,58,2,Thanks for the opportunity,36,Daily or almost daily,NA,White,Male,Non-Hispanic
P0181,8,0.5799999999999998,6,20,No Banner,Lost,0,NA,Chose Non-Hot,72,59,NA,2,Thanks for the opportunity,36,Daily or almost daily,NA,White,Male,Non-Hispanic
P0181,9,0.5699999999999998,6,29,Banner,Lost,2,hot_win_number,Chose Non-Hot,63,48,63,2,Thanks for the opportunity,36,Daily or almost daily,NA,White,Male,Non-Hispanic
P0181,10,0.5599999999999998,33,36,No Banner,Lost,0,NA,Chose Non-Hot,89,96,NA,2,Thanks for the opportunity,36,Daily or almost daily,NA,White,Male,Non-Hispanic
P0181,11,0.9099999999999998,18,18,No Banner,Won,0,NA,Chose Non-Hot,0,NA,NA,2,Thanks for the opportunity,36,Daily or almost daily,NA,White,Male,Non-Hispanic
P0181,12,0.8999999999999998,21,34,No Banner,Lost,0,NA,Chose Non-Hot,88,97,NA,2,Thanks for the opportunity,36,Daily or almost daily,NA,White,Male,Non-Hispanic
P0181,13,0.8899999999999998,23,14,Banner,Lost,3,hot_win_number,Chose Hot,82,100,5,2,Thanks for the opportunity,36,Daily or almost daily,NA,White,Male,Non-Hispanic
P0181,14,0.8799999999999998,34,36,Banner,Lost,1,nonhot_win_number,Chose Hot,71,100,NA,2,Thanks for the opportunity,36,Daily or almost daily,NA,White,Male,Non-Hispanic
P0181,15,0.8699999999999998,22,32,No Banner,Lost,0,NA,Chose Non-Hot,90,100,NA,2,Thanks for the opportunity,36,Daily or almost daily,NA,White,Male,Non-Hispanic
P0181,16,1.2199999999999998,24,24,No Banner,Won,0,NA,Chose Non-Hot,2,NA,NA,2,Thanks for the opportunity,36,Daily or almost daily,NA,White,Male,Non-Hispanic
P0181,17,1.2099999999999995,6,18,Banner,Lost,16,nonhot_win_number,Chose Hot,89,100,2,2,Thanks for the opportunity,36,Daily or almost daily,NA,White,Male,Non-Hispanic
P0181,18,1.1999999999999995,13,22,No Banner,Lost,0,NA,Chose Non-Hot,77,92,NA,2,Thanks for the opportunity,36,Daily or almost daily,NA,White,Male,Non-Hispanic
P0181,19,1.1899999999999995,31,30,No Banner,Lost,0,NA,Chose Non-Hot,63,81,NA,2,Thanks for the opportunity,36,Daily or almost daily,NA,White,Male,Non-Hispanic
P0181,20,1.1799999999999995,3,36,Banner,Lost,16,hot_win_number,Chose Non-Hot,79,92,3,2,Thanks for the opportunity,36,Daily or almost daily,NA,White,Male,Non-Hispanic
P0181,21,1.1699999999999997,10,26,No Banner,Lost,0,NA,Chose Non-Hot,84,96,NA,2,Thanks for the opportunity,36,Daily or almost daily,NA,White,Male,Non-Hispanic
P0181,22,1.1599999999999997,10,11,Banner,Lost,8,hot_win_number,Chose Hot,80,99,3,2,Thanks for the opportunity,36,Daily or almost daily,NA,White,Male,Non-Hispanic
P0181,23,1.1499999999999997,12,2,Banner,Lost,2,nonhot_win_number,Chose Hot,78,93,2,2,Thanks for the opportunity,36,Daily or almost daily,NA,White,Male,Non-Hispanic
P0181,24,1.4999999999999996,12,12,No Banner,Won,0,NA,Chose Non-Hot,3,NA,NA,2,Thanks for the opportunity,36,Daily or almost daily,NA,White,Male,Non-Hispanic
P0185,1,0.29,1,14,No Banner,Lost,0,NA,Chose Non-Hot,0,10,NA,2,it runs a little long hard to really measure regret. For me anyway,45,Daily or almost daily,NA,White,Male,Non-Hispanic
P0185,2,0.27999999999999997,1,24,Banner,Lost,3,nonhot_win_number,Chose Non-Hot,0,10,0,2,it runs a little long hard to really measure regret. For me anyway,45,Daily or almost daily,NA,White,Male,Non-Hispanic
P0185,3,0.26999999999999996,1,23,Banner,Lost,16,hot_win_number,Chose Non-Hot,0,11,0,2,it runs a little long hard to really measure regret. For me anyway,45,Daily or almost daily,NA,White,Male,Non-Hispanic
P0185,4,0.25999999999999995,1,16,Banner,Lost,8,nonhot_win_number,Chose Hot,2,11,0,2,it runs a little long hard to really measure regret. For me anyway,45,Daily or almost daily,NA,White,Male,Non-Hispanic
P0185,5,0.6099999999999999,1,1,No Banner,Won,0,NA,Chose Non-Hot,0,NA,NA,2,it runs a little long hard to really measure regret. For me anyway,45,Daily or almost daily,NA,White,Male,Non-Hispanic
P0185,6,0.5999999999999999,1,26,Banner,Lost,16,nonhot_win_number,Chose Hot,15,5,0,2,it runs a little long hard to really measure regret. For me anyway,45,Daily or almost daily,NA,White,Male,Non-Hispanic
P0185,7,0.5899999999999999,13,5,Banner,Lost,1,nonhot_win_number,Chose Hot,0,0,NA,2,it runs a little long hard to really measure regret. For me anyway,45,Daily or almost daily,NA,White,Male,Non-Hispanic
P0185,8,0.5799999999999998,1,8,No Banner,Lost,0,NA,Chose Non-Hot,0,0,NA,2,it runs a little long hard to really measure regret. For me anyway,45,Daily or almost daily,NA,White,Male,Non-Hispanic
P0185,9,0.5699999999999998,28,25,No Banner,Lost,0,NA,Chose Non-Hot,0,2,NA,2,it runs a little long hard to really measure regret. For me anyway,45,Daily or almost daily,NA,White,Male,Non-Hispanic
P0185,10,0.9199999999999998,28,28,No Banner,Won,0,NA,Chose Non-Hot,0,NA,NA,2,it runs a little long hard to really measure regret. For me anyway,45,Daily or almost daily,NA,White,Male,Non-Hispanic
P0185,11,0.9099999999999998,7,33,No Banner,Lost,0,NA,Chose Non-Hot,5,1,NA,2,it runs a little long hard to really measure regret. For me anyway,45,Daily or almost daily,NA,White,Male,Non-Hispanic
P0185,12,0.8999999999999998,23,18,No Banner,Lost,0,NA,Chose Non-Hot,10,10,NA,2,it runs a little long hard to really measure regret. For me anyway,45,Daily or almost daily,NA,White,Male,Non-Hispanic
P0185,13,0.8899999999999998,23,3,No Banner,Lost,0,NA,Chose Non-Hot,0,7,NA,2,it runs a little long hard to really measure regret. For me anyway,45,Daily or almost daily,NA,White,Male,Non-Hispanic
P0185,14,0.8799999999999998,23,31,Banner,Lost,8,hot_win_number,Chose Non-Hot,0,4,36,2,it runs a little long hard to really measure regret. For me anyway,45,Daily or almost daily,NA,White,Male,Non-Hispanic
P0185,15,0.8699999999999998,23,11,Banner,Lost,2,hot_win_number,Chose Hot,0,0,NA,2,it runs a little long hard to really measure regret. For me anyway,45,Daily or almost daily,NA,White,Male,Non-Hispanic
P0185,16,0.8599999999999998,23,9,No Banner,Lost,0,NA,Chose Non-Hot,0,0,NA,2,it runs a little long hard to really measure regret. For me anyway,45,Daily or almost daily,NA,White,Male,Non-Hispanic
P0185,17,0.8499999999999998,28,24,No Banner,Lost,0,NA,Chose Non-Hot,0,0,NA,2,it runs a little long hard to really measure regret. For me anyway,45,Daily or almost daily,NA,White,Male,Non-Hispanic
P0185,18,1.1999999999999995,23,23,No Banner,Won,0,NA,Chose Non-Hot,0,NA,NA,2,it runs a little long hard to really measure regret. For me anyway,45,Daily or almost daily,NA,White,Male,Non-Hispanic
P0185,19,1.1899999999999995,30,7,Banner,Lost,3,hot_win_number,Chose Hot,4,5,17,2,it runs a little long hard to really measure regret. For me anyway,45,Daily or almost daily,NA,White,Male,Non-Hispanic
P0185,20,1.1799999999999995,8,23,Banner,Lost,2,nonhot_win_number,Chose Hot,27,44,0,2,it runs a little long hard to really measure regret. For me anyway,45,Daily or almost daily,NA,White,Male,Non-Hispanic
P0185,21,1.1699999999999997,5,21,No Banner,Lost,0,NA,Chose Non-Hot,0,0,NA,2,it runs a little long hard to really measure regret. For me anyway,45,Daily or almost daily,NA,White,Male,Non-Hispanic
P0185,22,1.1599999999999997,5,13,Banner,Lost,1,nonhot_win_number,Chose Non-Hot,0,0,0,2,it runs a little long hard to really measure regret. For me anyway,45,Daily or almost daily,NA,White,Male,Non-Hispanic
P0185,23,1.5099999999999998,5,5,No Banner,Won,0,NA,Chose Non-Hot,0,NA,NA,2,it runs a little long hard to really measure regret. For me anyway,45,Daily or almost daily,NA,White,Male,Non-Hispanic
P0185,24,1.4999999999999998,5,19,No Banner,Lost,0,NA,Chose Non-Hot,0,0,NA,2,it runs a little long hard to really measure regret. For me anyway,45,Daily or almost daily,NA,White,Male,Non-Hispanic
P0190,1,0.29,16,33,No Banner,Lost,0,NA,Chose Non-Hot,30,40,NA,1,It was a fun experiment and I enjoyed playing the roulette game. ,36,A few times,NA,White,Female,Non-Hispanic
P0190,2,0.27999999999999997,16,9,No Banner,Lost,0,NA,Chose Non-Hot,27,44,NA,1,It was a fun experiment and I enjoyed playing the roulette game. ,36,A few times,NA,White,Female,Non-Hispanic
P0190,3,0.26999999999999996,16,26,Banner,Lost,2,hot_win_number,Chose Non-Hot,23,59,11,1,It was a fun experiment and I enjoyed playing the roulette game. ,36,A few times,NA,White,Female,Non-Hispanic
P0190,4,0.25999999999999995,9,5,Banner,Lost,3,hot_win_number,Chose Hot,63,56,2,1,It was a fun experiment and I enjoyed playing the roulette game. ,36,A few times,NA,White,Female,Non-Hispanic
P0190,5,0.24999999999999992,26,13,Banner,Lost,1,nonhot_win_number,Chose Hot,24,64,NA,1,It was a fun experiment and I enjoyed playing the roulette game. ,36,A few times,NA,White,Female,Non-Hispanic
P0190,6,0.5999999999999999,16,16,No Banner,Won,0,NA,Chose Non-Hot,0,NA,NA,1,It was a fun experiment and I enjoyed playing the roulette game. ,36,A few times,NA,White,Female,Non-Hispanic
P0190,7,0.5899999999999999,30,25,No Banner,Lost,0,NA,Chose Non-Hot,61,74,NA,1,It was a fun experiment and I enjoyed playing the roulette game. ,36,A few times,NA,White,Female,Non-Hispanic
P0190,8,0.5799999999999998,10,12,Banner,Lost,8,hot_win_number,Chose Hot,25,75,7,1,It was a fun experiment and I enjoyed playing the roulette game. ,36,A few times,NA,White,Female,Non-Hispanic
P0190,9,0.5699999999999998,16,34,Banner,Lost,16,nonhot_win_number,Chose Hot,40,73,12,1,It was a fun experiment and I enjoyed playing the roulette game. ,36,A few times,NA,White,Female,Non-Hispanic
P0190,10,0.9199999999999998,13,13,No Banner,Won,0,NA,Chose Non-Hot,0,NA,NA,1,It was a fun experiment and I enjoyed playing the roulette game. ,36,A few times,NA,White,Female,Non-Hispanic
P0190,11,0.9099999999999998,30,28,Banner,Lost,16,hot_win_number,Chose Hot,59,71,4,1,It was a fun experiment and I enjoyed playing the roulette game. ,36,A few times,NA,White,Female,Non-Hispanic
P0190,12,0.8999999999999998,24,20,Banner,Lost,2,nonhot_win_number,Chose Hot,18,59,4,1,It was a fun experiment and I enjoyed playing the roulette game. ,36,A few times,NA,White,Female,Non-Hispanic
P0190,13,0.8899999999999998,25,13,No Banner,Lost,0,NA,Chose Non-Hot,47,52,NA,1,It was a fun experiment and I enjoyed playing the roulette game. ,36,A few times,NA,White,Female,Non-Hispanic
P0190,14,0.8799999999999998,33,11,Banner,Lost,8,nonhot_win_number,Chose Hot,44,73,8,1,It was a fun experiment and I enjoyed playing the roulette game. ,36,A few times,NA,White,Female,Non-Hispanic
P0190,15,0.8699999999999998,5,27,Banner,Lost,1,nonhot_win_number,Chose Hot,74,77,NA,1,It was a fun experiment and I enjoyed playing the roulette game. ,36,A few times,NA,White,Female,Non-Hispanic
P0190,16,1.2199999999999998,20,20,No Banner,Won,0,NA,Chose Non-Hot,0,NA,NA,1,It was a fun experiment and I enjoyed playing the roulette game. ,36,A few times,NA,White,Female,Non-Hispanic
P0190,17,1.2099999999999995,4,5,No Banner,Lost,0,NA,Chose Non-Hot,44,59,NA,1,It was a fun experiment and I enjoyed playing the roulette game. ,36,A few times,NA,White,Female,Non-Hispanic
P0190,18,1.1999999999999995,15,16,Banner,Lost,3,nonhot_win_number,Chose Hot,54,71,10,1,It was a fun experiment and I enjoyed playing the roulette game. ,36,A few times,NA,White,Female,Non-Hispanic
P0190,19,1.1899999999999995,29,19,No Banner,Lost,0,NA,Chose Non-Hot,31,62,NA,1,It was a fun experiment and I enjoyed playing the roulette game. ,36,A few times,NA,White,Female,Non-Hispanic
P0190,20,1.1799999999999995,21,9,No Banner,Lost,0,NA,Chose Non-Hot,32,58,NA,1,It was a fun experiment and I enjoyed playing the roulette game. ,36,A few times,NA,White,Female,Non-Hispanic
P0190,21,1.1699999999999997,6,2,No Banner,Lost,0,NA,Chose Non-Hot,37,58,NA,1,It was a fun experiment and I enjoyed playing the roulette game. ,36,A few times,NA,White,Female,Non-Hispanic
P0190,22,1.1599999999999997,8,3,No Banner,Lost,0,NA,Chose Non-Hot,43,67,NA,1,It was a fun experiment and I enjoyed playing the roulette game. ,36,A few times,NA,White,Female,Non-Hispanic
P0190,23,1.1499999999999997,6,23,No Banner,Lost,0,NA,Chose Non-Hot,52,71,NA,1,It was a fun experiment and I enjoyed playing the roulette game. ,36,A few times,NA,White,Female,Non-Hispanic
P0190,24,1.4999999999999996,6,6,No Banner,Won,0,NA,Chose Non-Hot,0,NA,NA,1,It was a fun experiment and I enjoyed playing the roulette game. ,36,A few times,NA,White,Female,Non-Hispanic
P0191,1,0.29,17,31,No Banner,Lost,0,NA,Chose Non-Hot,0,100,NA,3,Tough game,45,A few times,NA,Multiracial/Mixed,Non-binary,Hispanic
P0191,2,0.27999999999999997,21,20,Banner,Lost,2,hot_win_number,Chose Hot,0,100,NA,3,Tough game,45,A few times,NA,Multiracial/Mixed,Non-binary,Hispanic
P0191,3,0.6299999999999999,21,21,No Banner,Won,0,NA,Chose Non-Hot,0,NA,NA,3,Tough game,45,A few times,NA,Multiracial/Mixed,Non-binary,Hispanic
P0191,4,0.6199999999999999,17,1,No Banner,Lost,0,NA,Chose Non-Hot,0,100,NA,3,Tough game,45,A few times,NA,Multiracial/Mixed,Non-binary,Hispanic
P0191,5,0.6099999999999999,17,21,No Banner,Lost,0,NA,Chose Non-Hot,0,100,NA,3,Tough game,45,A few times,NA,Multiracial/Mixed,Non-binary,Hispanic
P0191,6,0.5999999999999999,11,30,Banner,Lost,16,hot_win_number,Chose Hot,0,100,0,3,Tough game,45,A few times,NA,Multiracial/Mixed,Non-binary,Hispanic
P0191,7,0.5899999999999999,10,9,No Banner,Lost,0,NA,Chose Non-Hot,0,100,NA,3,Tough game,45,A few times,NA,Multiracial/Mixed,Non-binary,Hispanic
P0191,8,0.5799999999999998,10,1,No Banner,Lost,0,NA,Chose Non-Hot,0,100,NA,3,Tough game,45,A few times,NA,Multiracial/Mixed,Non-binary,Hispanic
P0191,9,0.9299999999999998,10,10,No Banner,Won,0,NA,Chose Non-Hot,100,NA,NA,3,Tough game,45,A few times,NA,Multiracial/Mixed,Non-binary,Hispanic
P0191,10,0.9199999999999998,13,31,Banner,Lost,8,nonhot_win_number,Chose Hot,0,100,0,3,Tough game,45,A few times,NA,Multiracial/Mixed,Non-binary,Hispanic
P0191,11,0.9099999999999998,15,5,Banner,Lost,2,nonhot_win_number,Chose Hot,0,100,0,3,Tough game,45,A few times,NA,Multiracial/Mixed,Non-binary,Hispanic
P0191,12,0.8999999999999998,11,31,No Banner,Lost,0,NA,Chose Non-Hot,0,100,NA,3,Tough game,45,A few times,NA,Multiracial/Mixed,Non-binary,Hispanic
P0191,13,0.8899999999999998,1,11,Banner,Lost,3,nonhot_win_number,Chose Hot,0,100,0,3,Tough game,45,A few times,NA,Multiracial/Mixed,Non-binary,Hispanic
P0191,14,0.8799999999999998,1,26,No Banner,Lost,0,NA,Chose Non-Hot,0,100,NA,3,Tough game,45,A few times,NA,Multiracial/Mixed,Non-binary,Hispanic
P0191,15,0.8699999999999998,7,24,No Banner,Lost,0,NA,Chose Non-Hot,0,100,NA,3,Tough game,45,A few times,NA,Multiracial/Mixed,Non-binary,Hispanic
P0191,16,1.2199999999999998,7,7,No Banner,Won,0,NA,Chose Non-Hot,0,NA,NA,3,Tough game,45,A few times,NA,Multiracial/Mixed,Non-binary,Hispanic
P0191,17,1.2099999999999995,13,28,Banner,Lost,16,nonhot_win_number,Chose Hot,0,100,0,3,Tough game,45,A few times,NA,Multiracial/Mixed,Non-binary,Hispanic
P0191,18,1.1999999999999995,13,21,Banner,Lost,3,hot_win_number,Chose Non-Hot,0,100,0,3,Tough game,45,A few times,NA,Multiracial/Mixed,Non-binary,Hispanic
P0191,19,1.1899999999999995,17,35,No Banner,Lost,0,NA,Chose Non-Hot,0,100,NA,3,Tough game,45,A few times,NA,Multiracial/Mixed,Non-binary,Hispanic
P0191,20,1.1799999999999995,8,29,Banner,Lost,1,nonhot_win_number,Chose Hot,0,100,NA,3,Tough game,45,A few times,NA,Multiracial/Mixed,Non-binary,Hispanic
P0191,21,1.5299999999999998,8,8,No Banner,Won,0,NA,Chose Non-Hot,0,NA,NA,3,Tough game,45,A few times,NA,Multiracial/Mixed,Non-binary,Hispanic
P0191,22,1.5199999999999998,16,4,Banner,Lost,8,hot_win_number,Chose Hot,0,100,0,3,Tough game,45,A few times,NA,Multiracial/Mixed,Non-binary,Hispanic
P0191,23,1.5099999999999998,33,24,Banner,Lost,1,nonhot_win_number,Chose Hot,0,100,NA,3,Tough game,45,A few times,NA,Multiracial/Mixed,Non-binary,Hispanic
P0191,24,1.4999999999999998,33,13,No Banner,Lost,0,NA,Chose Non-Hot,0,100,NA,3,Tough game,45,A few times,NA,Multiracial/Mixed,Non-binary,Hispanic
P0196,1,0.29,21,31,No Banner,Lost,0,NA,Chose Non-Hot,80,96,NA,2,none,40,A few times,NA,Asian,Male,Non-Hispanic
P0196,2,0.27999999999999997,11,7,No Banner,Lost,0,NA,Chose Non-Hot,30,86,NA,2,none,40,A few times,NA,Asian,Male,Non-Hispanic
P0196,3,0.26999999999999996,11,4,No Banner,Lost,0,NA,Chose Non-Hot,71,92,NA,2,none,40,A few times,NA,Asian,Male,Non-Hispanic
P0196,4,0.25999999999999995,11,7,No Banner,Lost,0,NA,Chose Non-Hot,78,64,NA,2,none,40,A few times,NA,Asian,Male,Non-Hispanic
P0196,5,0.6099999999999999,11,11,No Banner,Won,0,NA,Chose Non-Hot,0,NA,NA,2,none,40,A few times,NA,Asian,Male,Non-Hispanic
P0196,6,0.5999999999999999,29,15,Banner,Lost,8,hot_win_number,Chose Hot,76,87,0,2,none,40,A few times,NA,Asian,Male,Non-Hispanic
P0196,7,0.5899999999999999,21,20,No Banner,Lost,0,NA,Chose Non-Hot,77,94,NA,2,none,40,A few times,NA,Asian,Male,Non-Hispanic
P0196,8,0.5799999999999998,34,18,Banner,Lost,2,hot_win_number,Chose Hot,78,88,NA,2,none,40,A few times,NA,Asian,Male,Non-Hispanic
P0196,9,0.5699999999999998,11,17,Banner,Lost,16,nonhot_win_number,Chose Hot,58,80,0,2,none,40,A few times,NA,Asian,Male,Non-Hispanic
P0196,10,0.5599999999999998,7,12,Banner,Lost,3,nonhot_win_number,Chose Hot,74,89,0,2,none,40,A few times,NA,Asian,Male,Non-Hispanic
P0196,11,0.9099999999999998,21,21,No Banner,Won,0,NA,Chose Non-Hot,0,NA,NA,2,none,40,A few times,NA,Asian,Male,Non-Hispanic
P0196,12,0.8999999999999998,15,4,Banner,Lost,8,nonhot_win_number,Chose Hot,74,100,0,2,none,40,A few times,NA,Asian,Male,Non-Hispanic
P0196,13,0.8899999999999998,11,20,Banner,Lost,16,hot_win_number,Chose Hot,72,100,0,2,none,40,A few times,NA,Asian,Male,Non-Hispanic
P0196,14,0.8799999999999998,35,33,Banner,Lost,1,nonhot_win_number,Chose Hot,77,96,NA,2,none,40,A few times,NA,Asian,Male,Non-Hispanic
P0196,15,0.8699999999999998,35,26,Banner,Lost,1,nonhot_win_number,Chose Hot,79,93,NA,2,none,40,A few times,NA,Asian,Male,Non-Hispanic
P0196,16,0.8599999999999998,34,28,No Banner,Lost,0,NA,Chose Non-Hot,83,93,NA,2,none,40,A few times,NA,Asian,Male,Non-Hispanic
P0196,17,1.2099999999999995,23,23,No Banner,Won,0,NA,Chose Non-Hot,0,NA,NA,2,none,40,A few times,NA,Asian,Male,Non-Hispanic
P0196,18,1.1999999999999995,17,3,No Banner,Lost,0,NA,Chose Non-Hot,75,100,NA,2,none,40,A few times,NA,Asian,Male,Non-Hispanic
P0196,19,1.1899999999999995,10,6,Banner,Lost,3,hot_win_number,Chose Hot,72,100,0,2,none,40,A few times,NA,Asian,Male,Non-Hispanic
P0196,20,1.1799999999999995,27,32,No Banner,Lost,0,NA,Chose Non-Hot,76,100,NA,2,none,40,A few times,NA,Asian,Male,Non-Hispanic
P0196,21,1.1699999999999997,23,25,No Banner,Lost,0,NA,Chose Non-Hot,68,93,NA,2,none,40,A few times,NA,Asian,Male,Non-Hispanic
P0196,22,1.1599999999999997,26,15,Banner,Lost,2,nonhot_win_number,Chose Hot,90,95,0,2,none,40,A few times,NA,Asian,Male,Non-Hispanic
P0196,23,1.1499999999999997,19,1,No Banner,Lost,0,NA,Chose Non-Hot,77,100,NA,2,none,40,A few times,NA,Asian,Male,Non-Hispanic
P0196,24,1.4999999999999996,17,17,No Banner,Won,0,NA,Chose Non-Hot,0,NA,NA,2,none,40,A few times,NA,Asian,Male,Non-Hispanic
P0197,1,0.09000000000000001,9,28,No Banner,Lost,0,NA,Chose Non-Hot,53,100,NA,2,"I am very curious why I was required to have a working microphone. Regardless, this was fun and interesting. Cheers!",47,A few times,NA,White,Male,Non-Hispanic
P0197,2,0.08000000000000002,9,4,Banner,Lost,2,hot_win_number,Chose Non-Hot,62,99,0,2,"I am very curious why I was required to have a working microphone. Regardless, this was fun and interesting. Cheers!",47,A few times,NA,White,Male,Non-Hispanic
P0197,3,0.07000000000000002,13,21,Banner,Lost,16,hot_win_number,Chose Hot,72,100,43,2,"I am very curious why I was required to have a working microphone. Regardless, this was fun and interesting. Cheers!",47,A few times,NA,White,Male,Non-Hispanic
P0197,4,0.42,33,33,No Banner,Won,0,NA,Chose Non-Hot,0,NA,NA,2,"I am very curious why I was required to have a working microphone. Regardless, this was fun and interesting. Cheers!",47,A few times,NA,White,Male,Non-Hispanic
P0197,5,0.29,2,30,Banner,Lost,8,hot_win_number,Chose Hot,52,100,0,2,"I am very curious why I was required to have a working microphone. Regardless, this was fun and interesting. Cheers!",47,A few times,NA,White,Male,Non-Hispanic
P0197,6,0.27999999999999997,19,4,Banner,Lost,3,nonhot_win_number,Chose Hot,76,100,0,2,"I am very curious why I was required to have a working microphone. Regardless, this was fun and interesting. Cheers!",47,A few times,NA,White,Male,Non-Hispanic
P0197,7,0.26999999999999996,2,24,Banner,Lost,16,hot_win_number,Chose Hot,80,100,0,2,"I am very curious why I was required to have a working microphone. Regardless, this was fun and interesting. Cheers!",47,A few times,NA,White,Male,Non-Hispanic
P0197,8,0.25999999999999995,23,20,No Banner,Lost,0,NA,Chose Non-Hot,99,100,NA,2,"I am very curious why I was required to have a working microphone. Regardless, this was fun and interesting. Cheers!",47,A few times,NA,White,Male,Non-Hispanic
P0197,9,0.24999999999999992,16,17,No Banner,Lost,0,NA,Chose Non-Hot,100,100,NA,2,"I am very curious why I was required to have a working microphone. Regardless, this was fun and interesting. Cheers!",47,A few times,NA,White,Male,Non-Hispanic
P0197,10,0.5999999999999999,16,16,No Banner,Won,0,NA,Chose Non-Hot,0,NA,NA,2,"I am very curious why I was required to have a working microphone. Regardless, this was fun and interesting. Cheers!",47,A few times,NA,White,Male,Non-Hispanic
P0197,11,0.5899999999999999,6,26,Banner,Lost,2,nonhot_win_number,Chose Hot,95,100,0,2,"I am very curious why I was required to have a working microphone. Regardless, this was fun and interesting. Cheers!",47,A few times,NA,White,Male,Non-Hispanic
P0197,12,0.5799999999999998,22,18,No Banner,Lost,0,NA,Chose Non-Hot,100,100,NA,2,"I am very curious why I was required to have a working microphone. Regardless, this was fun and interesting. Cheers!",47,A few times,NA,White,Male,Non-Hispanic
P0197,13,0.9299999999999998,5,5,No Banner,Won,0,NA,Chose Non-Hot,0,NA,NA,2,"I am very curious why I was required to have a working microphone. Regardless, this was fun and interesting. Cheers!",47,A few times,NA,White,Male,Non-Hispanic
P0197,14,0.9199999999999998,33,21,Banner,Lost,16,nonhot_win_number,Chose Hot,100,100,0,2,"I am very curious why I was required to have a working microphone. Regardless, this was fun and interesting. Cheers!",47,A few times,NA,White,Male,Non-Hispanic
P0197,15,0.9099999999999998,28,26,Banner,Lost,2,hot_win_number,Chose Non-Hot,100,100,0,2,"I am very curious why I was required to have a working microphone. Regardless, this was fun and interesting. Cheers!",47,A few times,NA,White,Male,Non-Hispanic
P0197,16,0.8999999999999998,30,33,No Banner,Lost,0,NA,Chose Non-Hot,100,100,NA,2,"I am very curious why I was required to have a working microphone. Regardless, this was fun and interesting. Cheers!",47,A few times,NA,White,Male,Non-Hispanic
P0197,17,0.8899999999999998,22,15,No Banner,Lost,0,NA,Chose Non-Hot,100,100,NA,2,"I am very curious why I was required to have a working microphone. Regardless, this was fun and interesting. Cheers!",47,A few times,NA,White,Male,Non-Hispanic
P0197,18,0.8799999999999998,36,21,No Banner,Lost,0,NA,Chose Non-Hot,100,100,NA,2,"I am very curious why I was required to have a working microphone. Regardless, this was fun and interesting. Cheers!",47,A few times,NA,White,Male,Non-Hispanic
P0197,19,1.2299999999999998,14,14,No Banner,Won,0,NA,Chose Non-Hot,0,NA,NA,2,"I am very curious why I was required to have a working microphone. Regardless, this was fun and interesting. Cheers!",47,A few times,NA,White,Male,Non-Hispanic
P0197,20,1.2199999999999998,11,14,No Banner,Lost,0,NA,Chose Non-Hot,100,100,NA,2,"I am very curious why I was required to have a working microphone. Regardless, this was fun and interesting. Cheers!",47,A few times,NA,White,Male,Non-Hispanic
P0197,21,1.2099999999999995,3,28,No Banner,Lost,0,NA,Chose Non-Hot,100,100,NA,2,"I am very curious why I was required to have a working microphone. Regardless, this was fun and interesting. Cheers!",47,A few times,NA,White,Male,Non-Hispanic
P0197,22,1.1999999999999995,9,3,No Banner,Lost,0,NA,Chose Non-Hot,100,100,NA,2,"I am very curious why I was required to have a working microphone. Regardless, this was fun and interesting. Cheers!",47,A few times,NA,White,Male,Non-Hispanic
P0197,23,1.1899999999999995,27,13,Banner,Lost,1,nonhot_win_number,Chose Hot,100,100,NA,2,"I am very curious why I was required to have a working microphone. Regardless, this was fun and interesting. Cheers!",47,A few times,NA,White,Male,Non-Hispanic
P0197,24,1.1799999999999995,34,30,Banner,Lost,1,nonhot_win_number,Chose Hot,100,100,NA,2,"I am very curious why I was required to have a working microphone. Regardless, this was fun and interesting. Cheers!",47,A few times,NA,White,Male,Non-Hispanic
P0197,25,1.1699999999999997,21,36,No Banner,Lost,0,NA,Chose Non-Hot,100,100,NA,2,"I am very curious why I was required to have a working microphone. Regardless, this was fun and interesting. Cheers!",47,A few times,NA,White,Male,Non-Hispanic
P0197,26,1.1599999999999997,9,26,Banner,Lost,3,hot_win_number,Chose Non-Hot,100,100,0,2,"I am very curious why I was required to have a working microphone. Regardless, this was fun and interesting. Cheers!",47,A few times,NA,White,Male,Non-Hispanic
P0197,27,1.5099999999999998,11,11,No Banner,Won,0,NA,Chose Non-Hot,0,NA,NA,2,"I am very curious why I was required to have a working microphone. Regardless, this was fun and interesting. Cheers!",47,A few times,NA,White,Male,Non-Hispanic
P0197,28,1.4999999999999998,4,22,Banner,Lost,8,nonhot_win_number,Chose Non-Hot,100,100,0,2,"I am very curious why I was required to have a working microphone. Regardless, this was fun and interesting. Cheers!",47,A few times,NA,White,Male,Non-Hispanic
P0201,1,0.29,16,1,No Banner,Lost,0,NA,Chose Non-Hot,61,89,NA,1,"Fun game, but I couldn't figure out a pattern",56,About once a month,NA,White,Male,Non-Hispanic
P0201,2,0.27999999999999997,15,29,No Banner,Lost,0,NA,Chose Non-Hot,51,92,NA,1,"Fun game, but I couldn't figure out a pattern",56,About once a month,NA,White,Male,Non-Hispanic
P0201,3,0.26999999999999996,14,23,No Banner,Lost,0,NA,Chose Non-Hot,46,86,NA,1,"Fun game, but I couldn't figure out a pattern",56,About once a month,NA,White,Male,Non-Hispanic
P0201,4,0.25999999999999995,17,7,Banner,Lost,2,nonhot_win_number,Chose Non-Hot,35,84,0,1,"Fun game, but I couldn't figure out a pattern",56,About once a month,NA,White,Male,Non-Hispanic
P0201,5,0.24999999999999992,16,3,No Banner,Lost,0,NA,Chose Non-Hot,56,87,NA,1,"Fun game, but I couldn't figure out a pattern",56,About once a month,NA,White,Male,Non-Hispanic
P0201,6,0.5999999999999999,18,18,No Banner,Won,0,NA,Chose Non-Hot,0,NA,NA,1,"Fun game, but I couldn't figure out a pattern",56,About once a month,NA,White,Male,Non-Hispanic
P0201,7,0.5899999999999999,21,26,No Banner,Lost,0,NA,Chose Non-Hot,55,95,NA,1,"Fun game, but I couldn't figure out a pattern",56,About once a month,NA,White,Male,Non-Hispanic
P0201,8,0.5799999999999998,18,29,No Banner,Lost,0,NA,Chose Non-Hot,54,86,NA,1,"Fun game, but I couldn't figure out a pattern",56,About once a month,NA,White,Male,Non-Hispanic
P0201,9,0.5699999999999998,14,16,No Banner,Lost,0,NA,Chose Non-Hot,54,91,NA,1,"Fun game, but I couldn't figure out a pattern",56,About once a month,NA,White,Male,Non-Hispanic
P0201,10,0.5599999999999998,12,17,Banner,Lost,8,nonhot_win_number,Chose Hot,55,93,0,1,"Fun game, but I couldn't figure out a pattern",56,About once a month,NA,White,Male,Non-Hispanic
P0201,11,0.9099999999999998,17,17,No Banner,Won,0,NA,Chose Non-Hot,0,NA,NA,1,"Fun game, but I couldn't figure out a pattern",56,About once a month,NA,White,Male,Non-Hispanic
P0201,12,0.8999999999999998,33,25,Banner,Lost,3,hot_win_number,Chose Hot,52,93,0,1,"Fun game, but I couldn't figure out a pattern",56,About once a month,NA,White,Male,Non-Hispanic
P0201,13,0.8899999999999998,6,1,Banner,Lost,2,hot_win_number,Chose Hot,56,96,NA,1,"Fun game, but I couldn't figure out a pattern",56,About once a month,NA,White,Male,Non-Hispanic
P0201,14,0.8799999999999998,23,22,Banner,Lost,1,nonhot_win_number,Chose Hot,57,96,NA,1,"Fun game, but I couldn't figure out a pattern",56,About once a month,NA,White,Male,Non-Hispanic
P0201,15,0.8699999999999998,27,16,No Banner,Lost,0,NA,Chose Non-Hot,59,94,NA,1,"Fun game, but I couldn't figure out a pattern",56,About once a month,NA,White,Male,Non-Hispanic
P0201,16,0.8599999999999998,14,10,No Banner,Lost,0,NA,Chose Non-Hot,59,90,NA,1,"Fun game, but I couldn't figure out a pattern",56,About once a month,NA,White,Male,Non-Hispanic
P0201,17,1.2099999999999995,17,17,No Banner,Won,0,NA,Chose Non-Hot,0,NA,NA,1,"Fun game, but I couldn't figure out a pattern",56,About once a month,NA,White,Male,Non-Hispanic
P0201,18,1.1999999999999995,19,13,Banner,Lost,3,nonhot_win_number,Chose Hot,57,92,0,1,"Fun game, but I couldn't figure out a pattern",56,About once a month,NA,White,Male,Non-Hispanic
P0201,19,1.1899999999999995,22,31,Banner,Lost,16,nonhot_win_number,Chose Hot,54,95,0,1,"Fun game, but I couldn't figure out a pattern",56,About once a month,NA,White,Male,Non-Hispanic
P0201,20,1.1799999999999995,21,23,No Banner,Lost,0,NA,Chose Non-Hot,54,96,NA,1,"Fun game, but I couldn't figure out a pattern",56,About once a month,NA,White,Male,Non-Hispanic
P0201,21,1.1699999999999997,16,11,Banner,Lost,16,hot_win_number,Chose Non-Hot,56,96,0,1,"Fun game, but I couldn't figure out a pattern",56,About once a month,NA,White,Male,Non-Hispanic
P0201,22,1.1599999999999997,4,31,Banner,Lost,1,nonhot_win_number,Chose Hot,66,94,NA,1,"Fun game, but I couldn't figure out a pattern",56,About once a month,NA,White,Male,Non-Hispanic
P0201,23,1.1499999999999997,17,10,Banner,Lost,8,hot_win_number,Chose Non-Hot,52,98,0,1,"Fun game, but I couldn't figure out a pattern",56,About once a month,NA,White,Male,Non-Hispanic
P0201,24,1.4999999999999996,21,21,No Banner,Won,0,NA,Chose Non-Hot,0,NA,NA,1,"Fun game, but I couldn't figure out a pattern",56,About once a month,NA,White,Male,Non-Hispanic
P0204,1,0.29,7,12,No Banner,Lost,0,NA,Chose Non-Hot,3,2,NA,1,,31,About once a week,NA,White,Male,Non-Hispanic
P0204,2,0.27999999999999997,13,11,No Banner,Lost,0,NA,Chose Non-Hot,5,8,NA,1,,31,About once a week,NA,White,Male,Non-Hispanic
P0204,3,0.26999999999999996,28,9,No Banner,Lost,0,NA,Chose Non-Hot,4,2,NA,1,,31,About once a week,NA,White,Male,Non-Hispanic
P0204,4,0.25999999999999995,16,13,No Banner,Lost,0,NA,Chose Non-Hot,4,3,NA,1,,31,About once a week,NA,White,Male,Non-Hispanic
P0204,5,0.6099999999999999,16,16,No Banner,Won,0,NA,Chose Non-Hot,2,NA,NA,1,,31,About once a week,NA,White,Male,Non-Hispanic
P0204,6,0.5999999999999999,16,32,No Banner,Lost,0,NA,Chose Non-Hot,6,8,NA,1,,31,About once a week,NA,White,Male,Non-Hispanic
P0204,7,0.5899999999999999,32,22,No Banner,Lost,0,NA,Chose Non-Hot,6,4,NA,1,,31,About once a week,NA,White,Male,Non-Hispanic
P0204,8,0.5799999999999998,12,3,No Banner,Lost,0,NA,Chose Non-Hot,4,6,NA,1,,31,About once a week,NA,White,Male,Non-Hispanic
P0204,9,0.5699999999999998,19,3,Banner,Lost,1,nonhot_win_number,Chose Non-Hot,3,3,5,1,,31,About once a week,NA,White,Male,Non-Hispanic
P0204,10,0.9199999999999998,17,17,No Banner,Won,0,NA,Chose Non-Hot,4,NA,NA,1,,31,About once a week,NA,White,Male,Non-Hispanic
P0204,11,0.9099999999999998,10,31,Banner,Lost,1,nonhot_win_number,Chose Hot,5,6,NA,1,,31,About once a week,NA,White,Male,Non-Hispanic
P0204,12,0.8999999999999998,25,22,Banner,Lost,3,nonhot_win_number,Chose Non-Hot,4,3,9,1,,31,About once a week,NA,White,Male,Non-Hispanic
P0204,13,0.8899999999999998,35,15,Banner,Lost,16,nonhot_win_number,Chose Non-Hot,1,4,6,1,,31,About once a week,NA,White,Male,Non-Hispanic
P0204,14,0.8799999999999998,13,35,Banner,Lost,8,nonhot_win_number,Chose Non-Hot,3,4,7,1,,31,About once a week,NA,White,Male,Non-Hispanic
P0204,15,0.8699999999999998,12,11,Banner,Lost,16,hot_win_number,Chose Non-Hot,6,3,9,1,,31,About once a week,NA,White,Male,Non-Hispanic
P0204,16,1.2199999999999998,35,35,No Banner,Won,0,NA,Chose Non-Hot,5,NA,NA,1,,31,About once a week,NA,White,Male,Non-Hispanic
P0204,17,1.2099999999999995,27,21,Banner,Lost,2,nonhot_win_number,Chose Non-Hot,3,4,5,1,,31,About once a week,NA,White,Male,Non-Hispanic
P0204,18,1.1999999999999995,31,36,No Banner,Lost,0,NA,Chose Non-Hot,5,9,NA,1,,31,About once a week,NA,White,Male,Non-Hispanic
P0204,19,1.1899999999999995,11,20,Banner,Lost,2,hot_win_number,Chose Non-Hot,4,6,6,1,,31,About once a week,NA,White,Male,Non-Hispanic
P0204,20,1.1799999999999995,25,28,No Banner,Lost,0,NA,Chose Non-Hot,6,5,NA,1,,31,About once a week,NA,White,Male,Non-Hispanic
P0204,21,1.5299999999999998,24,24,No Banner,Won,0,NA,Chose Non-Hot,7,NA,NA,1,,31,About once a week,NA,White,Male,Non-Hispanic
P0204,22,1.5199999999999998,15,4,Banner,Lost,3,hot_win_number,Chose Non-Hot,5,5,9,1,,31,About once a week,NA,White,Male,Non-Hispanic
P0204,23,1.5099999999999998,21,24,Banner,Lost,8,hot_win_number,Chose Hot,2,2,8,1,,31,About once a week,NA,White,Male,Non-Hispanic
P0204,24,1.4999999999999998,17,34,No Banner,Lost,0,NA,Chose Non-Hot,5,6,NA,1,,31,About once a week,NA,White,Male,Non-Hispanic
P0205,1,0.29,3,6,Banner,Lost,1,nonhot_win_number,Chose Hot,0,21,NA,2,,30,Never,NA,White,Female,Non-Hispanic
P0205,2,0.27999999999999997,3,29,No Banner,Lost,0,NA,Chose Non-Hot,5,9,NA,2,,30,Never,NA,White,Female,Non-Hispanic
P0205,3,0.26999999999999996,3,23,No Banner,Lost,0,NA,Chose Non-Hot,11,11,NA,2,,30,Never,NA,White,Female,Non-Hispanic
P0205,4,0.6199999999999999,3,3,No Banner,Won,0,NA,Chose Non-Hot,0,NA,NA,2,,30,Never,NA,White,Female,Non-Hispanic
P0205,5,0.6099999999999999,3,30,No Banner,Lost,0,NA,Chose Non-Hot,12,26,NA,2,,30,Never,NA,White,Female,Non-Hispanic
P0205,6,0.5999999999999999,3,20,Banner,Lost,8,hot_win_number,Chose Hot,0,8,0,2,,30,Never,NA,White,Female,Non-Hispanic
P0205,7,0.5899999999999999,28,16,Banner,Lost,8,nonhot_win_number,Chose Hot,0,4,0,2,,30,Never,NA,White,Female,Non-Hispanic
P0205,8,0.5799999999999998,28,7,No Banner,Lost,0,NA,Chose Non-Hot,2,7,NA,2,,30,Never,NA,White,Female,Non-Hispanic
P0205,9,0.5699999999999998,28,8,No Banner,Lost,0,NA,Chose Non-Hot,7,9,NA,2,,30,Never,NA,White,Female,Non-Hispanic
P0205,10,0.9199999999999998,28,28,No Banner,Won,0,NA,Chose Non-Hot,0,NA,NA,2,,30,Never,NA,White,Female,Non-Hispanic
P0205,11,0.9099999999999998,1,34,Banner,Lost,2,hot_win_number,Chose Hot,5,13,NA,2,,30,Never,NA,White,Female,Non-Hispanic
P0205,12,0.8999999999999998,11,16,Banner,Lost,3,nonhot_win_number,Chose Hot,4,0,0,2,,30,Never,NA,White,Female,Non-Hispanic
P0205,13,0.8899999999999998,14,35,No Banner,Lost,0,NA,Chose Non-Hot,0,3,NA,2,,30,Never,NA,White,Female,Non-Hispanic
P0205,14,0.8799999999999998,14,24,No Banner,Lost,0,NA,Chose Non-Hot,2,4,NA,2,,30,Never,NA,White,Female,Non-Hispanic
P0205,15,0.8699999999999998,17,4,Banner,Lost,2,nonhot_win_number,Chose Hot,16,12,7,2,,30,Never,NA,White,Female,Non-Hispanic
P0205,16,1.2199999999999998,14,14,No Banner,Won,0,NA,Chose Non-Hot,0,NA,NA,2,,30,Never,NA,White,Female,Non-Hispanic
P0205,17,1.2099999999999995,1,3,No Banner,Lost,0,NA,Chose Non-Hot,0,6,NA,2,,30,Never,NA,White,Female,Non-Hispanic
P0205,18,1.1999999999999995,1,31,No Banner,Lost,0,NA,Chose Non-Hot,4,6,NA,2,,30,Never,NA,White,Female,Non-Hispanic
P0205,19,1.1899999999999995,1,23,No Banner,Lost,0,NA,Chose Non-Hot,5,6,NA,2,,30,Never,NA,White,Female,Non-Hispanic
P0205,20,1.1799999999999995,1,3,Banner,Lost,16,hot_win_number,Chose Non-Hot,11,28,0,2,,30,Never,NA,White,Female,Non-Hispanic
P0205,21,1.5299999999999998,1,1,No Banner,Won,0,NA,Chose Non-Hot,0,NA,NA,2,,30,Never,NA,White,Female,Non-Hispanic
P0205,22,1.5199999999999998,29,31,Banner,Lost,1,nonhot_win_number,Chose Hot,23,8,NA,2,,30,Never,NA,White,Female,Non-Hispanic
P0205,23,1.5099999999999998,5,10,Banner,Lost,16,nonhot_win_number,Chose Hot,9,10,0,2,,30,Never,NA,White,Female,Non-Hispanic
P0205,24,1.4999999999999998,6,25,Banner,Lost,3,hot_win_number,Chose Hot,15,33,0,2,,30,Never,NA,White,Female,Non-Hispanic
P0207,1,0.29,23,32,Banner,Lost,8,hot_win_number,Chose Hot,54,58,51,1,mostly luck here,60,About once a week,NA,White,Non-binary,Hispanic
P0207,2,0.27999999999999997,17,21,No Banner,Lost,0,NA,Chose Non-Hot,45,49,NA,1,mostly luck here,60,About once a week,NA,White,Non-binary,Hispanic
P0207,3,0.26999999999999996,19,1,Banner,Lost,3,hot_win_number,Chose Non-Hot,43,38,38,1,mostly luck here,60,About once a week,NA,White,Non-binary,Hispanic
P0207,4,0.6199999999999999,17,17,No Banner,Won,0,NA,Chose Non-Hot,0,NA,NA,1,mostly luck here,60,About once a week,NA,White,Non-binary,Hispanic
P0207,5,0.6099999999999999,26,31,Banner,Lost,1,nonhot_win_number,Chose Non-Hot,52,51,47,1,mostly luck here,60,About once a week,NA,White,Non-binary,Hispanic
P0207,6,0.5999999999999999,12,36,Banner,Lost,8,nonhot_win_number,Chose Non-Hot,37,41,27,1,mostly luck here,60,About once a week,NA,White,Non-binary,Hispanic
P0207,7,0.5899999999999999,26,23,No Banner,Lost,0,NA,Chose Non-Hot,38,38,NA,1,mostly luck here,60,About once a week,NA,White,Non-binary,Hispanic
P0207,8,0.5799999999999998,13,29,No Banner,Lost,0,NA,Chose Non-Hot,48,39,NA,1,mostly luck here,60,About once a week,NA,White,Non-binary,Hispanic
P0207,9,0.5699999999999998,13,4,Banner,Lost,1,nonhot_win_number,Chose Hot,34,37,NA,1,mostly luck here,60,About once a week,NA,White,Non-binary,Hispanic
P0207,10,0.5599999999999998,28,22,No Banner,Lost,0,NA,Chose Non-Hot,43,42,NA,1,mostly luck here,60,About once a week,NA,White,Non-binary,Hispanic
P0207,11,0.9099999999999998,26,26,No Banner,Won,0,NA,Chose Non-Hot,0,NA,NA,1,mostly luck here,60,About once a week,NA,White,Non-binary,Hispanic
P0207,12,0.8999999999999998,18,13,Banner,Lost,16,hot_win_number,Chose Non-Hot,43,40,45,1,mostly luck here,60,About once a week,NA,White,Non-binary,Hispanic
P0207,13,0.8899999999999998,26,5,No Banner,Lost,0,NA,Chose Non-Hot,41,50,NA,1,mostly luck here,60,About once a week,NA,White,Non-binary,Hispanic
P0207,14,0.8799999999999998,28,14,Banner,Lost,16,nonhot_win_number,Chose Hot,38,49,54,1,mostly luck here,60,About once a week,NA,White,Non-binary,Hispanic
P0207,15,0.8699999999999998,7,23,No Banner,Lost,0,NA,Chose Non-Hot,41,49,NA,1,mostly luck here,60,About once a week,NA,White,Non-binary,Hispanic
P0207,16,0.8599999999999998,29,34,No Banner,Lost,0,NA,Chose Non-Hot,57,59,NA,1,mostly luck here,60,About once a week,NA,White,Non-binary,Hispanic
P0207,17,1.2099999999999995,33,33,No Banner,Won,0,NA,Chose Non-Hot,0,NA,NA,1,mostly luck here,60,About once a week,NA,White,Non-binary,Hispanic
P0207,18,1.1999999999999995,26,15,No Banner,Lost,0,NA,Chose Non-Hot,50,48,NA,1,mostly luck here,60,About once a week,NA,White,Non-binary,Hispanic
P0207,19,1.1899999999999995,5,34,Banner,Lost,3,nonhot_win_number,Chose Non-Hot,42,60,51,1,mostly luck here,60,About once a week,NA,White,Non-binary,Hispanic
P0207,20,1.1799999999999995,13,14,No Banner,Lost,0,NA,Chose Non-Hot,42,42,NA,1,mostly luck here,60,About once a week,NA,White,Non-binary,Hispanic
P0207,21,1.5299999999999998,35,35,No Banner,Won,0,NA,Chose Non-Hot,0,NA,NA,1,mostly luck here,60,About once a week,NA,White,Non-binary,Hispanic
P0207,22,1.5199999999999998,5,33,Banner,Lost,2,nonhot_win_number,Chose Non-Hot,32,38,48,1,mostly luck here,60,About once a week,NA,White,Non-binary,Hispanic
P0207,23,1.5099999999999998,35,1,Banner,Lost,2,hot_win_number,Chose Non-Hot,39,43,46,1,mostly luck here,60,About once a week,NA,White,Non-binary,Hispanic
P0207,24,1.4999999999999998,25,34,No Banner,Lost,0,NA,Chose Non-Hot,49,50,NA,1,mostly luck here,60,About once a week,NA,White,Non-binary,Hispanic
P0208,1,-0.01,36,3,No Banner,Lost,0,NA,Chose Non-Hot,4,5,NA,1,"It only seemed to make me regret ful if there was only 2 or 3 choices, When there were too many to have much chance it didn't matter to me.",67,Never,NA,White,Female,Non-Hispanic
P0208,2,-0.02,30,32,No Banner,Lost,0,NA,Chose Non-Hot,8,8,NA,1,"It only seemed to make me regret ful if there was only 2 or 3 choices, When there were too many to have much chance it didn't matter to me.",67,Never,NA,White,Female,Non-Hispanic
P0208,3,-0.03,31,7,Banner,Lost,1,nonhot_win_number,Chose Hot,29,5,NA,1,"It only seemed to make me regret ful if there was only 2 or 3 choices, When there were too many to have much chance it didn't matter to me.",67,Never,NA,White,Female,Non-Hispanic
P0208,4,-0.04,35,33,Banner,Lost,2,nonhot_win_number,Chose Hot,24,3,NA,1,"It only seemed to make me regret ful if there was only 2 or 3 choices, When there were too many to have much chance it didn't matter to me.",67,Never,NA,White,Female,Non-Hispanic
P0208,5,0.31,7,7,No Banner,Won,0,NA,Chose Non-Hot,0,NA,NA,1,"It only seemed to make me regret ful if there was only 2 or 3 choices, When there were too many to have much chance it didn't matter to me.",67,Never,NA,White,Female,Non-Hispanic
P0208,6,0.3,5,16,Banner,Lost,3,hot_win_number,Chose Hot,45,72,NA,1,"It only seemed to make me regret ful if there was only 2 or 3 choices, When there were too many to have much chance it didn't matter to me.",67,Never,NA,White,Female,Non-Hispanic
P0208,7,0.29,20,7,Banner,Lost,16,hot_win_number,Chose Hot,11,13,NA,1,"It only seemed to make me regret ful if there was only 2 or 3 choices, When there were too many to have much chance it didn't matter to me.",67,Never,NA,White,Female,Non-Hispanic
P0208,8,0.27999999999999997,20,10,No Banner,Lost,0,NA,Chose Non-Hot,9,12,NA,1,"It only seemed to make me regret ful if there was only 2 or 3 choices, When there were too many to have much chance it didn't matter to me.",67,Never,NA,White,Female,Non-Hispanic
P0208,9,0.26999999999999996,28,17,Banner,Lost,3,nonhot_win_number,Chose Hot,7,8,NA,1,"It only seemed to make me regret ful if there was only 2 or 3 choices, When there were too many to have much chance it didn't matter to me.",67,Never,NA,White,Female,Non-Hispanic
P0208,10,0.25999999999999995,5,16,Banner,Lost,16,nonhot_win_number,Chose Hot,7,7,NA,1,"It only seemed to make me regret ful if there was only 2 or 3 choices, When there were too many to have much chance it didn't matter to me.",67,Never,NA,White,Female,Non-Hispanic
P0208,11,0.24999999999999992,4,13,No Banner,Lost,0,NA,Chose Non-Hot,7,7,NA,1,"It only seemed to make me regret ful if there was only 2 or 3 choices, When there were too many to have much chance it didn't matter to me.",67,Never,NA,White,Female,Non-Hispanic
P0208,12,0.5999999999999999,32,32,No Banner,Won,0,NA,Chose Non-Hot,0,NA,NA,1,"It only seemed to make me regret ful if there was only 2 or 3 choices, When there were too many to have much chance it didn't matter to me.",67,Never,NA,White,Female,Non-Hispanic
P0208,13,0.5899999999999999,30,33,Banner,Lost,8,hot_win_number,Chose Hot,5,5,NA,1,"It only seemed to make me regret ful if there was only 2 or 3 choices, When there were too many to have much chance it didn't matter to me.",67,Never,NA,White,Female,Non-Hispanic
P0208,14,0.5799999999999998,23,16,Banner,Lost,2,hot_win_number,Chose Hot,60,60,NA,1,"It only seemed to make me regret ful if there was only 2 or 3 choices, When there were too many to have much chance it didn't matter to me.",67,Never,NA,White,Female,Non-Hispanic
P0208,15,0.5699999999999998,32,11,No Banner,Lost,0,NA,Chose Non-Hot,5,6,NA,1,"It only seemed to make me regret ful if there was only 2 or 3 choices, When there were too many to have much chance it didn't matter to me.",67,Never,NA,White,Female,Non-Hispanic
P0208,16,0.9199999999999998,33,33,No Banner,Won,0,NA,Chose Non-Hot,0,NA,NA,1,"It only seemed to make me regret ful if there was only 2 or 3 choices, When there were too many to have much chance it didn't matter to me.",67,Never,NA,White,Female,Non-Hispanic
P0208,17,0.9099999999999998,15,16,No Banner,Lost,0,NA,Chose Non-Hot,26,54,NA,1,"It only seemed to make me regret ful if there was only 2 or 3 choices, When there were too many to have much chance it didn't matter to me.",67,Never,NA,White,Female,Non-Hispanic
P0208,18,0.8999999999999998,28,22,No Banner,Lost,0,NA,Chose Non-Hot,7,9,NA,1,"It only seemed to make me regret ful if there was only 2 or 3 choices, When there were too many to have much chance it didn't matter to me.",67,Never,NA,White,Female,Non-Hispanic
P0208,19,0.8899999999999998,16,9,No Banner,Lost,0,NA,Chose Non-Hot,40,6,NA,1,"It only seemed to make me regret ful if there was only 2 or 3 choices, When there were too many to have much chance it didn't matter to me.",67,Never,NA,White,Female,Non-Hispanic
P0208,20,0.8799999999999998,16,13,No Banner,Lost,0,NA,Chose Non-Hot,5,7,NA,1,"It only seemed to make me regret ful if there was only 2 or 3 choices, When there were too many to have much chance it didn't matter to me.",67,Never,NA,White,Female,Non-Hispanic
P0208,21,0.8699999999999998,16,19,No Banner,Lost,0,NA,Chose Non-Hot,5,6,NA,1,"It only seemed to make me regret ful if there was only 2 or 3 choices, When there were too many to have much chance it didn't matter to me.",67,Never,NA,White,Female,Non-Hispanic
P0208,22,0.8599999999999998,16,6,Banner,Lost,1,nonhot_win_number,Chose Non-Hot,8,11,NA,1,"It only seemed to make me regret ful if there was only 2 or 3 choices, When there were too many to have much chance it didn't matter to me.",67,Never,NA,White,Female,Non-Hispanic
P0208,23,0.8499999999999998,15,11,Banner,Lost,8,nonhot_win_number,Chose Hot,5,7,NA,1,"It only seemed to make me regret ful if there was only 2 or 3 choices, When there were too many to have much chance it didn't matter to me.",67,Never,NA,White,Female,Non-Hispanic
P0208,24,1.1999999999999995,16,16,No Banner,Won,0,NA,Chose Non-Hot,0,NA,NA,1,"It only seemed to make me regret ful if there was only 2 or 3 choices, When there were too many to have much chance it didn't matter to me.",67,Never,NA,White,Female,Non-Hispanic
P0209,1,0.29,15,30,Banner,Lost,2,hot_win_number,Chose Hot,100,100,NA,3,Fun,63,A few times,NA,White,Female,Non-Hispanic
P0209,2,0.27999999999999997,24,31,Banner,Lost,2,nonhot_win_number,Chose Non-Hot,100,100,100,3,Fun,63,A few times,NA,White,Female,Non-Hispanic
P0209,3,0.6299999999999999,20,20,No Banner,Won,0,NA,Chose Non-Hot,0,NA,NA,3,Fun,63,A few times,NA,White,Female,Non-Hispanic
P0209,4,0.6199999999999999,6,23,No Banner,Lost,0,NA,Chose Non-Hot,100,100,NA,3,Fun,63,A few times,NA,White,Female,Non-Hispanic
P0209,5,0.6099999999999999,13,23,Banner,Lost,8,hot_win_number,Chose Hot,100,100,100,3,Fun,63,A few times,NA,White,Female,Non-Hispanic
P0209,6,0.5999999999999999,9,35,No Banner,Lost,0,NA,Chose Non-Hot,100,100,NA,3,Fun,63,A few times,NA,White,Female,Non-Hispanic
P0209,7,0.5899999999999999,36,24,Banner,Lost,1,nonhot_win_number,Chose Non-Hot,100,100,100,3,Fun,63,A few times,NA,White,Female,Non-Hispanic
P0209,8,0.5799999999999998,10,7,Banner,Lost,3,nonhot_win_number,Chose Hot,100,99,0,3,Fun,63,A few times,NA,White,Female,Non-Hispanic
P0209,9,0.9299999999999998,23,23,No Banner,Won,0,NA,Chose Non-Hot,0,NA,NA,3,Fun,63,A few times,NA,White,Female,Non-Hispanic
P0209,10,0.9199999999999998,16,21,No Banner,Lost,0,NA,Chose Non-Hot,100,100,NA,3,Fun,63,A few times,NA,White,Female,Non-Hispanic
P0209,11,0.9099999999999998,26,5,No Banner,Lost,0,NA,Chose Non-Hot,100,100,NA,3,Fun,63,A few times,NA,White,Female,Non-Hispanic
P0209,12,0.8999999999999998,21,12,Banner,Lost,3,hot_win_number,Chose Hot,100,100,100,3,Fun,63,A few times,NA,White,Female,Non-Hispanic
P0209,13,0.8899999999999998,8,28,No Banner,Lost,0,NA,Chose Non-Hot,100,100,NA,3,Fun,63,A few times,NA,White,Female,Non-Hispanic
P0209,14,0.8799999999999998,8,6,No Banner,Lost,0,NA,Chose Non-Hot,100,100,NA,3,Fun,63,A few times,NA,White,Female,Non-Hispanic
P0209,15,0.8699999999999998,21,6,No Banner,Lost,0,NA,Chose Non-Hot,100,100,NA,3,Fun,63,A few times,NA,White,Female,Non-Hispanic
P0209,16,1.2199999999999998,6,6,No Banner,Won,0,NA,Chose Non-Hot,100,NA,NA,3,Fun,63,A few times,NA,White,Female,Non-Hispanic
P0209,17,1.2099999999999995,26,35,Banner,Lost,16,hot_win_number,Chose Hot,100,100,0,3,Fun,63,A few times,NA,White,Female,Non-Hispanic
P0209,18,1.1999999999999995,32,23,No Banner,Lost,0,NA,Chose Non-Hot,100,100,NA,3,Fun,63,A few times,NA,White,Female,Non-Hispanic
P0209,19,1.1899999999999995,1,15,Banner,Lost,1,nonhot_win_number,Chose Hot,100,100,NA,3,Fun,63,A few times,NA,White,Female,Non-Hispanic
P0209,20,1.1799999999999995,20,21,Banner,Lost,8,nonhot_win_number,Chose Hot,100,100,2,3,Fun,63,A few times,NA,White,Female,Non-Hispanic
P0209,21,1.5299999999999998,1,1,No Banner,Won,0,NA,Chose Non-Hot,100,NA,NA,3,Fun,63,A few times,NA,White,Female,Non-Hispanic
P0209,22,1.5199999999999998,14,31,No Banner,Lost,0,NA,Chose Non-Hot,100,100,NA,3,Fun,63,A few times,NA,White,Female,Non-Hispanic
P0209,23,1.5099999999999998,29,9,No Banner,Lost,0,NA,Chose Non-Hot,100,100,NA,3,Fun,63,A few times,NA,White,Female,Non-Hispanic
P0209,24,1.4999999999999998,4,2,Banner,Lost,16,nonhot_win_number,Chose Hot,100,100,0,3,Fun,63,A few times,NA,White,Female,Non-Hispanic
P0211,1,-0.01,29,10,Banner,Lost,2,hot_win_number,Chose Hot,35,81,NA,2,That was a very fun and interesting survey. It was fun to game-ify the context of the survey.,27,A few times,NA,White,Female,Non-Hispanic
P0211,2,-0.02,35,20,Banner,Lost,1,nonhot_win_number,Chose Hot,30,17,NA,2,That was a very fun and interesting survey. It was fun to game-ify the context of the survey.,27,A few times,NA,White,Female,Non-Hispanic
P0211,3,-0.03,27,33,No Banner,Lost,0,NA,Chose Non-Hot,43,18,NA,2,That was a very fun and interesting survey. It was fun to game-ify the context of the survey.,27,A few times,NA,White,Female,Non-Hispanic
P0211,4,0.31999999999999995,17,17,No Banner,Won,0,NA,Chose Non-Hot,0,NA,NA,2,That was a very fun and interesting survey. It was fun to game-ify the context of the survey.,27,A few times,NA,White,Female,Non-Hispanic
P0211,5,0.30999999999999994,11,12,Banner,Lost,8,nonhot_win_number,Chose Hot,67,37,NA,2,That was a very fun and interesting survey. It was fun to game-ify the context of the survey.,27,A few times,NA,White,Female,Non-Hispanic
P0211,6,0.29999999999999993,30,6,Banner,Lost,8,hot_win_number,Chose Hot,43,33,NA,2,That was a very fun and interesting survey. It was fun to game-ify the context of the survey.,27,A few times,NA,White,Female,Non-Hispanic
P0211,7,0.2899999999999999,21,15,No Banner,Lost,0,NA,Chose Non-Hot,19,4,NA,2,That was a very fun and interesting survey. It was fun to game-ify the context of the survey.,27,A few times,NA,White,Female,Non-Hispanic
P0211,8,0.2799999999999999,14,1,No Banner,Lost,0,NA,Chose Non-Hot,29,14,NA,2,That was a very fun and interesting survey. It was fun to game-ify the context of the survey.,27,A few times,NA,White,Female,Non-Hispanic
P0211,9,0.6299999999999999,25,25,No Banner,Won,0,NA,Chose Non-Hot,0,NA,NA,2,That was a very fun and interesting survey. It was fun to game-ify the context of the survey.,27,A few times,NA,White,Female,Non-Hispanic
P0211,10,0.6199999999999999,11,36,No Banner,Lost,0,NA,Chose Non-Hot,19,16,NA,2,That was a very fun and interesting survey. It was fun to game-ify the context of the survey.,27,A few times,NA,White,Female,Non-Hispanic
P0211,11,0.6099999999999999,8,10,No Banner,Lost,0,NA,Chose Non-Hot,39,22,NA,2,That was a very fun and interesting survey. It was fun to game-ify the context of the survey.,27,A few times,NA,White,Female,Non-Hispanic
P0211,12,0.5999999999999999,21,27,Banner,Lost,16,hot_win_number,Chose Hot,41,45,NA,2,That was a very fun and interesting survey. It was fun to game-ify the context of the survey.,27,A few times,NA,White,Female,Non-Hispanic
P0211,13,0.5899999999999999,24,23,Banner,Lost,2,nonhot_win_number,Chose Hot,45,39,NA,2,That was a very fun and interesting survey. It was fun to game-ify the context of the survey.,27,A few times,NA,White,Female,Non-Hispanic
P0211,14,0.5799999999999998,33,1,No Banner,Lost,0,NA,Chose Non-Hot,37,21,NA,2,That was a very fun and interesting survey. It was fun to game-ify the context of the survey.,27,A few times,NA,White,Female,Non-Hispanic
P0211,15,0.5699999999999998,15,18,Banner,Lost,3,hot_win_number,Chose Non-Hot,89,77,NA,2,That was a very fun and interesting survey. It was fun to game-ify the context of the survey.,27,A few times,NA,White,Female,Non-Hispanic
P0211,16,0.5599999999999998,9,2,Banner,Lost,1,nonhot_win_number,Chose Hot,28,15,NA,2,That was a very fun and interesting survey. It was fun to game-ify the context of the survey.,27,A few times,NA,White,Female,Non-Hispanic
P0211,17,0.9099999999999998,26,26,No Banner,Won,0,NA,Chose Non-Hot,0,NA,NA,2,That was a very fun and interesting survey. It was fun to game-ify the context of the survey.,27,A few times,NA,White,Female,Non-Hispanic
P0211,18,0.8999999999999998,14,20,No Banner,Lost,0,NA,Chose Non-Hot,24,17,NA,2,That was a very fun and interesting survey. It was fun to game-ify the context of the survey.,27,A few times,NA,White,Female,Non-Hispanic
P0211,19,0.8899999999999998,35,18,No Banner,Lost,0,NA,Chose Non-Hot,16,12,NA,2,That was a very fun and interesting survey. It was fun to game-ify the context of the survey.,27,A few times,NA,White,Female,Non-Hispanic
P0211,20,0.8799999999999998,14,2,No Banner,Lost,0,NA,Chose Non-Hot,18,17,NA,2,That was a very fun and interesting survey. It was fun to game-ify the context of the survey.,27,A few times,NA,White,Female,Non-Hispanic
P0211,21,0.8699999999999998,36,3,Banner,Lost,3,nonhot_win_number,Chose Hot,17,29,NA,2,That was a very fun and interesting survey. It was fun to game-ify the context of the survey.,27,A few times,NA,White,Female,Non-Hispanic
P0211,22,1.2199999999999998,27,27,No Banner,Won,0,NA,Chose Non-Hot,0,NA,NA,2,That was a very fun and interesting survey. It was fun to game-ify the context of the survey.,27,A few times,NA,White,Female,Non-Hispanic
P0211,23,1.2099999999999995,7,6,No Banner,Lost,0,NA,Chose Non-Hot,77,82,NA,2,That was a very fun and interesting survey. It was fun to game-ify the context of the survey.,27,A few times,NA,White,Female,Non-Hispanic
P0211,24,1.1999999999999995,19,20,Banner,Lost,16,nonhot_win_number,Chose Hot,55,50,NA,2,That was a very fun and interesting survey. It was fun to game-ify the context of the survey.,27,A few times,NA,White,Female,Non-Hispanic
P0212,1,0.29,2,23,No Banner,Lost,0,NA,Chose Non-Hot,2,2,NA,1,interesting,34,Never,NA,Black/African American,Female,Non-Hispanic
P0212,2,0.27999999999999997,4,29,Banner,Lost,2,nonhot_win_number,Chose Hot,13,65,3,1,interesting,34,Never,NA,Black/African American,Female,Non-Hispanic
P0212,3,0.26999999999999996,21,20,Banner,Lost,3,hot_win_number,Chose Hot,27,49,10,1,interesting,34,Never,NA,Black/African American,Female,Non-Hispanic
P0212,4,0.6199999999999999,18,18,No Banner,Won,0,NA,Chose Non-Hot,0,NA,NA,1,interesting,34,Never,NA,Black/African American,Female,Non-Hispanic
P0212,5,0.6099999999999999,5,36,Banner,Lost,16,hot_win_number,Chose Hot,66,90,3,1,interesting,34,Never,NA,Black/African American,Female,Non-Hispanic
P0212,6,0.5999999999999999,2,36,No Banner,Lost,0,NA,Chose Non-Hot,6,75,NA,1,interesting,34,Never,NA,Black/African American,Female,Non-Hispanic
P0212,7,0.5899999999999999,3,13,Banner,Lost,1,nonhot_win_number,Chose Hot,100,97,NA,1,interesting,34,Never,NA,Black/African American,Female,Non-Hispanic
P0212,8,0.5799999999999998,30,34,Banner,Lost,1,nonhot_win_number,Chose Hot,100,21,NA,1,interesting,34,Never,NA,Black/African American,Female,Non-Hispanic
P0212,9,0.5699999999999998,17,25,Banner,Lost,16,nonhot_win_number,Chose Hot,79,97,0,1,interesting,34,Never,NA,Black/African American,Female,Non-Hispanic
P0212,10,0.5599999999999998,3,24,Banner,Lost,8,hot_win_number,Chose Hot,91,100,9,1,interesting,34,Never,NA,Black/African American,Female,Non-Hispanic
P0212,11,0.9099999999999998,21,21,No Banner,Won,0,NA,Chose Non-Hot,0,NA,NA,1,interesting,34,Never,NA,Black/African American,Female,Non-Hispanic
P0212,12,0.8999999999999998,18,9,No Banner,Lost,0,NA,Chose Non-Hot,0,0,NA,1,interesting,34,Never,NA,Black/African American,Female,Non-Hispanic
P0212,13,0.8899999999999998,29,36,Banner,Lost,3,nonhot_win_number,Chose Hot,96,100,4,1,interesting,34,Never,NA,Black/African American,Female,Non-Hispanic
P0212,14,0.8799999999999998,10,5,No Banner,Lost,0,NA,Chose Non-Hot,7,53,NA,1,interesting,34,Never,NA,Black/African American,Female,Non-Hispanic
P0212,15,0.8699999999999998,2,10,No Banner,Lost,0,NA,Chose Non-Hot,0,0,NA,1,interesting,34,Never,NA,Black/African American,Female,Non-Hispanic
P0212,16,0.8599999999999998,23,20,No Banner,Lost,0,NA,Chose Non-Hot,66,55,NA,1,interesting,34,Never,NA,Black/African American,Female,Non-Hispanic
P0212,17,1.2099999999999995,8,8,No Banner,Won,0,NA,Chose Non-Hot,0,NA,NA,1,interesting,34,Never,NA,Black/African American,Female,Non-Hispanic
P0212,18,1.1999999999999995,20,1,Banner,Lost,2,hot_win_number,Chose Hot,100,100,NA,1,interesting,34,Never,NA,Black/African American,Female,Non-Hispanic
P0212,19,1.1899999999999995,18,2,No Banner,Lost,0,NA,Chose Non-Hot,0,0,NA,1,interesting,34,Never,NA,Black/African American,Female,Non-Hispanic
P0212,20,1.1799999999999995,2,20,Banner,Lost,8,nonhot_win_number,Chose Hot,0,65,0,1,interesting,34,Never,NA,Black/African American,Female,Non-Hispanic
P0212,21,1.1699999999999997,33,15,No Banner,Lost,0,NA,Chose Non-Hot,78,100,NA,1,interesting,34,Never,NA,Black/African American,Female,Non-Hispanic
P0212,22,1.5199999999999996,10,10,No Banner,Won,0,NA,Chose Non-Hot,0,NA,NA,1,interesting,34,Never,NA,Black/African American,Female,Non-Hispanic
P0212,23,1.5099999999999996,21,18,No Banner,Lost,0,NA,Chose Non-Hot,0,0,NA,1,interesting,34,Never,NA,Black/African American,Female,Non-Hispanic
P0212,24,1.4999999999999996,18,32,No Banner,Lost,0,NA,Chose Non-Hot,0,16,NA,1,interesting,34,Never,NA,Black/African American,Female,Non-Hispanic
P0215,1,0.29,25,24,Banner,Lost,16,nonhot_win_number,Chose Hot,10,49,6,1,Asking if I regret a choice I didn't choose that also wasn't the winning number was very confusing.,27,Never,NA,Black/African American,Female,Non-Hispanic
P0215,2,0.27999999999999997,25,17,No Banner,Lost,0,NA,Chose Non-Hot,13,28,NA,1,Asking if I regret a choice I didn't choose that also wasn't the winning number was very confusing.,27,Never,NA,Black/African American,Female,Non-Hispanic
P0215,3,0.26999999999999996,25,12,No Banner,Lost,0,NA,Chose Non-Hot,20,30,NA,1,Asking if I regret a choice I didn't choose that also wasn't the winning number was very confusing.,27,Never,NA,Black/African American,Female,Non-Hispanic
P0215,4,0.25999999999999995,25,12,No Banner,Lost,0,NA,Chose Non-Hot,18,50,NA,1,Asking if I regret a choice I didn't choose that also wasn't the winning number was very confusing.,27,Never,NA,Black/African American,Female,Non-Hispanic
P0215,5,0.24999999999999992,25,3,No Banner,Lost,0,NA,Chose Non-Hot,18,29,NA,1,Asking if I regret a choice I didn't choose that also wasn't the winning number was very confusing.,27,Never,NA,Black/African American,Female,Non-Hispanic
P0215,6,0.5999999999999999,25,25,No Banner,Won,0,NA,Chose Non-Hot,0,NA,NA,1,Asking if I regret a choice I didn't choose that also wasn't the winning number was very confusing.,27,Never,NA,Black/African American,Female,Non-Hispanic
P0215,7,0.5899999999999999,9,28,Banner,Lost,2,nonhot_win_number,Chose Hot,30,10,0,1,Asking if I regret a choice I didn't choose that also wasn't the winning number was very confusing.,27,Never,NA,Black/African American,Female,Non-Hispanic
P0215,8,0.5799999999999998,36,28,No Banner,Lost,0,NA,Chose Non-Hot,12,51,NA,1,Asking if I regret a choice I didn't choose that also wasn't the winning number was very confusing.,27,Never,NA,Black/African American,Female,Non-Hispanic
P0215,9,0.5699999999999998,9,34,Banner,Lost,16,hot_win_number,Chose Hot,8,17,0,1,Asking if I regret a choice I didn't choose that also wasn't the winning number was very confusing.,27,Never,NA,Black/African American,Female,Non-Hispanic
P0215,10,0.5599999999999998,9,17,Banner,Lost,1,nonhot_win_number,Chose Non-Hot,10,17,0,1,Asking if I regret a choice I didn't choose that also wasn't the winning number was very confusing.,27,Never,NA,Black/African American,Female,Non-Hispanic
P0215,11,0.9099999999999998,9,9,No Banner,Won,0,NA,Chose Non-Hot,0,NA,NA,1,Asking if I regret a choice I didn't choose that also wasn't the winning number was very confusing.,27,Never,NA,Black/African American,Female,Non-Hispanic
P0215,12,0.8999999999999998,36,9,No Banner,Lost,0,NA,Chose Non-Hot,51,76,NA,1,Asking if I regret a choice I didn't choose that also wasn't the winning number was very confusing.,27,Never,NA,Black/African American,Female,Non-Hispanic
P0215,13,0.8899999999999998,25,22,No Banner,Lost,0,NA,Chose Non-Hot,12,20,NA,1,Asking if I regret a choice I didn't choose that also wasn't the winning number was very confusing.,27,Never,NA,Black/African American,Female,Non-Hispanic
P0215,14,0.8799999999999998,9,28,No Banner,Lost,0,NA,Chose Non-Hot,7,11,NA,1,Asking if I regret a choice I didn't choose that also wasn't the winning number was very confusing.,27,Never,NA,Black/African American,Female,Non-Hispanic
P0215,15,0.8699999999999998,36,11,Banner,Lost,3,hot_win_number,Chose Non-Hot,14,26,0,1,Asking if I regret a choice I didn't choose that also wasn't the winning number was very confusing.,27,Never,NA,Black/African American,Female,Non-Hispanic
P0215,16,0.8599999999999998,36,26,Banner,Lost,8,nonhot_win_number,Chose Hot,11,17,0,1,Asking if I regret a choice I didn't choose that also wasn't the winning number was very confusing.,27,Never,NA,Black/African American,Female,Non-Hispanic
P0215,17,1.2099999999999995,36,36,No Banner,Won,0,NA,Chose Non-Hot,0,NA,NA,1,Asking if I regret a choice I didn't choose that also wasn't the winning number was very confusing.,27,Never,NA,Black/African American,Female,Non-Hispanic
P0215,18,1.1999999999999995,36,25,No Banner,Lost,0,NA,Chose Non-Hot,38,100,NA,1,Asking if I regret a choice I didn't choose that also wasn't the winning number was very confusing.,27,Never,NA,Black/African American,Female,Non-Hispanic
P0215,19,1.1899999999999995,36,3,Banner,Lost,3,nonhot_win_number,Chose Hot,16,20,0,1,Asking if I regret a choice I didn't choose that also wasn't the winning number was very confusing.,27,Never,NA,Black/African American,Female,Non-Hispanic
P0215,20,1.1799999999999995,36,25,Banner,Lost,8,hot_win_number,Chose Hot,51,100,0,1,Asking if I regret a choice I didn't choose that also wasn't the winning number was very confusing.,27,Never,NA,Black/African American,Female,Non-Hispanic
P0215,21,1.1699999999999997,36,3,Banner,Lost,2,hot_win_number,Chose Non-Hot,19,28,0,1,Asking if I regret a choice I didn't choose that also wasn't the winning number was very confusing.,27,Never,NA,Black/African American,Female,Non-Hispanic
P0215,22,1.1599999999999997,36,10,Banner,Lost,1,nonhot_win_number,Chose Non-Hot,17,27,0,1,Asking if I regret a choice I didn't choose that also wasn't the winning number was very confusing.,27,Never,NA,Black/African American,Female,Non-Hispanic
P0215,23,1.5099999999999998,36,36,No Banner,Won,0,NA,Chose Non-Hot,0,NA,NA,1,Asking if I regret a choice I didn't choose that also wasn't the winning number was very confusing.,27,Never,NA,Black/African American,Female,Non-Hispanic
P0215,24,1.4999999999999998,36,6,No Banner,Lost,0,NA,Chose Non-Hot,0,0,NA,1,Asking if I regret a choice I didn't choose that also wasn't the winning number was very confusing.,27,Never,NA,Black/African American,Female,Non-Hispanic
P0217,1,0.29,7,4,No Banner,Lost,0,NA,Chose Non-Hot,21,23,NA,3,,31,Never,NA,White,Female,Non-Hispanic
P0217,2,0.27999999999999997,21,22,No Banner,Lost,0,NA,Chose Non-Hot,26,29,NA,3,,31,Never,NA,White,Female,Non-Hispanic
P0217,3,0.26999999999999996,15,4,Banner,Lost,2,nonhot_win_number,Chose Hot,15,10,1,3,,31,Never,NA,White,Female,Non-Hispanic
P0217,4,0.25999999999999995,18,3,No Banner,Lost,0,NA,Chose Non-Hot,9,10,NA,3,,31,Never,NA,White,Female,Non-Hispanic
P0217,5,0.6099999999999999,33,33,No Banner,Won,0,NA,Chose Non-Hot,0,NA,NA,3,,31,Never,NA,White,Female,Non-Hispanic
P0217,6,0.5999999999999999,27,13,Banner,Lost,16,nonhot_win_number,Chose Hot,6,7,6,3,,31,Never,NA,White,Female,Non-Hispanic
P0217,7,0.5899999999999999,17,34,Banner,Lost,3,nonhot_win_number,Chose Hot,1,3,0,3,,31,Never,NA,White,Female,Non-Hispanic
P0217,8,0.5799999999999998,20,6,Banner,Lost,8,hot_win_number,Chose Non-Hot,3,5,0,3,,31,Never,NA,White,Female,Non-Hispanic
P0217,9,0.5699999999999998,36,5,No Banner,Lost,0,NA,Chose Non-Hot,3,3,NA,3,,31,Never,NA,White,Female,Non-Hispanic
P0217,10,0.5599999999999998,14,28,No Banner,Lost,0,NA,Chose Non-Hot,7,8,NA,3,,31,Never,NA,White,Female,Non-Hispanic
P0217,11,0.9099999999999998,25,25,No Banner,Won,0,NA,Chose Non-Hot,0,NA,NA,3,,31,Never,NA,White,Female,Non-Hispanic
P0217,12,0.8999999999999998,11,2,No Banner,Lost,0,NA,Chose Non-Hot,2,4,NA,3,,31,Never,NA,White,Female,Non-Hispanic
P0217,13,0.8899999999999998,24,29,No Banner,Lost,0,NA,Chose Non-Hot,3,6,NA,3,,31,Never,NA,White,Female,Non-Hispanic
P0217,14,0.8799999999999998,5,26,Banner,Lost,8,nonhot_win_number,Chose Non-Hot,5,3,0,3,,31,Never,NA,White,Female,Non-Hispanic
P0217,15,0.8699999999999998,19,5,Banner,Lost,3,hot_win_number,Chose Non-Hot,3,5,0,3,,31,Never,NA,White,Female,Non-Hispanic
P0217,16,1.2199999999999998,1,1,No Banner,Won,0,NA,Chose Non-Hot,0,NA,NA,3,,31,Never,NA,White,Female,Non-Hispanic
P0217,17,1.2099999999999995,36,12,No Banner,Lost,0,NA,Chose Non-Hot,9,0,NA,3,,31,Never,NA,White,Female,Non-Hispanic
P0217,18,1.1999999999999995,29,18,No Banner,Lost,0,NA,Chose Non-Hot,9,0,NA,3,,31,Never,NA,White,Female,Non-Hispanic
P0217,19,1.1899999999999995,30,33,Banner,Lost,1,nonhot_win_number,Chose Non-Hot,8,0,0,3,,31,Never,NA,White,Female,Non-Hispanic
P0217,20,1.1799999999999995,27,13,No Banner,Lost,0,NA,Chose Non-Hot,20,16,NA,3,,31,Never,NA,White,Female,Non-Hispanic
P0217,21,1.1699999999999997,22,17,Banner,Lost,1,nonhot_win_number,Chose Non-Hot,14,12,0,3,,31,Never,NA,White,Female,Non-Hispanic
P0217,22,1.5199999999999996,8,8,No Banner,Won,0,NA,Chose Non-Hot,0,NA,NA,3,,31,Never,NA,White,Female,Non-Hispanic
P0217,23,1.5099999999999996,17,23,Banner,Lost,2,hot_win_number,Chose Non-Hot,12,8,0,3,,31,Never,NA,White,Female,Non-Hispanic
P0217,24,1.4999999999999996,26,7,Banner,Lost,16,hot_win_number,Chose Non-Hot,13,17,0,3,,31,Never,NA,White,Female,Non-Hispanic
P0219,1,0.29,16,10,No Banner,Lost,0,NA,Chose Non-Hot,0,100,NA,1,"Well, i'll be honest that after a few rounds, i didn't feel any regret because i remembered this was a game, but also that i was gambling with the house' money, so to say.",43,A few times,NA,White,Male,Non-Hispanic
P0219,2,0.27999999999999997,16,27,No Banner,Lost,0,NA,Chose Non-Hot,0,100,NA,1,"Well, i'll be honest that after a few rounds, i didn't feel any regret because i remembered this was a game, but also that i was gambling with the house' money, so to say.",43,A few times,NA,White,Male,Non-Hispanic
P0219,3,0.6299999999999999,16,16,No Banner,Won,0,NA,Chose Non-Hot,0,NA,NA,1,"Well, i'll be honest that after a few rounds, i didn't feel any regret because i remembered this was a game, but also that i was gambling with the house' money, so to say.",43,A few times,NA,White,Male,Non-Hispanic
P0219,4,0.6199999999999999,14,25,Banner,Lost,8,nonhot_win_number,Chose Non-Hot,0,100,0,1,"Well, i'll be honest that after a few rounds, i didn't feel any regret because i remembered this was a game, but also that i was gambling with the house' money, so to say.",43,A few times,NA,White,Male,Non-Hispanic
P0219,5,0.6099999999999999,14,12,No Banner,Lost,0,NA,Chose Non-Hot,0,100,NA,1,"Well, i'll be honest that after a few rounds, i didn't feel any regret because i remembered this was a game, but also that i was gambling with the house' money, so to say.",43,A few times,NA,White,Male,Non-Hispanic
P0219,6,0.5999999999999999,13,16,Banner,Lost,1,nonhot_win_number,Chose Hot,0,100,NA,1,"Well, i'll be honest that after a few rounds, i didn't feel any regret because i remembered this was a game, but also that i was gambling with the house' money, so to say.",43,A few times,NA,White,Male,Non-Hispanic
P0219,7,0.5899999999999999,8,24,Banner,Lost,2,hot_win_number,Chose Hot,0,100,NA,1,"Well, i'll be honest that after a few rounds, i didn't feel any regret because i remembered this was a game, but also that i was gambling with the house' money, so to say.",43,A few times,NA,White,Male,Non-Hispanic
P0219,8,0.5799999999999998,16,9,Banner,Lost,8,hot_win_number,Chose Hot,0,0,100,1,"Well, i'll be honest that after a few rounds, i didn't feel any regret because i remembered this was a game, but also that i was gambling with the house' money, so to say.",43,A few times,NA,White,Male,Non-Hispanic
P0219,9,0.5699999999999998,16,13,No Banner,Lost,0,NA,Chose Non-Hot,0,100,NA,1,"Well, i'll be honest that after a few rounds, i didn't feel any regret because i remembered this was a game, but also that i was gambling with the house' money, so to say.",43,A few times,NA,White,Male,Non-Hispanic
P0219,10,0.5599999999999998,16,30,Banner,Lost,3,nonhot_win_number,Chose Non-Hot,0,0,0,1,"Well, i'll be honest that after a few rounds, i didn't feel any regret because i remembered this was a game, but also that i was gambling with the house' money, so to say.",43,A few times,NA,White,Male,Non-Hispanic
P0219,11,0.5499999999999998,9,23,Banner,Lost,1,nonhot_win_number,Chose Hot,0,0,NA,1,"Well, i'll be honest that after a few rounds, i didn't feel any regret because i remembered this was a game, but also that i was gambling with the house' money, so to say.",43,A few times,NA,White,Male,Non-Hispanic
P0219,12,0.8999999999999998,16,16,No Banner,Won,0,NA,Chose Non-Hot,0,NA,NA,1,"Well, i'll be honest that after a few rounds, i didn't feel any regret because i remembered this was a game, but also that i was gambling with the house' money, so to say.",43,A few times,NA,White,Male,Non-Hispanic
P0219,13,0.8899999999999998,14,25,Banner,Lost,3,hot_win_number,Chose Non-Hot,0,0,0,1,"Well, i'll be honest that after a few rounds, i didn't feel any regret because i remembered this was a game, but also that i was gambling with the house' money, so to say.",43,A few times,NA,White,Male,Non-Hispanic
P0219,14,0.8799999999999998,14,2,No Banner,Lost,0,NA,Chose Non-Hot,0,0,NA,1,"Well, i'll be honest that after a few rounds, i didn't feel any regret because i remembered this was a game, but also that i was gambling with the house' money, so to say.",43,A few times,NA,White,Male,Non-Hispanic
P0219,15,1.2299999999999998,16,16,No Banner,Won,0,NA,Chose Non-Hot,0,NA,NA,1,"Well, i'll be honest that after a few rounds, i didn't feel any regret because i remembered this was a game, but also that i was gambling with the house' money, so to say.",43,A few times,NA,White,Male,Non-Hispanic
P0219,16,1.2199999999999998,16,15,Banner,Lost,16,nonhot_win_number,Chose Non-Hot,0,0,0,1,"Well, i'll be honest that after a few rounds, i didn't feel any regret because i remembered this was a game, but also that i was gambling with the house' money, so to say.",43,A few times,NA,White,Male,Non-Hispanic
P0219,17,1.2099999999999995,16,8,Banner,Lost,2,nonhot_win_number,Chose Non-Hot,0,0,0,1,"Well, i'll be honest that after a few rounds, i didn't feel any regret because i remembered this was a game, but also that i was gambling with the house' money, so to say.",43,A few times,NA,White,Male,Non-Hispanic
P0219,18,1.1999999999999995,16,35,No Banner,Lost,0,NA,Chose Non-Hot,0,0,NA,1,"Well, i'll be honest that after a few rounds, i didn't feel any regret because i remembered this was a game, but also that i was gambling with the house' money, so to say.",43,A few times,NA,White,Male,Non-Hispanic
P0219,19,1.1899999999999995,16,15,No Banner,Lost,0,NA,Chose Non-Hot,0,0,NA,1,"Well, i'll be honest that after a few rounds, i didn't feel any regret because i remembered this was a game, but also that i was gambling with the house' money, so to say.",43,A few times,NA,White,Male,Non-Hispanic
P0219,20,1.1799999999999995,16,21,Banner,Lost,16,hot_win_number,Chose Non-Hot,0,0,0,1,"Well, i'll be honest that after a few rounds, i didn't feel any regret because i remembered this was a game, but also that i was gambling with the house' money, so to say.",43,A few times,NA,White,Male,Non-Hispanic
P0219,21,1.1699999999999997,16,24,No Banner,Lost,0,NA,Chose Non-Hot,0,0,NA,1,"Well, i'll be honest that after a few rounds, i didn't feel any regret because i remembered this was a game, but also that i was gambling with the house' money, so to say.",43,A few times,NA,White,Male,Non-Hispanic
P0219,22,1.1599999999999997,16,10,No Banner,Lost,0,NA,Chose Non-Hot,0,0,NA,1,"Well, i'll be honest that after a few rounds, i didn't feel any regret because i remembered this was a game, but also that i was gambling with the house' money, so to say.",43,A few times,NA,White,Male,Non-Hispanic
P0219,23,1.1499999999999997,16,9,No Banner,Lost,0,NA,Chose Non-Hot,0,0,NA,1,"Well, i'll be honest that after a few rounds, i didn't feel any regret because i remembered this was a game, but also that i was gambling with the house' money, so to say.",43,A few times,NA,White,Male,Non-Hispanic
P0219,24,1.4999999999999996,16,16,No Banner,Won,0,NA,Chose Non-Hot,0,NA,NA,1,"Well, i'll be honest that after a few rounds, i didn't feel any regret because i remembered this was a game, but also that i was gambling with the house' money, so to say.",43,A few times,NA,White,Male,Non-Hispanic
P0220,1,0.29,1,13,No Banner,Lost,0,NA,Chose Non-Hot,0,0,NA,2,,32,A few times,NA,White,Male,Non-Hispanic
P0220,2,0.27999999999999997,1,2,No Banner,Lost,0,NA,Chose Non-Hot,5,0,NA,2,,32,A few times,NA,White,Male,Non-Hispanic
P0220,3,0.26999999999999996,1,28,No Banner,Lost,0,NA,Chose Non-Hot,10,0,NA,2,,32,A few times,NA,White,Male,Non-Hispanic
P0220,4,0.25999999999999995,33,18,Banner,Lost,2,nonhot_win_number,Chose Hot,0,20,0,2,,32,A few times,NA,White,Male,Non-Hispanic
P0220,5,0.6099999999999999,33,33,No Banner,Won,0,NA,Chose Non-Hot,0,NA,NA,2,,32,A few times,NA,White,Male,Non-Hispanic
P0220,6,0.5999999999999999,1,27,Banner,Lost,8,nonhot_win_number,Chose Hot,0,25,0,2,,32,A few times,NA,White,Male,Non-Hispanic
P0220,7,0.5899999999999999,1,30,No Banner,Lost,0,NA,Chose Non-Hot,20,0,NA,2,,32,A few times,NA,White,Male,Non-Hispanic
P0220,8,0.5799999999999998,31,20,Banner,Lost,8,hot_win_number,Chose Hot,20,0,0,2,,32,A few times,NA,White,Male,Non-Hispanic
P0220,9,0.9299999999999998,1,1,No Banner,Won,0,NA,Chose Non-Hot,0,NA,NA,2,,32,A few times,NA,White,Male,Non-Hispanic
P0220,10,0.9199999999999998,11,27,Banner,Lost,3,hot_win_number,Chose Hot,10,0,0,2,,32,A few times,NA,White,Male,Non-Hispanic
P0220,11,0.9099999999999998,11,13,No Banner,Lost,0,NA,Chose Non-Hot,10,0,NA,2,,32,A few times,NA,White,Male,Non-Hispanic
P0220,12,0.8999999999999998,11,9,No Banner,Lost,0,NA,Chose Non-Hot,15,0,NA,2,,32,A few times,NA,White,Male,Non-Hispanic
P0220,13,0.8899999999999998,3,25,Banner,Lost,3,nonhot_win_number,Chose Hot,20,15,0,2,,32,A few times,NA,White,Male,Non-Hispanic
P0220,14,0.8799999999999998,15,23,Banner,Lost,1,nonhot_win_number,Chose Hot,10,0,NA,2,,32,A few times,NA,White,Male,Non-Hispanic
P0220,15,0.8699999999999998,3,20,No Banner,Lost,0,NA,Chose Non-Hot,11,0,NA,2,,32,A few times,NA,White,Male,Non-Hispanic
P0220,16,1.2199999999999998,3,3,No Banner,Won,0,NA,Chose Non-Hot,0,NA,NA,2,,32,A few times,NA,White,Male,Non-Hispanic
P0220,17,1.2099999999999995,33,6,No Banner,Lost,0,NA,Chose Non-Hot,10,0,NA,2,,32,A few times,NA,White,Male,Non-Hispanic
P0220,18,1.1999999999999995,24,32,Banner,Lost,2,hot_win_number,Chose Hot,15,0,NA,2,,32,A few times,NA,White,Male,Non-Hispanic
P0220,19,1.1899999999999995,24,20,No Banner,Lost,0,NA,Chose Non-Hot,26,0,NA,2,,32,A few times,NA,White,Male,Non-Hispanic
P0220,20,1.1799999999999995,7,23,No Banner,Lost,0,NA,Chose Non-Hot,0,0,NA,2,,32,A few times,NA,White,Male,Non-Hispanic
P0220,21,1.1699999999999997,3,1,Banner,Lost,1,nonhot_win_number,Chose Hot,30,40,NA,2,,32,A few times,NA,White,Male,Non-Hispanic
P0220,22,1.5199999999999996,3,3,No Banner,Won,0,NA,Chose Non-Hot,0,NA,NA,2,,32,A few times,NA,White,Male,Non-Hispanic
P0220,23,1.5099999999999996,35,33,Banner,Lost,16,nonhot_win_number,Chose Hot,30,25,0,2,,32,A few times,NA,White,Male,Non-Hispanic
P0220,24,1.4999999999999996,17,19,Banner,Lost,16,hot_win_number,Chose Hot,10,0,0,2,,32,A few times,NA,White,Male,Non-Hispanic
P0221,1,-0.01,21,10,No Banner,Lost,0,NA,Chose Non-Hot,74,70,NA,1,,44,Never,NA,White,Female,Non-Hispanic
P0221,2,-0.02,17,8,No Banner,Lost,0,NA,Chose Non-Hot,72,71,NA,1,,44,Never,NA,White,Female,Non-Hispanic
P0221,3,-0.03,14,35,No Banner,Lost,0,NA,Chose Non-Hot,70,71,NA,1,,44,Never,NA,White,Female,Non-Hispanic
P0221,4,-0.04,11,24,Banner,Lost,16,hot_win_number,Chose Hot,72,70,NA,1,,44,Never,NA,White,Female,Non-Hispanic
P0221,5,-0.05,1,11,No Banner,Lost,0,NA,Chose Non-Hot,80,73,NA,1,,44,Never,NA,White,Female,Non-Hispanic
P0221,6,0.3,18,18,No Banner,Won,0,NA,Chose Non-Hot,0,NA,NA,1,,44,Never,NA,White,Female,Non-Hispanic
P0221,7,0.29,27,12,No Banner,Lost,0,NA,Chose Non-Hot,76,77,NA,1,,44,Never,NA,White,Female,Non-Hispanic
P0221,8,0.27999999999999997,27,6,Banner,Lost,2,hot_win_number,Chose Hot,96,97,NA,1,,44,Never,NA,White,Female,Non-Hispanic
P0221,9,0.6299999999999999,27,27,No Banner,Won,0,NA,Chose Non-Hot,0,NA,NA,1,,44,Never,NA,White,Female,Non-Hispanic
P0221,10,0.6199999999999999,16,28,No Banner,Lost,0,NA,Chose Non-Hot,74,63,NA,1,,44,Never,NA,White,Female,Non-Hispanic
P0221,11,0.6099999999999999,12,32,Banner,Lost,16,nonhot_win_number,Chose Hot,72,69,NA,1,,44,Never,NA,White,Female,Non-Hispanic
P0221,12,0.5999999999999999,5,17,Banner,Lost,2,nonhot_win_number,Chose Hot,93,96,NA,1,,44,Never,NA,White,Female,Non-Hispanic
P0221,13,0.5899999999999999,8,36,Banner,Lost,8,nonhot_win_number,Chose Hot,75,73,NA,1,,44,Never,NA,White,Female,Non-Hispanic
P0221,14,0.5799999999999998,15,12,Banner,Lost,3,hot_win_number,Chose Hot,91,90,NA,1,,44,Never,NA,White,Female,Non-Hispanic
P0221,15,0.9299999999999998,21,21,No Banner,Won,0,NA,Chose Non-Hot,0,NA,NA,1,,44,Never,NA,White,Female,Non-Hispanic
P0221,16,0.9199999999999998,21,6,Banner,Lost,3,nonhot_win_number,Chose Hot,94,93,NA,1,,44,Never,NA,White,Female,Non-Hispanic
P0221,17,0.9099999999999998,22,19,Banner,Lost,8,hot_win_number,Chose Hot,86,74,NA,1,,44,Never,NA,White,Female,Non-Hispanic
P0221,18,0.8999999999999998,33,4,No Banner,Lost,0,NA,Chose Non-Hot,68,54,NA,1,,44,Never,NA,White,Female,Non-Hispanic
P0221,19,0.8899999999999998,21,8,No Banner,Lost,0,NA,Chose Non-Hot,60,55,NA,1,,44,Never,NA,White,Female,Non-Hispanic
P0221,20,0.8799999999999998,31,3,Banner,Lost,1,nonhot_win_number,Chose Hot,96,15,NA,1,,44,Never,NA,White,Female,Non-Hispanic
P0221,21,0.8699999999999998,18,12,No Banner,Lost,0,NA,Chose Non-Hot,58,61,NA,1,,44,Never,NA,White,Female,Non-Hispanic
P0221,22,1.2199999999999998,20,20,No Banner,Won,0,NA,Chose Non-Hot,0,NA,NA,1,,44,Never,NA,White,Female,Non-Hispanic
P0221,23,1.2099999999999995,20,35,No Banner,Lost,0,NA,Chose Non-Hot,67,34,NA,1,,44,Never,NA,White,Female,Non-Hispanic
P0221,24,1.1999999999999995,3,19,Banner,Lost,1,nonhot_win_number,Chose Hot,38,16,NA,1,,44,Never,NA,White,Female,Non-Hispanic
P0223,1,-0.01,22,33,No Banner,Lost,0,NA,Chose Non-Hot,15,13,NA,2,,44,Never,NA,White,Female,Non-Hispanic
P0223,2,-0.02,9,34,Banner,Lost,1,nonhot_win_number,Chose Hot,43,1,NA,2,,44,Never,NA,White,Female,Non-Hispanic
P0223,3,-0.03,7,23,Banner,Lost,8,hot_win_number,Chose Non-Hot,0,8,NA,2,,44,Never,NA,White,Female,Non-Hispanic
P0223,4,-0.04,15,13,No Banner,Lost,0,NA,Chose Non-Hot,0,20,NA,2,,44,Never,NA,White,Female,Non-Hispanic
P0223,5,-0.05,34,5,No Banner,Lost,0,NA,Chose Non-Hot,0,18,NA,2,,44,Never,NA,White,Female,Non-Hispanic
P0223,6,0.3,20,20,No Banner,Won,0,NA,Chose Non-Hot,0,NA,NA,2,,44,Never,NA,White,Female,Non-Hispanic
P0223,7,0.29,12,35,No Banner,Lost,0,NA,Chose Non-Hot,0,35,NA,2,,44,Never,NA,White,Female,Non-Hispanic
P0223,8,0.27999999999999997,17,7,Banner,Lost,16,nonhot_win_number,Chose Hot,0,23,NA,2,,44,Never,NA,White,Female,Non-Hispanic
P0223,9,0.26999999999999996,36,6,No Banner,Lost,0,NA,Chose Non-Hot,0,25,NA,2,,44,Never,NA,White,Female,Non-Hispanic
P0223,10,0.25999999999999995,2,11,No Banner,Lost,0,NA,Chose Non-Hot,0,33,NA,2,,44,Never,NA,White,Female,Non-Hispanic
P0223,11,0.24999999999999992,9,7,Banner,Lost,3,nonhot_win_number,Chose Hot,0,51,NA,2,,44,Never,NA,White,Female,Non-Hispanic
P0223,12,0.5999999999999999,19,19,No Banner,Won,0,NA,Chose Non-Hot,0,NA,NA,2,,44,Never,NA,White,Female,Non-Hispanic
P0223,13,0.5899999999999999,6,36,Banner,Lost,2,nonhot_win_number,Chose Hot,12,25,NA,2,,44,Never,NA,White,Female,Non-Hispanic
P0223,14,0.5799999999999998,8,5,No Banner,Lost,0,NA,Chose Non-Hot,0,46,NA,2,,44,Never,NA,White,Female,Non-Hispanic
P0223,15,0.5699999999999998,4,23,No Banner,Lost,0,NA,Chose Non-Hot,0,39,NA,2,,44,Never,NA,White,Female,Non-Hispanic
P0223,16,0.9199999999999998,21,21,No Banner,Won,0,NA,Chose Non-Hot,0,NA,NA,2,,44,Never,NA,White,Female,Non-Hispanic
P0223,17,0.9099999999999998,12,20,Banner,Lost,8,nonhot_win_number,Chose Hot,0,57,NA,2,,44,Never,NA,White,Female,Non-Hispanic
P0223,18,0.8999999999999998,26,14,No Banner,Lost,0,NA,Chose Non-Hot,0,31,NA,2,,44,Never,NA,White,Female,Non-Hispanic
P0223,19,0.8899999999999998,15,19,Banner,Lost,1,nonhot_win_number,Chose Hot,25,24,NA,2,,44,Never,NA,White,Female,Non-Hispanic
P0223,20,0.8799999999999998,30,19,Banner,Lost,2,hot_win_number,Chose Non-Hot,20,31,NA,2,,44,Never,NA,White,Female,Non-Hispanic
P0223,21,0.8699999999999998,8,7,Banner,Lost,3,hot_win_number,Chose Hot,0,70,NA,2,,44,Never,NA,White,Female,Non-Hispanic
P0223,22,0.8599999999999998,11,27,Banner,Lost,16,hot_win_number,Chose Hot,0,16,NA,2,,44,Never,NA,White,Female,Non-Hispanic
P0223,23,0.8499999999999998,26,13,No Banner,Lost,0,NA,Chose Non-Hot,0,12,NA,2,,44,Never,NA,White,Female,Non-Hispanic
P0223,24,1.1999999999999995,12,12,No Banner,Won,0,NA,Chose Non-Hot,0,NA,NA,2,,44,Never,NA,White,Female,Non-Hispanic
P0225,1,0.29,36,15,Banner,Lost,2,hot_win_number,Chose Hot,63,100,NA,4,"Not sure if the hot numbers really helped, started just guessing on my own and had some better luck doing so.",41,Never,NA,Asian,Male,Non-Hispanic
P0225,2,0.27999999999999997,16,5,No Banner,Lost,0,NA,Chose Non-Hot,100,59,NA,4,"Not sure if the hot numbers really helped, started just guessing on my own and had some better luck doing so.",41,Never,NA,Asian,Male,Non-Hispanic
P0225,3,0.6299999999999999,12,12,No Banner,Won,0,NA,Chose Non-Hot,0,NA,NA,4,"Not sure if the hot numbers really helped, started just guessing on my own and had some better luck doing so.",41,Never,NA,Asian,Male,Non-Hispanic
P0225,4,0.6199999999999999,21,15,Banner,Lost,8,hot_win_number,Chose Non-Hot,100,100,0,4,"Not sure if the hot numbers really helped, started just guessing on my own and had some better luck doing so.",41,Never,NA,Asian,Male,Non-Hispanic
P0225,5,0.6099999999999999,28,14,Banner,Lost,16,hot_win_number,Chose Hot,100,100,0,4,"Not sure if the hot numbers really helped, started just guessing on my own and had some better luck doing so.",41,Never,NA,Asian,Male,Non-Hispanic
P0225,6,0.5999999999999999,18,32,Banner,Lost,1,nonhot_win_number,Chose Hot,48,100,NA,4,"Not sure if the hot numbers really helped, started just guessing on my own and had some better luck doing so.",41,Never,NA,Asian,Male,Non-Hispanic
P0225,7,0.5899999999999999,19,4,No Banner,Lost,0,NA,Chose Non-Hot,38,100,NA,4,"Not sure if the hot numbers really helped, started just guessing on my own and had some better luck doing so.",41,Never,NA,Asian,Male,Non-Hispanic
P0225,8,0.5799999999999998,4,36,Banner,Lost,8,nonhot_win_number,Chose Non-Hot,100,100,0,4,"Not sure if the hot numbers really helped, started just guessing on my own and had some better luck doing so.",41,Never,NA,Asian,Male,Non-Hispanic
P0225,9,0.5699999999999998,27,4,No Banner,Lost,0,NA,Chose Non-Hot,74,100,NA,4,"Not sure if the hot numbers really helped, started just guessing on my own and had some better luck doing so.",41,Never,NA,Asian,Male,Non-Hispanic
P0225,10,0.5599999999999998,31,7,Banner,Lost,3,hot_win_number,Chose Hot,100,82,56,4,"Not sure if the hot numbers really helped, started just guessing on my own and had some better luck doing so.",41,Never,NA,Asian,Male,Non-Hispanic
P0225,11,0.9099999999999998,15,15,No Banner,Won,0,NA,Chose Non-Hot,0,NA,NA,4,"Not sure if the hot numbers really helped, started just guessing on my own and had some better luck doing so.",41,Never,NA,Asian,Male,Non-Hispanic
P0225,12,0.8999999999999998,11,15,No Banner,Lost,0,NA,Chose Non-Hot,100,70,NA,4,"Not sure if the hot numbers really helped, started just guessing on my own and had some better luck doing so.",41,Never,NA,Asian,Male,Non-Hispanic
P0225,13,0.8899999999999998,13,11,No Banner,Lost,0,NA,Chose Non-Hot,76,100,NA,4,"Not sure if the hot numbers really helped, started just guessing on my own and had some better luck doing so.",41,Never,NA,Asian,Male,Non-Hispanic
P0225,14,0.8799999999999998,3,8,Banner,Lost,16,nonhot_win_number,Chose Hot,100,100,11,4,"Not sure if the hot numbers really helped, started just guessing on my own and had some better luck doing so.",41,Never,NA,Asian,Male,Non-Hispanic
P0225,15,0.8699999999999998,4,12,Banner,Lost,1,nonhot_win_number,Chose Hot,100,54,NA,4,"Not sure if the hot numbers really helped, started just guessing on my own and had some better luck doing so.",41,Never,NA,Asian,Male,Non-Hispanic
P0225,16,0.8599999999999998,30,36,No Banner,Lost,0,NA,Chose Non-Hot,100,67,NA,4,"Not sure if the hot numbers really helped, started just guessing on my own and had some better luck doing so.",41,Never,NA,Asian,Male,Non-Hispanic
P0225,17,0.8499999999999998,7,8,No Banner,Lost,0,NA,Chose Non-Hot,100,36,NA,4,"Not sure if the hot numbers really helped, started just guessing on my own and had some better luck doing so.",41,Never,NA,Asian,Male,Non-Hispanic
P0225,18,1.1999999999999995,16,16,No Banner,Won,0,NA,Chose Non-Hot,0,NA,NA,4,"Not sure if the hot numbers really helped, started just guessing on my own and had some better luck doing so.",41,Never,NA,Asian,Male,Non-Hispanic
P0225,19,1.1899999999999995,34,4,No Banner,Lost,0,NA,Chose Non-Hot,100,50,NA,4,"Not sure if the hot numbers really helped, started just guessing on my own and had some better luck doing so.",41,Never,NA,Asian,Male,Non-Hispanic
P0225,20,1.1799999999999995,4,33,No Banner,Lost,0,NA,Chose Non-Hot,75,29,NA,4,"Not sure if the hot numbers really helped, started just guessing on my own and had some better luck doing so.",41,Never,NA,Asian,Male,Non-Hispanic
P0225,21,1.1699999999999997,1,9,Banner,Lost,3,nonhot_win_number,Chose Hot,100,65,0,4,"Not sure if the hot numbers really helped, started just guessing on my own and had some better luck doing so.",41,Never,NA,Asian,Male,Non-Hispanic
P0225,22,1.5199999999999996,1,1,No Banner,Won,0,NA,Chose Non-Hot,0,NA,NA,4,"Not sure if the hot numbers really helped, started just guessing on my own and had some better luck doing so.",41,Never,NA,Asian,Male,Non-Hispanic
P0225,23,1.5099999999999996,4,11,Banner,Lost,2,nonhot_win_number,Chose Non-Hot,62,100,0,4,"Not sure if the hot numbers really helped, started just guessing on my own and had some better luck doing so.",41,Never,NA,Asian,Male,Non-Hispanic
P0225,24,1.4999999999999996,7,2,No Banner,Lost,0,NA,Chose Non-Hot,83,74,NA,4,"Not sure if the hot numbers really helped, started just guessing on my own and had some better luck doing so.",41,Never,NA,Asian,Male,Non-Hispanic
P0228,1,0.29,33,12,No Banner,Lost,0,NA,Chose Non-Hot,80,80,NA,1,it was interesting,39,Daily or almost daily,NA,White,Male,Non-Hispanic
P0228,2,0.27999999999999997,33,21,No Banner,Lost,0,NA,Chose Non-Hot,81,81,NA,1,it was interesting,39,Daily or almost daily,NA,White,Male,Non-Hispanic
P0228,3,0.26999999999999996,30,7,Banner,Lost,1,nonhot_win_number,Chose Non-Hot,79,79,5,1,it was interesting,39,Daily or almost daily,NA,White,Male,Non-Hispanic
P0228,4,0.6199999999999999,33,33,No Banner,Won,0,NA,Chose Non-Hot,0,NA,NA,1,it was interesting,39,Daily or almost daily,NA,White,Male,Non-Hispanic
P0228,5,0.6099999999999999,33,24,No Banner,Lost,0,NA,Chose Non-Hot,80,80,NA,1,it was interesting,39,Daily or almost daily,NA,White,Male,Non-Hispanic
P0228,6,0.5999999999999999,30,13,No Banner,Lost,0,NA,Chose Non-Hot,81,80,NA,1,it was interesting,39,Daily or almost daily,NA,White,Male,Non-Hispanic
P0228,7,0.5899999999999999,30,29,No Banner,Lost,0,NA,Chose Non-Hot,78,77,NA,1,it was interesting,39,Daily or almost daily,NA,White,Male,Non-Hispanic
P0228,8,0.5799999999999998,30,26,No Banner,Lost,0,NA,Chose Non-Hot,77,75,NA,1,it was interesting,39,Daily or almost daily,NA,White,Male,Non-Hispanic
P0228,9,0.5699999999999998,30,15,Banner,Lost,3,nonhot_win_number,Chose Non-Hot,78,81,3,1,it was interesting,39,Daily or almost daily,NA,White,Male,Non-Hispanic
P0228,10,0.5599999999999998,30,29,No Banner,Lost,0,NA,Chose Non-Hot,78,78,NA,1,it was interesting,39,Daily or almost daily,NA,White,Male,Non-Hispanic
P0228,11,0.9099999999999998,23,23,No Banner,Won,0,NA,Chose Non-Hot,0,NA,NA,1,it was interesting,39,Daily or almost daily,NA,White,Male,Non-Hispanic
P0228,12,0.8999999999999998,30,8,Banner,Lost,8,hot_win_number,Chose Non-Hot,80,76,2,1,it was interesting,39,Daily or almost daily,NA,White,Male,Non-Hispanic
P0228,13,0.8899999999999998,23,15,No Banner,Lost,0,NA,Chose Non-Hot,78,74,NA,1,it was interesting,39,Daily or almost daily,NA,White,Male,Non-Hispanic
P0228,14,0.8799999999999998,30,23,Banner,Lost,16,nonhot_win_number,Chose Non-Hot,82,83,2,1,it was interesting,39,Daily or almost daily,NA,White,Male,Non-Hispanic
P0228,15,1.2299999999999998,15,15,No Banner,Won,0,NA,Chose Non-Hot,1,NA,NA,1,it was interesting,39,Daily or almost daily,NA,White,Male,Non-Hispanic
P0228,16,1.2199999999999998,33,24,No Banner,Lost,0,NA,Chose Non-Hot,80,78,NA,1,it was interesting,39,Daily or almost daily,NA,White,Male,Non-Hispanic
P0228,17,1.2099999999999995,15,36,Banner,Lost,1,nonhot_win_number,Chose Non-Hot,77,76,1,1,it was interesting,39,Daily or almost daily,NA,White,Male,Non-Hispanic
P0228,18,1.1999999999999995,33,32,Banner,Lost,16,hot_win_number,Chose Hot,79,77,2,1,it was interesting,39,Daily or almost daily,NA,White,Male,Non-Hispanic
P0228,19,1.1899999999999995,15,3,Banner,Lost,2,hot_win_number,Chose Non-Hot,79,78,1,1,it was interesting,39,Daily or almost daily,NA,White,Male,Non-Hispanic
P0228,20,1.1799999999999995,33,17,No Banner,Lost,0,NA,Chose Non-Hot,80,78,NA,1,it was interesting,39,Daily or almost daily,NA,White,Male,Non-Hispanic
P0228,21,1.1699999999999997,15,11,Banner,Lost,8,nonhot_win_number,Chose Non-Hot,79,76,3,1,it was interesting,39,Daily or almost daily,NA,White,Male,Non-Hispanic
P0228,22,1.1599999999999997,30,27,Banner,Lost,2,nonhot_win_number,Chose Non-Hot,77,79,2,1,it was interesting,39,Daily or almost daily,NA,White,Male,Non-Hispanic
P0228,23,1.1499999999999997,31,29,Banner,Lost,3,hot_win_number,Chose Hot,81,83,2,1,it was interesting,39,Daily or almost daily,NA,White,Male,Non-Hispanic
P0228,24,1.4999999999999996,15,15,No Banner,Won,0,NA,Chose Non-Hot,0,NA,NA,1,it was interesting,39,Daily or almost daily,NA,White,Male,Non-Hispanic
P0229,1,0.29,2,32,Banner,Lost,1,nonhot_win_number,Chose Hot,76,100,NA,2,,25,A few times,NA,White,Male,Non-Hispanic
P0229,2,0.27999999999999997,22,11,No Banner,Lost,0,NA,Chose Non-Hot,80,100,NA,2,,25,A few times,NA,White,Male,Non-Hispanic
P0229,3,0.6299999999999999,1,1,No Banner,Won,0,NA,Chose Non-Hot,0,NA,NA,2,,25,A few times,NA,White,Male,Non-Hispanic
P0229,4,0.6199999999999999,29,25,No Banner,Lost,0,NA,Chose Non-Hot,84,95,NA,2,,25,A few times,NA,White,Male,Non-Hispanic
P0229,5,0.6099999999999999,20,29,Banner,Lost,8,nonhot_win_number,Chose Non-Hot,85,100,0,2,,25,A few times,NA,White,Male,Non-Hispanic
P0229,6,0.5999999999999999,20,13,No Banner,Lost,0,NA,Chose Non-Hot,90,93,NA,2,,25,A few times,NA,White,Male,Non-Hispanic
P0229,7,0.5899999999999999,24,2,No Banner,Lost,0,NA,Chose Non-Hot,91,100,NA,2,,25,A few times,NA,White,Male,Non-Hispanic
P0229,8,0.5799999999999998,19,31,No Banner,Lost,0,NA,Chose Non-Hot,86,100,NA,2,,25,A few times,NA,White,Male,Non-Hispanic
P0229,9,0.5699999999999998,5,11,Banner,Lost,2,hot_win_number,Chose Non-Hot,80,95,0,2,,25,A few times,NA,White,Male,Non-Hispanic
P0229,10,0.5599999999999998,16,21,Banner,Lost,3,hot_win_number,Chose Hot,87,95,0,2,,25,A few times,NA,White,Male,Non-Hispanic
P0229,11,0.5499999999999998,35,26,No Banner,Lost,0,NA,Chose Non-Hot,94,100,NA,2,,25,A few times,NA,White,Male,Non-Hispanic
P0229,12,0.8999999999999998,6,6,No Banner,Won,0,NA,Chose Non-Hot,0,NA,NA,2,,25,A few times,NA,White,Male,Non-Hispanic
P0229,13,0.8899999999999998,31,29,No Banner,Lost,0,NA,Chose Non-Hot,83,95,NA,2,,25,A few times,NA,White,Male,Non-Hispanic
P0229,14,0.8799999999999998,7,10,Banner,Lost,8,hot_win_number,Chose Hot,93,95,0,2,,25,A few times,NA,White,Male,Non-Hispanic
P0229,15,0.8699999999999998,32,23,Banner,Lost,1,nonhot_win_number,Chose Hot,94,100,NA,2,,25,A few times,NA,White,Male,Non-Hispanic
P0229,16,1.2199999999999998,12,12,No Banner,Won,0,NA,Chose Non-Hot,0,NA,NA,2,,25,A few times,NA,White,Male,Non-Hispanic
P0229,17,1.2099999999999995,7,23,No Banner,Lost,0,NA,Chose Non-Hot,82,96,NA,2,,25,A few times,NA,White,Male,Non-Hispanic
P0229,18,1.1999999999999995,20,5,Banner,Lost,2,nonhot_win_number,Chose Non-Hot,99,89,0,2,,25,A few times,NA,White,Male,Non-Hispanic
P0229,19,1.1899999999999995,26,16,Banner,Lost,16,hot_win_number,Chose Hot,96,90,0,2,,25,A few times,NA,White,Male,Non-Hispanic
P0229,20,1.1799999999999995,19,6,No Banner,Lost,0,NA,Chose Non-Hot,95,100,NA,2,,25,A few times,NA,White,Male,Non-Hispanic
P0229,21,1.5299999999999998,12,12,No Banner,Won,0,NA,Chose Non-Hot,0,NA,NA,2,,25,A few times,NA,White,Male,Non-Hispanic
P0229,22,1.5199999999999998,26,5,No Banner,Lost,0,NA,Chose Non-Hot,96,84,NA,2,,25,A few times,NA,White,Male,Non-Hispanic
P0229,23,1.5099999999999998,22,15,Banner,Lost,3,nonhot_win_number,Chose Non-Hot,93,89,0,2,,25,A few times,NA,White,Male,Non-Hispanic
P0229,24,1.4999999999999998,6,18,Banner,Lost,16,nonhot_win_number,Chose Hot,100,100,0,2,,25,A few times,NA,White,Male,Non-Hispanic
P0230,1,-0.01,11,33,Banner,Lost,8,hot_win_number,Chose Hot,69,74,NA,1,,49,Never,NA,White,Female,Non-Hispanic
P0230,2,-0.02,6,20,Banner,Lost,2,hot_win_number,Chose Hot,70,75,NA,1,,49,Never,NA,White,Female,Non-Hispanic
P0230,3,-0.03,33,20,Banner,Lost,16,hot_win_number,Chose Hot,72,73,NA,1,,49,Never,NA,White,Female,Non-Hispanic
P0230,4,0.31999999999999995,8,8,No Banner,Won,0,NA,Chose Non-Hot,0,NA,NA,1,,49,Never,NA,White,Female,Non-Hispanic
P0230,5,0.30999999999999994,11,12,No Banner,Lost,0,NA,Chose Non-Hot,70,70,NA,1,,49,Never,NA,White,Female,Non-Hispanic
P0230,6,0.29999999999999993,13,5,Banner,Lost,3,nonhot_win_number,Chose Non-Hot,75,74,NA,1,,49,Never,NA,White,Female,Non-Hispanic
P0230,7,0.2899999999999999,26,2,Banner,Lost,1,nonhot_win_number,Chose Non-Hot,75,75,NA,1,,49,Never,NA,White,Female,Non-Hispanic
P0230,8,0.2799999999999999,28,3,No Banner,Lost,0,NA,Chose Non-Hot,74,77,NA,1,,49,Never,NA,White,Female,Non-Hispanic
P0230,9,0.2699999999999999,4,17,No Banner,Lost,0,NA,Chose Non-Hot,72,73,NA,1,,49,Never,NA,White,Female,Non-Hispanic
P0230,10,0.6199999999999999,15,15,No Banner,Won,0,NA,Chose Non-Hot,0,NA,NA,1,,49,Never,NA,White,Female,Non-Hispanic
P0230,11,0.6099999999999999,27,7,No Banner,Lost,0,NA,Chose Non-Hot,77,77,NA,1,,49,Never,NA,White,Female,Non-Hispanic
P0230,12,0.5999999999999999,8,16,No Banner,Lost,0,NA,Chose Non-Hot,76,83,NA,1,,49,Never,NA,White,Female,Non-Hispanic
P0230,13,0.5899999999999999,8,34,No Banner,Lost,0,NA,Chose Non-Hot,85,77,NA,1,,49,Never,NA,White,Female,Non-Hispanic
P0230,14,0.5799999999999998,9,18,No Banner,Lost,0,NA,Chose Non-Hot,75,75,NA,1,,49,Never,NA,White,Female,Non-Hispanic
P0230,15,0.5699999999999998,9,31,Banner,Lost,2,nonhot_win_number,Chose Non-Hot,79,82,NA,1,,49,Never,NA,White,Female,Non-Hispanic
P0230,16,0.5599999999999998,19,1,No Banner,Lost,0,NA,Chose Non-Hot,76,71,NA,1,,49,Never,NA,White,Female,Non-Hispanic
P0230,17,0.9099999999999998,19,19,No Banner,Won,0,NA,Chose Non-Hot,0,NA,NA,1,,49,Never,NA,White,Female,Non-Hispanic
P0230,18,0.8999999999999998,33,34,Banner,Lost,8,nonhot_win_number,Chose Non-Hot,78,81,NA,1,,49,Never,NA,White,Female,Non-Hispanic
P0230,19,0.8899999999999998,9,27,Banner,Lost,1,nonhot_win_number,Chose Non-Hot,67,68,NA,1,,49,Never,NA,White,Female,Non-Hispanic
P0230,20,0.8799999999999998,20,35,No Banner,Lost,0,NA,Chose Non-Hot,74,76,NA,1,,49,Never,NA,White,Female,Non-Hispanic
P0230,21,0.8699999999999998,26,4,Banner,Lost,3,hot_win_number,Chose Hot,77,79,NA,1,,49,Never,NA,White,Female,Non-Hispanic
P0230,22,1.2199999999999998,20,20,No Banner,Won,0,NA,Chose Non-Hot,0,NA,NA,1,,49,Never,NA,White,Female,Non-Hispanic
P0230,23,1.2099999999999995,10,29,Banner,Lost,16,nonhot_win_number,Chose Hot,77,80,NA,1,,49,Never,NA,White,Female,Non-Hispanic
P0230,24,1.1999999999999995,10,3,No Banner,Lost,0,NA,Chose Non-Hot,80,86,NA,1,,49,Never,NA,White,Female,Non-Hispanic
P0233,1,0.29,18,5,No Banner,Lost,0,NA,Chose Non-Hot,0,0,NA,5,"After the first couple of bets, I was trying to identify a pattern in the numbers.  ",55,About once a month,NA,White,Female,Non-Hispanic
P0233,2,0.27999999999999997,30,28,No Banner,Lost,0,NA,Chose Non-Hot,0,0,NA,5,"After the first couple of bets, I was trying to identify a pattern in the numbers.  ",55,About once a month,NA,White,Female,Non-Hispanic
P0233,3,0.26999999999999996,23,13,Banner,Lost,3,hot_win_number,Chose Hot,6,24,6,5,"After the first couple of bets, I was trying to identify a pattern in the numbers.  ",55,About once a month,NA,White,Female,Non-Hispanic
P0233,4,0.25999999999999995,24,2,No Banner,Lost,0,NA,Chose Non-Hot,10,10,NA,5,"After the first couple of bets, I was trying to identify a pattern in the numbers.  ",55,About once a month,NA,White,Female,Non-Hispanic
P0233,5,0.6099999999999999,26,26,No Banner,Won,0,NA,Chose Non-Hot,0,NA,NA,5,"After the first couple of bets, I was trying to identify a pattern in the numbers.  ",55,About once a month,NA,White,Female,Non-Hispanic
P0233,6,0.5999999999999999,29,18,No Banner,Lost,0,NA,Chose Non-Hot,7,6,NA,5,"After the first couple of bets, I was trying to identify a pattern in the numbers.  ",55,About once a month,NA,White,Female,Non-Hispanic
P0233,7,0.5899999999999999,9,36,Banner,Lost,16,nonhot_win_number,Chose Hot,7,5,5,5,"After the first couple of bets, I was trying to identify a pattern in the numbers.  ",55,About once a month,NA,White,Female,Non-Hispanic
P0233,8,0.5799999999999998,1,33,No Banner,Lost,0,NA,Chose Non-Hot,11,8,NA,5,"After the first couple of bets, I was trying to identify a pattern in the numbers.  ",55,About once a month,NA,White,Female,Non-Hispanic
P0233,9,0.5699999999999998,24,21,No Banner,Lost,0,NA,Chose Non-Hot,11,6,NA,5,"After the first couple of bets, I was trying to identify a pattern in the numbers.  ",55,About once a month,NA,White,Female,Non-Hispanic
P0233,10,0.9199999999999998,10,10,No Banner,Won,0,NA,Chose Non-Hot,9,NA,NA,5,"After the first couple of bets, I was trying to identify a pattern in the numbers.  ",55,About once a month,NA,White,Female,Non-Hispanic
P0233,11,0.9099999999999998,11,27,Banner,Lost,8,hot_win_number,Chose Non-Hot,6,7,6,5,"After the first couple of bets, I was trying to identify a pattern in the numbers.  ",55,About once a month,NA,White,Female,Non-Hispanic
P0233,12,0.8999999999999998,12,30,No Banner,Lost,0,NA,Chose Non-Hot,5,9,NA,5,"After the first couple of bets, I was trying to identify a pattern in the numbers.  ",55,About once a month,NA,White,Female,Non-Hispanic
P0233,13,0.8899999999999998,32,23,Banner,Lost,2,nonhot_win_number,Chose Hot,5,8,7,5,"After the first couple of bets, I was trying to identify a pattern in the numbers.  ",55,About once a month,NA,White,Female,Non-Hispanic
P0233,14,0.8799999999999998,1,13,Banner,Lost,1,nonhot_win_number,Chose Hot,8,10,NA,5,"After the first couple of bets, I was trying to identify a pattern in the numbers.  ",55,About once a month,NA,White,Female,Non-Hispanic
P0233,15,0.8699999999999998,8,20,No Banner,Lost,0,NA,Chose Non-Hot,8,8,NA,5,"After the first couple of bets, I was trying to identify a pattern in the numbers.  ",55,About once a month,NA,White,Female,Non-Hispanic
P0233,16,0.8599999999999998,16,4,No Banner,Lost,0,NA,Chose Non-Hot,9,9,NA,5,"After the first couple of bets, I was trying to identify a pattern in the numbers.  ",55,About once a month,NA,White,Female,Non-Hispanic
P0233,17,0.8499999999999998,2,21,Banner,Lost,1,nonhot_win_number,Chose Hot,9,10,NA,5,"After the first couple of bets, I was trying to identify a pattern in the numbers.  ",55,About once a month,NA,White,Female,Non-Hispanic
P0233,18,1.1999999999999995,18,18,No Banner,Won,0,NA,Chose Non-Hot,8,NA,NA,5,"After the first couple of bets, I was trying to identify a pattern in the numbers.  ",55,About once a month,NA,White,Female,Non-Hispanic
P0233,19,1.1899999999999995,19,31,Banner,Lost,8,nonhot_win_number,Chose Hot,12,5,7,5,"After the first couple of bets, I was trying to identify a pattern in the numbers.  ",55,About once a month,NA,White,Female,Non-Hispanic
P0233,20,1.1799999999999995,22,4,No Banner,Lost,0,NA,Chose Non-Hot,13,17,NA,5,"After the first couple of bets, I was trying to identify a pattern in the numbers.  ",55,About once a month,NA,White,Female,Non-Hispanic
P0233,21,1.1699999999999997,7,34,Banner,Lost,3,nonhot_win_number,Chose Hot,8,5,11,5,"After the first couple of bets, I was trying to identify a pattern in the numbers.  ",55,About once a month,NA,White,Female,Non-Hispanic
P0233,22,1.1599999999999997,13,31,Banner,Lost,2,hot_win_number,Chose Hot,9,6,NA,5,"After the first couple of bets, I was trying to identify a pattern in the numbers.  ",55,About once a month,NA,White,Female,Non-Hispanic
P0233,23,1.5099999999999998,23,23,No Banner,Won,0,NA,Chose Non-Hot,8,NA,NA,5,"After the first couple of bets, I was trying to identify a pattern in the numbers.  ",55,About once a month,NA,White,Female,Non-Hispanic
P0233,24,1.4999999999999998,7,27,Banner,Lost,16,hot_win_number,Chose Hot,7,8,13,5,"After the first couple of bets, I was trying to identify a pattern in the numbers.  ",55,About once a month,NA,White,Female,Non-Hispanic
P0235,1,0.29,1,12,Banner,Lost,16,hot_win_number,Chose Hot,1,1,0,1,Very fun. Would play again.,28,Never,NA,White,Male,Non-Hispanic
P0235,2,0.27999999999999997,2,11,No Banner,Lost,0,NA,Chose Non-Hot,70,100,NA,1,Very fun. Would play again.,28,Never,NA,White,Male,Non-Hispanic
P0235,3,0.26999999999999996,10,32,No Banner,Lost,0,NA,Chose Non-Hot,85,0,NA,1,Very fun. Would play again.,28,Never,NA,White,Male,Non-Hispanic
P0235,4,0.25999999999999995,7,6,No Banner,Lost,0,NA,Chose Non-Hot,0,0,NA,1,Very fun. Would play again.,28,Never,NA,White,Male,Non-Hispanic
P0235,5,0.24999999999999992,21,25,No Banner,Lost,0,NA,Chose Non-Hot,0,0,NA,1,Very fun. Would play again.,28,Never,NA,White,Male,Non-Hispanic
P0235,6,0.5999999999999999,23,23,No Banner,Won,0,NA,Chose Non-Hot,0,NA,NA,1,Very fun. Would play again.,28,Never,NA,White,Male,Non-Hispanic
P0235,7,0.5899999999999999,1,11,Banner,Lost,8,nonhot_win_number,Chose Non-Hot,20,20,0,1,Very fun. Would play again.,28,Never,NA,White,Male,Non-Hispanic
P0235,8,0.5799999999999998,23,7,No Banner,Lost,0,NA,Chose Non-Hot,0,100,NA,1,Very fun. Would play again.,28,Never,NA,White,Male,Non-Hispanic
P0235,9,0.5699999999999998,14,5,Banner,Lost,3,hot_win_number,Chose Hot,0,0,0,1,Very fun. Would play again.,28,Never,NA,White,Male,Non-Hispanic
P0235,10,0.5599999999999998,14,7,Banner,Lost,2,hot_win_number,Chose Hot,100,100,NA,1,Very fun. Would play again.,28,Never,NA,White,Male,Non-Hispanic
P0235,11,0.9099999999999998,14,14,No Banner,Won,0,NA,Chose Non-Hot,0,NA,NA,1,Very fun. Would play again.,28,Never,NA,White,Male,Non-Hispanic
P0235,12,0.8999999999999998,14,13,No Banner,Lost,0,NA,Chose Non-Hot,0,0,NA,1,Very fun. Would play again.,28,Never,NA,White,Male,Non-Hispanic
P0235,13,0.8899999999999998,14,19,No Banner,Lost,0,NA,Chose Non-Hot,100,0,NA,1,Very fun. Would play again.,28,Never,NA,White,Male,Non-Hispanic
P0235,14,0.8799999999999998,31,19,No Banner,Lost,0,NA,Chose Non-Hot,0,0,NA,1,Very fun. Would play again.,28,Never,NA,White,Male,Non-Hispanic
P0235,15,0.8699999999999998,13,24,No Banner,Lost,0,NA,Chose Non-Hot,71,0,NA,1,Very fun. Would play again.,28,Never,NA,White,Male,Non-Hispanic
P0235,16,1.2199999999999998,22,22,No Banner,Won,0,NA,Chose Non-Hot,0,NA,NA,1,Very fun. Would play again.,28,Never,NA,White,Male,Non-Hispanic
P0235,17,1.2099999999999995,28,11,Banner,Lost,2,nonhot_win_number,Chose Hot,32,0,0,1,Very fun. Would play again.,28,Never,NA,White,Male,Non-Hispanic
P0235,18,1.1999999999999995,14,16,Banner,Lost,8,hot_win_number,Chose Hot,25,0,0,1,Very fun. Would play again.,28,Never,NA,White,Male,Non-Hispanic
P0235,19,1.1899999999999995,1,33,Banner,Lost,16,nonhot_win_number,Chose Hot,100,0,0,1,Very fun. Would play again.,28,Never,NA,White,Male,Non-Hispanic
P0235,20,1.1799999999999995,34,17,Banner,Lost,1,nonhot_win_number,Chose Hot,100,25,NA,1,Very fun. Would play again.,28,Never,NA,White,Male,Non-Hispanic
P0235,21,1.5299999999999998,21,21,No Banner,Won,0,NA,Chose Non-Hot,0,NA,NA,1,Very fun. Would play again.,28,Never,NA,White,Male,Non-Hispanic
P0235,22,1.5199999999999998,20,32,Banner,Lost,1,nonhot_win_number,Chose Hot,0,0,NA,1,Very fun. Would play again.,28,Never,NA,White,Male,Non-Hispanic
P0235,23,1.5099999999999998,33,2,No Banner,Lost,0,NA,Chose Non-Hot,0,0,NA,1,Very fun. Would play again.,28,Never,NA,White,Male,Non-Hispanic
P0235,24,1.4999999999999998,1,24,Banner,Lost,3,nonhot_win_number,Chose Non-Hot,100,100,0,1,Very fun. Would play again.,28,Never,NA,White,Male,Non-Hispanic
P0236,1,-0.01,11,9,Banner,Lost,8,hot_win_number,Chose Non-Hot,17,42,NA,1,,18,Never,NA,Asian,Male,Non-Hispanic
P0236,2,-0.02,5,28,No Banner,Lost,0,NA,Chose Non-Hot,36,28,NA,1,,18,Never,NA,Asian,Male,Non-Hispanic
P0236,3,-0.03,21,25,No Banner,Lost,0,NA,Chose Non-Hot,33,53,NA,1,,18,Never,NA,Asian,Male,Non-Hispanic
P0236,4,-0.04,12,5,No Banner,Lost,0,NA,Chose Non-Hot,31,11,NA,1,,18,Never,NA,Asian,Male,Non-Hispanic
P0236,5,0.31,1,1,No Banner,Won,0,NA,Chose Non-Hot,0,NA,NA,1,,18,Never,NA,Asian,Male,Non-Hispanic
P0236,6,0.3,30,16,Banner,Lost,16,hot_win_number,Chose Non-Hot,47,5,NA,1,,18,Never,NA,Asian,Male,Non-Hispanic
P0236,7,0.29,6,11,No Banner,Lost,0,NA,Chose Non-Hot,19,3,NA,1,,18,Never,NA,Asian,Male,Non-Hispanic
P0236,8,0.27999999999999997,1,27,No Banner,Lost,0,NA,Chose Non-Hot,43,10,NA,1,,18,Never,NA,Asian,Male,Non-Hispanic
P0236,9,0.26999999999999996,9,36,Banner,Lost,2,nonhot_win_number,Chose Hot,89,22,NA,1,,18,Never,NA,Asian,Male,Non-Hispanic
P0236,10,0.25999999999999995,28,3,Banner,Lost,3,nonhot_win_number,Chose Hot,63,18,NA,1,,18,Never,NA,Asian,Male,Non-Hispanic
P0236,11,0.6099999999999999,26,26,No Banner,Won,0,NA,Chose Non-Hot,0,NA,NA,1,,18,Never,NA,Asian,Male,Non-Hispanic
P0236,12,0.5999999999999999,36,24,Banner,Lost,3,hot_win_number,Chose Hot,59,16,NA,1,,18,Never,NA,Asian,Male,Non-Hispanic
P0236,13,0.5899999999999999,21,35,Banner,Lost,8,nonhot_win_number,Chose Hot,66,11,NA,1,,18,Never,NA,Asian,Male,Non-Hispanic
P0236,14,0.5799999999999998,6,15,No Banner,Lost,0,NA,Chose Non-Hot,26,5,NA,1,,18,Never,NA,Asian,Male,Non-Hispanic
P0236,15,0.5699999999999998,1,2,No Banner,Lost,0,NA,Chose Non-Hot,39,23,NA,1,,18,Never,NA,Asian,Male,Non-Hispanic
P0236,16,0.9199999999999998,26,26,No Banner,Won,0,NA,Chose Non-Hot,0,NA,NA,1,,18,Never,NA,Asian,Male,Non-Hispanic
P0236,17,0.9099999999999998,10,6,No Banner,Lost,0,NA,Chose Non-Hot,31,21,NA,1,,18,Never,NA,Asian,Male,Non-Hispanic
P0236,18,0.8999999999999998,5,15,No Banner,Lost,0,NA,Chose Non-Hot,20,8,NA,1,,18,Never,NA,Asian,Male,Non-Hispanic
P0236,19,0.8899999999999998,35,22,Banner,Lost,1,nonhot_win_number,Chose Hot,94,6,NA,1,,18,Never,NA,Asian,Male,Non-Hispanic
P0236,20,0.8799999999999998,2,19,No Banner,Lost,0,NA,Chose Non-Hot,19,10,NA,1,,18,Never,NA,Asian,Male,Non-Hispanic
P0236,21,0.8699999999999998,34,19,Banner,Lost,1,nonhot_win_number,Chose Hot,78,20,NA,1,,18,Never,NA,Asian,Male,Non-Hispanic
P0236,22,1.2199999999999998,10,10,No Banner,Won,0,NA,Chose Non-Hot,0,NA,NA,1,,18,Never,NA,Asian,Male,Non-Hispanic
P0236,23,1.2099999999999995,11,36,Banner,Lost,16,nonhot_win_number,Chose Hot,65,24,NA,1,,18,Never,NA,Asian,Male,Non-Hispanic
P0236,24,1.1999999999999995,6,33,Banner,Lost,2,hot_win_number,Chose Hot,80,23,NA,1,,18,Never,NA,Asian,Male,Non-Hispanic
