prolific_pid,trial,chosen_number,winner_number,win_status,consider_set_size,outcome_rel_to_consider,is_no_consider_trial,winner_in_consider,choice_in_consider,regret_chosen,regret_notchosen_winner,comp_tries_to_pass,feedback,age,gamble_freq_12mo,hot_reliance,race,gender,ethnicity
P0004,1,15,31,Lost,0,NA,TRUE,FALSE,FALSE,8,14,2,"It seemed like a lot of the early ones were in the single digits so I was picking those. Then I kind of went with some ""favorite"" numbers.",38,Never,NA,White,Male,Non-Hispanic
P0004,2,3,7,Lost,8,winner_in_set,FALSE,TRUE,TRUE,15,22,2,"It seemed like a lot of the early ones were in the single digits so I was picking those. Then I kind of went with some ""favorite"" numbers.",38,Never,NA,White,Male,Non-Hispanic
P0004,3,20,5,Lost,1,winner_not_in_set,FALSE,FALSE,TRUE,9,12,2,"It seemed like a lot of the early ones were in the single digits so I was picking those. Then I kind of went with some ""favorite"" numbers.",38,Never,NA,White,Male,Non-Hispanic
P0004,4,16,14,Lost,1,winner_not_in_set,FALSE,FALSE,TRUE,10,15,2,"It seemed like a lot of the early ones were in the single digits so I was picking those. Then I kind of went with some ""favorite"" numbers.",38,Never,NA,White,Male,Non-Hispanic
P0004,5,8,2,Lost,16,winner_in_set,FALSE,TRUE,TRUE,4,14,2,"It seemed like a lot of the early ones were in the single digits so I was picking those. Then I kind of went with some ""favorite"" numbers.",38,Never,NA,White,Male,Non-Hispanic
P0004,6,4,4,Won,16,NA,FALSE,TRUE,TRUE,0,NA,2,"It seemed like a lot of the early ones were in the single digits so I was picking those. Then I kind of went with some ""favorite"" numbers.",38,Never,NA,White,Male,Non-Hispanic
P0004,7,1,5,Lost,2,winner_in_set,FALSE,TRUE,TRUE,24,41,2,"It seemed like a lot of the early ones were in the single digits so I was picking those. Then I kind of went with some ""favorite"" numbers.",38,Never,NA,White,Male,Non-Hispanic
P0004,8,1,36,Lost,1,winner_not_in_set,FALSE,FALSE,TRUE,4,6,2,"It seemed like a lot of the early ones were in the single digits so I was picking those. Then I kind of went with some ""favorite"" numbers.",38,Never,NA,White,Male,Non-Hispanic
P0004,9,9,34,Lost,8,winner_not_in_set,FALSE,FALSE,TRUE,3,5,2,"It seemed like a lot of the early ones were in the single digits so I was picking those. Then I kind of went with some ""favorite"" numbers.",38,Never,NA,White,Male,Non-Hispanic
P0004,10,1,3,Lost,3,winner_in_set,FALSE,TRUE,TRUE,10,24,2,"It seemed like a lot of the early ones were in the single digits so I was picking those. Then I kind of went with some ""favorite"" numbers.",38,Never,NA,White,Male,Non-Hispanic
P0004,11,1,30,Lost,1,winner_not_in_set,FALSE,FALSE,TRUE,1,3,2,"It seemed like a lot of the early ones were in the single digits so I was picking those. Then I kind of went with some ""favorite"" numbers.",38,Never,NA,White,Male,Non-Hispanic
P0004,12,7,7,Won,8,NA,FALSE,TRUE,TRUE,0,NA,2,"It seemed like a lot of the early ones were in the single digits so I was picking those. Then I kind of went with some ""favorite"" numbers.",38,Never,NA,White,Male,Non-Hispanic
P0004,13,1,3,Lost,3,winner_in_set,FALSE,TRUE,TRUE,17,33,2,"It seemed like a lot of the early ones were in the single digits so I was picking those. Then I kind of went with some ""favorite"" numbers.",38,Never,NA,White,Male,Non-Hispanic
P0004,14,1,29,Lost,2,winner_not_in_set,FALSE,FALSE,TRUE,1,3,2,"It seemed like a lot of the early ones were in the single digits so I was picking those. Then I kind of went with some ""favorite"" numbers.",38,Never,NA,White,Male,Non-Hispanic
P0004,15,1,16,Lost,0,NA,TRUE,FALSE,FALSE,0,3,2,"It seemed like a lot of the early ones were in the single digits so I was picking those. Then I kind of went with some ""favorite"" numbers.",38,Never,NA,White,Male,Non-Hispanic
P0004,16,1,1,Won,2,NA,FALSE,TRUE,TRUE,0,NA,2,"It seemed like a lot of the early ones were in the single digits so I was picking those. Then I kind of went with some ""favorite"" numbers.",38,Never,NA,White,Male,Non-Hispanic
P0004,17,34,33,Lost,2,winner_not_in_set,FALSE,FALSE,TRUE,4,11,2,"It seemed like a lot of the early ones were in the single digits so I was picking those. Then I kind of went with some ""favorite"" numbers.",38,Never,NA,White,Male,Non-Hispanic
P0004,18,22,28,Lost,16,winner_not_in_set,FALSE,FALSE,TRUE,2,4,2,"It seemed like a lot of the early ones were in the single digits so I was picking those. Then I kind of went with some ""favorite"" numbers.",38,Never,NA,White,Male,Non-Hispanic
P0004,19,21,29,Lost,3,winner_not_in_set,FALSE,FALSE,TRUE,1,4,2,"It seemed like a lot of the early ones were in the single digits so I was picking those. Then I kind of went with some ""favorite"" numbers.",38,Never,NA,White,Male,Non-Hispanic
P0004,20,22,34,Lost,8,winner_not_in_set,FALSE,FALSE,TRUE,1,3,2,"It seemed like a lot of the early ones were in the single digits so I was picking those. Then I kind of went with some ""favorite"" numbers.",38,Never,NA,White,Male,Non-Hispanic
P0004,21,22,9,Lost,0,NA,TRUE,FALSE,FALSE,4,7,2,"It seemed like a lot of the early ones were in the single digits so I was picking those. Then I kind of went with some ""favorite"" numbers.",38,Never,NA,White,Male,Non-Hispanic
P0004,22,22,35,Lost,3,winner_not_in_set,FALSE,FALSE,TRUE,1,3,2,"It seemed like a lot of the early ones were in the single digits so I was picking those. Then I kind of went with some ""favorite"" numbers.",38,Never,NA,White,Male,Non-Hispanic
P0004,23,22,22,Won,0,NA,TRUE,FALSE,FALSE,0,NA,2,"It seemed like a lot of the early ones were in the single digits so I was picking those. Then I kind of went with some ""favorite"" numbers.",38,Never,NA,White,Male,Non-Hispanic
P0004,24,27,28,Lost,16,winner_in_set,FALSE,TRUE,TRUE,8,15,2,"It seemed like a lot of the early ones were in the single digits so I was picking those. Then I kind of went with some ""favorite"" numbers.",38,Never,NA,White,Male,Non-Hispanic
P0006,1,12,13,Lost,16,winner_not_in_set,FALSE,FALSE,TRUE,100,79,1,I chose randomly and hoped for the best,33,Never,NA,Asian,Male,Non-Hispanic
P0006,2,20,8,Lost,0,NA,TRUE,FALSE,FALSE,100,66,1,I chose randomly and hoped for the best,33,Never,NA,Asian,Male,Non-Hispanic
P0006,3,17,17,Won,1,NA,FALSE,TRUE,TRUE,0,NA,1,I chose randomly and hoped for the best,33,Never,NA,Asian,Male,Non-Hispanic
P0006,4,21,11,Lost,2,winner_in_set,FALSE,TRUE,TRUE,100,100,1,I chose randomly and hoped for the best,33,Never,NA,Asian,Male,Non-Hispanic
P0006,5,15,12,Lost,16,winner_in_set,FALSE,TRUE,TRUE,100,100,1,I chose randomly and hoped for the best,33,Never,NA,Asian,Male,Non-Hispanic
P0006,6,12,8,Lost,3,winner_in_set,FALSE,TRUE,TRUE,100,75,1,I chose randomly and hoped for the best,33,Never,NA,Asian,Male,Non-Hispanic
P0006,7,12,21,Lost,3,winner_in_set,FALSE,TRUE,TRUE,100,100,1,I chose randomly and hoped for the best,33,Never,NA,Asian,Male,Non-Hispanic
P0006,8,12,11,Lost,3,winner_not_in_set,FALSE,FALSE,TRUE,100,100,1,I chose randomly and hoped for the best,33,Never,NA,Asian,Male,Non-Hispanic
P0006,9,12,11,Lost,2,winner_in_set,FALSE,TRUE,TRUE,100,100,1,I chose randomly and hoped for the best,33,Never,NA,Asian,Male,Non-Hispanic
P0006,10,12,19,Lost,3,winner_not_in_set,FALSE,FALSE,TRUE,100,69,1,I chose randomly and hoped for the best,33,Never,NA,Asian,Male,Non-Hispanic
P0006,11,12,4,Lost,8,winner_not_in_set,FALSE,FALSE,TRUE,100,50,1,I chose randomly and hoped for the best,33,Never,NA,Asian,Male,Non-Hispanic
P0006,12,12,12,Won,0,NA,TRUE,FALSE,FALSE,0,NA,1,I chose randomly and hoped for the best,33,Never,NA,Asian,Male,Non-Hispanic
P0006,13,12,8,Lost,16,winner_in_set,FALSE,TRUE,TRUE,100,34,1,I chose randomly and hoped for the best,33,Never,NA,Asian,Male,Non-Hispanic
P0006,14,12,14,Lost,0,NA,TRUE,FALSE,FALSE,100,72,1,I chose randomly and hoped for the best,33,Never,NA,Asian,Male,Non-Hispanic
P0006,15,12,24,Lost,16,winner_not_in_set,FALSE,FALSE,TRUE,100,17,1,I chose randomly and hoped for the best,33,Never,NA,Asian,Male,Non-Hispanic
P0006,16,12,12,Won,1,NA,FALSE,TRUE,TRUE,0,NA,1,I chose randomly and hoped for the best,33,Never,NA,Asian,Male,Non-Hispanic
P0006,17,12,21,Lost,1,winner_not_in_set,FALSE,FALSE,TRUE,100,48,1,I chose randomly and hoped for the best,33,Never,NA,Asian,Male,Non-Hispanic
P0006,18,12,19,Lost,8,winner_in_set,FALSE,TRUE,TRUE,100,79,1,I chose randomly and hoped for the best,33,Never,NA,Asian,Male,Non-Hispanic
P0006,19,12,3,Lost,8,winner_in_set,FALSE,TRUE,TRUE,100,87,1,I chose randomly and hoped for the best,33,Never,NA,Asian,Male,Non-Hispanic
P0006,20,12,14,Lost,2,winner_not_in_set,FALSE,FALSE,TRUE,100,21,1,I chose randomly and hoped for the best,33,Never,NA,Asian,Male,Non-Hispanic
P0006,21,12,35,Lost,0,NA,TRUE,FALSE,FALSE,100,29,1,I chose randomly and hoped for the best,33,Never,NA,Asian,Male,Non-Hispanic
P0006,22,12,13,Lost,1,winner_not_in_set,FALSE,FALSE,TRUE,100,80,1,I chose randomly and hoped for the best,33,Never,NA,Asian,Male,Non-Hispanic
P0006,23,12,12,Won,8,NA,FALSE,TRUE,TRUE,0,NA,1,I chose randomly and hoped for the best,33,Never,NA,Asian,Male,Non-Hispanic
P0006,24,12,7,Lost,2,winner_not_in_set,FALSE,FALSE,TRUE,100,12,1,I chose randomly and hoped for the best,33,Never,NA,Asian,Male,Non-Hispanic
P0009,1,28,7,Lost,16,winner_not_in_set,FALSE,FALSE,TRUE,52,60,3,I guessed to the best of my ability,50,Never,NA,White,Female,Non-Hispanic
P0009,2,15,14,Lost,8,winner_in_set,FALSE,TRUE,TRUE,29,53,3,I guessed to the best of my ability,50,Never,NA,White,Female,Non-Hispanic
P0009,3,1,8,Lost,3,winner_not_in_set,FALSE,FALSE,TRUE,59,77,3,I guessed to the best of my ability,50,Never,NA,White,Female,Non-Hispanic
P0009,4,16,9,Lost,3,winner_in_set,FALSE,TRUE,TRUE,39,62,3,I guessed to the best of my ability,50,Never,NA,White,Female,Non-Hispanic
P0009,5,7,7,Won,3,NA,FALSE,TRUE,TRUE,0,NA,3,I guessed to the best of my ability,50,Never,NA,White,Female,Non-Hispanic
P0009,6,21,4,Lost,2,winner_not_in_set,FALSE,FALSE,TRUE,67,70,3,I guessed to the best of my ability,50,Never,NA,White,Female,Non-Hispanic
P0009,7,9,6,Lost,0,NA,TRUE,FALSE,FALSE,66,55,3,I guessed to the best of my ability,50,Never,NA,White,Female,Non-Hispanic
P0009,8,16,36,Lost,8,winner_not_in_set,FALSE,FALSE,TRUE,57,78,3,I guessed to the best of my ability,50,Never,NA,White,Female,Non-Hispanic
P0009,9,9,29,Lost,0,NA,TRUE,FALSE,FALSE,58,61,3,I guessed to the best of my ability,50,Never,NA,White,Female,Non-Hispanic
P0009,10,28,10,Lost,16,winner_in_set,FALSE,TRUE,TRUE,54,69,3,I guessed to the best of my ability,50,Never,NA,White,Female,Non-Hispanic
P0009,11,8,26,Lost,1,winner_not_in_set,FALSE,FALSE,TRUE,27,20,3,I guessed to the best of my ability,50,Never,NA,White,Female,Non-Hispanic
P0009,12,17,17,Won,1,NA,FALSE,TRUE,TRUE,0,NA,3,I guessed to the best of my ability,50,Never,NA,White,Female,Non-Hispanic
P0009,13,22,30,Lost,3,winner_not_in_set,FALSE,FALSE,TRUE,52,63,3,I guessed to the best of my ability,50,Never,NA,White,Female,Non-Hispanic
P0009,14,15,9,Lost,2,winner_in_set,FALSE,TRUE,TRUE,52,61,3,I guessed to the best of my ability,50,Never,NA,White,Female,Non-Hispanic
P0009,15,34,34,Won,2,NA,FALSE,TRUE,TRUE,0,NA,3,I guessed to the best of my ability,50,Never,NA,White,Female,Non-Hispanic
P0009,16,17,36,Lost,16,winner_in_set,FALSE,TRUE,TRUE,60,78,3,I guessed to the best of my ability,50,Never,NA,White,Female,Non-Hispanic
P0009,17,36,18,Lost,16,winner_not_in_set,FALSE,FALSE,TRUE,61,60,3,I guessed to the best of my ability,50,Never,NA,White,Female,Non-Hispanic
P0009,18,21,3,Lost,8,winner_not_in_set,FALSE,FALSE,TRUE,67,69,3,I guessed to the best of my ability,50,Never,NA,White,Female,Non-Hispanic
P0009,19,27,4,Lost,8,winner_in_set,FALSE,TRUE,TRUE,54,59,3,I guessed to the best of my ability,50,Never,NA,White,Female,Non-Hispanic
P0009,20,20,31,Lost,2,winner_not_in_set,FALSE,FALSE,TRUE,53,63,3,I guessed to the best of my ability,50,Never,NA,White,Female,Non-Hispanic
P0009,21,15,29,Lost,0,NA,TRUE,FALSE,FALSE,31,36,3,I guessed to the best of my ability,50,Never,NA,White,Female,Non-Hispanic
P0009,22,35,35,Won,1,NA,FALSE,TRUE,TRUE,0,NA,3,I guessed to the best of my ability,50,Never,NA,White,Female,Non-Hispanic
P0009,23,9,28,Lost,1,winner_not_in_set,FALSE,FALSE,TRUE,50,61,3,I guessed to the best of my ability,50,Never,NA,White,Female,Non-Hispanic
P0009,24,33,23,Lost,0,NA,TRUE,FALSE,FALSE,52,46,3,I guessed to the best of my ability,50,Never,NA,White,Female,Non-Hispanic
P0010,1,22,28,Lost,16,winner_not_in_set,FALSE,FALSE,TRUE,80,100,1,I just tried to guess the best I could,57,Never,NA,White,Female,Non-Hispanic
P0010,2,28,14,Lost,16,winner_in_set,FALSE,TRUE,TRUE,100,100,1,I just tried to guess the best I could,57,Never,NA,White,Female,Non-Hispanic
P0010,3,9,18,Lost,3,winner_not_in_set,FALSE,FALSE,TRUE,100,100,1,I just tried to guess the best I could,57,Never,NA,White,Female,Non-Hispanic
P0010,4,28,8,Lost,0,NA,TRUE,FALSE,FALSE,100,100,1,I just tried to guess the best I could,57,Never,NA,White,Female,Non-Hispanic
P0010,5,17,6,Lost,2,winner_not_in_set,FALSE,FALSE,TRUE,100,100,1,I just tried to guess the best I could,57,Never,NA,White,Female,Non-Hispanic
P0010,6,34,34,Won,8,NA,FALSE,TRUE,TRUE,0,NA,1,I just tried to guess the best I could,57,Never,NA,White,Female,Non-Hispanic
P0010,7,34,33,Lost,16,winner_in_set,FALSE,TRUE,TRUE,100,100,1,I just tried to guess the best I could,57,Never,NA,White,Female,Non-Hispanic
P0010,8,10,17,Lost,16,winner_not_in_set,FALSE,FALSE,TRUE,100,100,1,I just tried to guess the best I could,57,Never,NA,White,Female,Non-Hispanic
P0010,9,16,25,Lost,0,NA,TRUE,FALSE,FALSE,100,100,1,I just tried to guess the best I could,57,Never,NA,White,Female,Non-Hispanic
P0010,10,21,21,Won,8,NA,FALSE,TRUE,TRUE,100,NA,1,I just tried to guess the best I could,57,Never,NA,White,Female,Non-Hispanic
P0010,11,29,8,Lost,1,winner_not_in_set,FALSE,FALSE,TRUE,100,100,1,I just tried to guess the best I could,57,Never,NA,White,Female,Non-Hispanic
P0010,12,16,30,Lost,3,winner_not_in_set,FALSE,FALSE,TRUE,100,100,1,I just tried to guess the best I could,57,Never,NA,White,Female,Non-Hispanic
P0010,13,28,24,Lost,1,winner_not_in_set,FALSE,FALSE,TRUE,100,100,1,I just tried to guess the best I could,57,Never,NA,White,Female,Non-Hispanic
P0010,14,17,29,Lost,1,winner_not_in_set,FALSE,FALSE,TRUE,99,100,1,I just tried to guess the best I could,57,Never,NA,White,Female,Non-Hispanic
P0010,15,10,16,Lost,8,winner_not_in_set,FALSE,FALSE,TRUE,100,100,1,I just tried to guess the best I could,57,Never,NA,White,Female,Non-Hispanic
P0010,16,16,16,Won,0,NA,TRUE,FALSE,FALSE,0,NA,1,I just tried to guess the best I could,57,Never,NA,White,Female,Non-Hispanic
P0010,17,29,31,Lost,2,winner_in_set,FALSE,TRUE,TRUE,100,100,1,I just tried to guess the best I could,57,Never,NA,White,Female,Non-Hispanic
P0010,18,34,36,Lost,8,winner_in_set,FALSE,TRUE,TRUE,100,100,1,I just tried to guess the best I could,57,Never,NA,White,Female,Non-Hispanic
P0010,19,11,23,Lost,3,winner_in_set,FALSE,TRUE,TRUE,100,100,1,I just tried to guess the best I could,57,Never,NA,White,Female,Non-Hispanic
P0010,20,1,15,Lost,2,winner_in_set,FALSE,TRUE,TRUE,100,100,1,I just tried to guess the best I could,57,Never,NA,White,Female,Non-Hispanic
P0010,21,13,25,Lost,2,winner_not_in_set,FALSE,FALSE,TRUE,100,100,1,I just tried to guess the best I could,57,Never,NA,White,Female,Non-Hispanic
P0010,22,29,29,Won,0,NA,TRUE,FALSE,FALSE,100,NA,1,I just tried to guess the best I could,57,Never,NA,White,Female,Non-Hispanic
P0010,23,8,5,Lost,1,winner_not_in_set,FALSE,FALSE,TRUE,100,100,1,I just tried to guess the best I could,57,Never,NA,White,Female,Non-Hispanic
P0010,24,35,11,Lost,3,winner_in_set,FALSE,TRUE,TRUE,100,100,1,I just tried to guess the best I could,57,Never,NA,White,Female,Non-Hispanic
P0012,1,22,32,Lost,3,winner_not_in_set,FALSE,FALSE,TRUE,0,4,2,I just clicked randomly. I didn't think there was really any kind of strategy.,42,Never,NA,,Male,Non-Hispanic
P0012,2,8,18,Lost,2,winner_not_in_set,FALSE,FALSE,TRUE,0,7,2,I just clicked randomly. I didn't think there was really any kind of strategy.,42,Never,NA,,Male,Non-Hispanic
P0012,3,22,18,Lost,1,winner_not_in_set,FALSE,FALSE,TRUE,0,5,2,I just clicked randomly. I didn't think there was really any kind of strategy.,42,Never,NA,,Male,Non-Hispanic
P0012,4,18,22,Lost,2,winner_in_set,FALSE,TRUE,TRUE,1,6,2,I just clicked randomly. I didn't think there was really any kind of strategy.,42,Never,NA,,Male,Non-Hispanic
P0012,5,21,21,Won,0,NA,TRUE,FALSE,FALSE,0,NA,2,I just clicked randomly. I didn't think there was really any kind of strategy.,42,Never,NA,,Male,Non-Hispanic
P0012,6,22,24,Lost,1,winner_not_in_set,FALSE,FALSE,TRUE,0,7,2,I just clicked randomly. I didn't think there was really any kind of strategy.,42,Never,NA,,Male,Non-Hispanic
P0012,7,20,11,Lost,8,winner_not_in_set,FALSE,FALSE,TRUE,0,4,2,I just clicked randomly. I didn't think there was really any kind of strategy.,42,Never,NA,,Male,Non-Hispanic
P0012,8,15,3,Lost,16,winner_not_in_set,FALSE,FALSE,TRUE,0,4,2,I just clicked randomly. I didn't think there was really any kind of strategy.,42,Never,NA,,Male,Non-Hispanic
P0012,9,10,11,Lost,3,winner_in_set,FALSE,TRUE,TRUE,4,6,2,I just clicked randomly. I didn't think there was really any kind of strategy.,42,Never,NA,,Male,Non-Hispanic
P0012,10,22,30,Lost,16,winner_in_set,FALSE,TRUE,TRUE,0,3,2,I just clicked randomly. I didn't think there was really any kind of strategy.,42,Never,NA,,Male,Non-Hispanic
P0012,11,15,15,Won,16,NA,FALSE,TRUE,TRUE,0,NA,2,I just clicked randomly. I didn't think there was really any kind of strategy.,42,Never,NA,,Male,Non-Hispanic
P0012,12,15,24,Lost,8,winner_in_set,FALSE,TRUE,TRUE,0,7,2,I just clicked randomly. I didn't think there was really any kind of strategy.,42,Never,NA,,Male,Non-Hispanic
P0012,13,15,7,Lost,16,winner_in_set,FALSE,TRUE,TRUE,0,3,2,I just clicked randomly. I didn't think there was really any kind of strategy.,42,Never,NA,,Male,Non-Hispanic
P0012,14,20,36,Lost,1,winner_not_in_set,FALSE,FALSE,TRUE,0,7,2,I just clicked randomly. I didn't think there was really any kind of strategy.,42,Never,NA,,Male,Non-Hispanic
P0012,15,10,10,Won,8,NA,FALSE,TRUE,TRUE,0,NA,2,I just clicked randomly. I didn't think there was really any kind of strategy.,42,Never,NA,,Male,Non-Hispanic
P0012,16,14,27,Lost,3,winner_not_in_set,FALSE,FALSE,TRUE,0,9,2,I just clicked randomly. I didn't think there was really any kind of strategy.,42,Never,NA,,Male,Non-Hispanic
P0012,17,26,16,Lost,0,NA,TRUE,FALSE,FALSE,0,9,2,I just clicked randomly. I didn't think there was really any kind of strategy.,42,Never,NA,,Male,Non-Hispanic
P0012,18,27,16,Lost,8,winner_not_in_set,FALSE,FALSE,TRUE,0,5,2,I just clicked randomly. I didn't think there was really any kind of strategy.,42,Never,NA,,Male,Non-Hispanic
P0012,19,23,20,Lost,3,winner_in_set,FALSE,TRUE,TRUE,0,5,2,I just clicked randomly. I didn't think there was really any kind of strategy.,42,Never,NA,,Male,Non-Hispanic
P0012,20,24,10,Lost,2,winner_not_in_set,FALSE,FALSE,TRUE,0,4,2,I just clicked randomly. I didn't think there was really any kind of strategy.,42,Never,NA,,Male,Non-Hispanic
P0012,21,17,3,Lost,0,NA,TRUE,FALSE,FALSE,0,12,2,I just clicked randomly. I didn't think there was really any kind of strategy.,42,Never,NA,,Male,Non-Hispanic
P0012,22,14,22,Lost,2,winner_in_set,FALSE,TRUE,TRUE,0,5,2,I just clicked randomly. I didn't think there was really any kind of strategy.,42,Never,NA,,Male,Non-Hispanic
P0012,23,28,31,Lost,0,NA,TRUE,FALSE,FALSE,0,9,2,I just clicked randomly. I didn't think there was really any kind of strategy.,42,Never,NA,,Male,Non-Hispanic
P0012,24,15,15,Won,1,NA,FALSE,TRUE,TRUE,0,NA,2,I just clicked randomly. I didn't think there was really any kind of strategy.,42,Never,NA,,Male,Non-Hispanic
P0018,1,25,11,Lost,2,winner_in_set,FALSE,TRUE,TRUE,96,100,1,It was all pretty much random so I just chose whatever was quickest to click. There were no patterns or anything that I really noticed.,33,Never,NA,White,Male,Non-Hispanic
P0018,2,8,1,Lost,1,winner_not_in_set,FALSE,FALSE,TRUE,20,11,1,It was all pretty much random so I just chose whatever was quickest to click. There were no patterns or anything that I really noticed.,33,Never,NA,White,Male,Non-Hispanic
P0018,3,27,10,Lost,8,winner_in_set,FALSE,TRUE,TRUE,59,51,1,It was all pretty much random so I just chose whatever was quickest to click. There were no patterns or anything that I really noticed.,33,Never,NA,White,Male,Non-Hispanic
P0018,4,19,26,Lost,8,winner_not_in_set,FALSE,FALSE,TRUE,5,15,1,It was all pretty much random so I just chose whatever was quickest to click. There were no patterns or anything that I really noticed.,33,Never,NA,White,Male,Non-Hispanic
P0018,5,11,13,Lost,16,winner_in_set,FALSE,TRUE,TRUE,23,45,1,It was all pretty much random so I just chose whatever was quickest to click. There were no patterns or anything that I really noticed.,33,Never,NA,White,Male,Non-Hispanic
P0018,6,33,33,Won,3,NA,FALSE,TRUE,TRUE,0,NA,1,It was all pretty much random so I just chose whatever was quickest to click. There were no patterns or anything that I really noticed.,33,Never,NA,White,Male,Non-Hispanic
P0018,7,14,20,Lost,2,winner_not_in_set,FALSE,FALSE,TRUE,6,18,1,It was all pretty much random so I just chose whatever was quickest to click. There were no patterns or anything that I really noticed.,33,Never,NA,White,Male,Non-Hispanic
P0018,8,30,18,Lost,1,winner_not_in_set,FALSE,FALSE,TRUE,12,8,1,It was all pretty much random so I just chose whatever was quickest to click. There were no patterns or anything that I really noticed.,33,Never,NA,White,Male,Non-Hispanic
P0018,9,5,5,Won,8,NA,FALSE,TRUE,TRUE,0,NA,1,It was all pretty much random so I just chose whatever was quickest to click. There were no patterns or anything that I really noticed.,33,Never,NA,White,Male,Non-Hispanic
P0018,10,2,3,Lost,0,NA,TRUE,FALSE,FALSE,19,46,1,It was all pretty much random so I just chose whatever was quickest to click. There were no patterns or anything that I really noticed.,33,Never,NA,White,Male,Non-Hispanic
P0018,11,6,29,Lost,1,winner_not_in_set,FALSE,FALSE,TRUE,5,12,1,It was all pretty much random so I just chose whatever was quickest to click. There were no patterns or anything that I really noticed.,33,Never,NA,White,Male,Non-Hispanic
P0018,12,36,15,Lost,0,NA,TRUE,FALSE,FALSE,1,7,1,It was all pretty much random so I just chose whatever was quickest to click. There were no patterns or anything that I really noticed.,33,Never,NA,White,Male,Non-Hispanic
P0018,13,1,18,Lost,2,winner_not_in_set,FALSE,FALSE,TRUE,5,10,1,It was all pretty much random so I just chose whatever was quickest to click. There were no patterns or anything that I really noticed.,33,Never,NA,White,Male,Non-Hispanic
P0018,14,5,7,Lost,0,NA,TRUE,FALSE,FALSE,7,20,1,It was all pretty much random so I just chose whatever was quickest to click. There were no patterns or anything that I really noticed.,33,Never,NA,White,Male,Non-Hispanic
P0018,15,16,6,Lost,3,winner_not_in_set,FALSE,FALSE,TRUE,7,4,1,It was all pretty much random so I just chose whatever was quickest to click. There were no patterns or anything that I really noticed.,33,Never,NA,White,Male,Non-Hispanic
P0018,16,13,13,Won,1,NA,FALSE,TRUE,TRUE,0,NA,1,It was all pretty much random so I just chose whatever was quickest to click. There were no patterns or anything that I really noticed.,33,Never,NA,White,Male,Non-Hispanic
P0018,17,20,18,Lost,16,winner_in_set,FALSE,TRUE,TRUE,3,8,1,It was all pretty much random so I just chose whatever was quickest to click. There were no patterns or anything that I really noticed.,33,Never,NA,White,Male,Non-Hispanic
P0018,18,7,21,Lost,16,winner_not_in_set,FALSE,FALSE,TRUE,3,8,1,It was all pretty much random so I just chose whatever was quickest to click. There were no patterns or anything that I really noticed.,33,Never,NA,White,Male,Non-Hispanic
P0018,19,5,33,Lost,2,winner_in_set,FALSE,TRUE,TRUE,67,93,1,It was all pretty much random so I just chose whatever was quickest to click. There were no patterns or anything that I really noticed.,33,Never,NA,White,Male,Non-Hispanic
P0018,20,20,23,Lost,3,winner_in_set,FALSE,TRUE,TRUE,64,89,1,It was all pretty much random so I just chose whatever was quickest to click. There were no patterns or anything that I really noticed.,33,Never,NA,White,Male,Non-Hispanic
P0018,21,21,21,Won,8,NA,FALSE,TRUE,TRUE,0,NA,1,It was all pretty much random so I just chose whatever was quickest to click. There were no patterns or anything that I really noticed.,33,Never,NA,White,Male,Non-Hispanic
P0018,22,15,3,Lost,0,NA,TRUE,FALSE,FALSE,10,9,1,It was all pretty much random so I just chose whatever was quickest to click. There were no patterns or anything that I really noticed.,33,Never,NA,White,Male,Non-Hispanic
P0018,23,14,16,Lost,16,winner_not_in_set,FALSE,FALSE,TRUE,3,6,1,It was all pretty much random so I just chose whatever was quickest to click. There were no patterns or anything that I really noticed.,33,Never,NA,White,Male,Non-Hispanic
P0018,24,15,13,Lost,3,winner_not_in_set,FALSE,FALSE,TRUE,3,5,1,It was all pretty much random so I just chose whatever was quickest to click. There were no patterns or anything that I really noticed.,33,Never,NA,White,Male,Non-Hispanic
P0021,1,22,7,Lost,2,winner_in_set,FALSE,TRUE,TRUE,100,93,1,I just went with my gut,36,Never,NA,White,Female,Non-Hispanic
P0021,2,21,36,Lost,3,winner_not_in_set,FALSE,FALSE,TRUE,100,100,1,I just went with my gut,36,Never,NA,White,Female,Non-Hispanic
P0021,3,17,34,Lost,0,NA,TRUE,FALSE,FALSE,100,100,1,I just went with my gut,36,Never,NA,White,Female,Non-Hispanic
P0021,4,26,26,Won,8,NA,FALSE,TRUE,TRUE,0,NA,1,I just went with my gut,36,Never,NA,White,Female,Non-Hispanic
P0021,5,12,23,Lost,16,winner_not_in_set,FALSE,FALSE,TRUE,100,100,1,I just went with my gut,36,Never,NA,White,Female,Non-Hispanic
P0021,6,10,2,Lost,1,winner_not_in_set,FALSE,FALSE,TRUE,100,100,1,I just went with my gut,36,Never,NA,White,Female,Non-Hispanic
P0021,7,12,22,Lost,3,winner_in_set,FALSE,TRUE,TRUE,100,98,1,I just went with my gut,36,Never,NA,White,Female,Non-Hispanic
P0021,8,24,27,Lost,8,winner_in_set,FALSE,TRUE,TRUE,100,100,1,I just went with my gut,36,Never,NA,White,Female,Non-Hispanic
P0021,9,30,8,Lost,8,winner_not_in_set,FALSE,FALSE,TRUE,100,99,1,I just went with my gut,36,Never,NA,White,Female,Non-Hispanic
P0021,10,9,9,Won,2,NA,FALSE,TRUE,TRUE,0,NA,1,I just went with my gut,36,Never,NA,White,Female,Non-Hispanic
P0021,11,3,15,Lost,1,winner_not_in_set,FALSE,FALSE,TRUE,100,100,1,I just went with my gut,36,Never,NA,White,Female,Non-Hispanic
P0021,12,23,34,Lost,2,winner_not_in_set,FALSE,FALSE,TRUE,100,99,1,I just went with my gut,36,Never,NA,White,Female,Non-Hispanic
P0021,13,21,34,Lost,16,winner_in_set,FALSE,TRUE,TRUE,100,100,1,I just went with my gut,36,Never,NA,White,Female,Non-Hispanic
P0021,14,15,13,Lost,3,winner_in_set,FALSE,TRUE,TRUE,100,100,1,I just went with my gut,36,Never,NA,White,Female,Non-Hispanic
P0021,15,4,4,Won,3,NA,FALSE,TRUE,TRUE,0,NA,1,I just went with my gut,36,Never,NA,White,Female,Non-Hispanic
P0021,16,20,34,Lost,16,winner_in_set,FALSE,TRUE,TRUE,100,100,1,I just went with my gut,36,Never,NA,White,Female,Non-Hispanic
P0021,17,34,27,Lost,8,winner_in_set,FALSE,TRUE,TRUE,100,100,1,I just went with my gut,36,Never,NA,White,Female,Non-Hispanic
P0021,18,34,29,Lost,0,NA,TRUE,FALSE,FALSE,100,100,1,I just went with my gut,36,Never,NA,White,Female,Non-Hispanic
P0021,19,28,25,Lost,0,NA,TRUE,FALSE,FALSE,100,100,1,I just went with my gut,36,Never,NA,White,Female,Non-Hispanic
P0021,20,9,10,Lost,1,winner_not_in_set,FALSE,FALSE,TRUE,100,100,1,I just went with my gut,36,Never,NA,White,Female,Non-Hispanic
P0021,21,34,24,Lost,0,NA,TRUE,FALSE,FALSE,100,100,1,I just went with my gut,36,Never,NA,White,Female,Non-Hispanic
P0021,22,5,2,Lost,1,winner_not_in_set,FALSE,FALSE,TRUE,100,100,1,I just went with my gut,36,Never,NA,White,Female,Non-Hispanic
P0021,23,34,34,Won,16,NA,FALSE,TRUE,TRUE,0,NA,1,I just went with my gut,36,Never,NA,White,Female,Non-Hispanic
P0021,24,27,29,Lost,2,winner_not_in_set,FALSE,FALSE,TRUE,100,100,1,I just went with my gut,36,Never,NA,White,Female,Non-Hispanic
P0027,1,8,29,Lost,8,winner_not_in_set,FALSE,FALSE,TRUE,5,50,1,Just used gut feeling and picked out numbers that I liked.,38,A few times,NA,White,Male,Hispanic
P0027,2,8,21,Lost,8,winner_in_set,FALSE,TRUE,TRUE,60,50,1,Just used gut feeling and picked out numbers that I liked.,38,A few times,NA,White,Male,Hispanic
P0027,3,10,14,Lost,1,winner_not_in_set,FALSE,FALSE,TRUE,2,25,1,Just used gut feeling and picked out numbers that I liked.,38,A few times,NA,White,Male,Hispanic
P0027,4,4,22,Lost,16,winner_not_in_set,FALSE,FALSE,TRUE,35,30,1,Just used gut feeling and picked out numbers that I liked.,38,A few times,NA,White,Male,Hispanic
P0027,5,17,17,Won,16,NA,FALSE,TRUE,TRUE,0,NA,1,Just used gut feeling and picked out numbers that I liked.,38,A few times,NA,White,Male,Hispanic
P0027,6,12,24,Lost,16,winner_in_set,FALSE,TRUE,TRUE,20,12,1,Just used gut feeling and picked out numbers that I liked.,38,A few times,NA,White,Male,Hispanic
P0027,7,10,31,Lost,2,winner_not_in_set,FALSE,FALSE,TRUE,45,20,1,Just used gut feeling and picked out numbers that I liked.,38,A few times,NA,White,Male,Hispanic
P0027,8,2,4,Lost,0,NA,TRUE,FALSE,FALSE,55,70,1,Just used gut feeling and picked out numbers that I liked.,38,A few times,NA,White,Male,Hispanic
P0027,9,10,10,Won,2,NA,FALSE,TRUE,TRUE,0,NA,1,Just used gut feeling and picked out numbers that I liked.,38,A few times,NA,White,Male,Hispanic
P0027,10,35,30,Lost,3,winner_not_in_set,FALSE,FALSE,TRUE,20,52,1,Just used gut feeling and picked out numbers that I liked.,38,A few times,NA,White,Male,Hispanic
P0027,11,10,16,Lost,0,NA,TRUE,FALSE,FALSE,61,9,1,Just used gut feeling and picked out numbers that I liked.,38,A few times,NA,White,Male,Hispanic
P0027,12,8,16,Lost,16,winner_in_set,FALSE,TRUE,TRUE,44,17,1,Just used gut feeling and picked out numbers that I liked.,38,A few times,NA,White,Male,Hispanic
P0027,13,28,17,Lost,1,winner_not_in_set,FALSE,FALSE,TRUE,45,20,1,Just used gut feeling and picked out numbers that I liked.,38,A few times,NA,White,Male,Hispanic
P0027,14,17,22,Lost,8,winner_in_set,FALSE,TRUE,TRUE,37,9,1,Just used gut feeling and picked out numbers that I liked.,38,A few times,NA,White,Male,Hispanic
P0027,15,12,17,Lost,0,NA,TRUE,FALSE,FALSE,50,6,1,Just used gut feeling and picked out numbers that I liked.,38,A few times,NA,White,Male,Hispanic
P0027,16,6,6,Won,1,NA,FALSE,TRUE,TRUE,0,NA,1,Just used gut feeling and picked out numbers that I liked.,38,A few times,NA,White,Male,Hispanic
P0027,17,32,4,Lost,0,NA,TRUE,FALSE,FALSE,51,43,1,Just used gut feeling and picked out numbers that I liked.,38,A few times,NA,White,Male,Hispanic
P0027,18,27,28,Lost,3,winner_in_set,FALSE,TRUE,TRUE,14,65,1,Just used gut feeling and picked out numbers that I liked.,38,A few times,NA,White,Male,Hispanic
P0027,19,6,4,Lost,3,winner_in_set,FALSE,TRUE,TRUE,74,63,1,Just used gut feeling and picked out numbers that I liked.,38,A few times,NA,White,Male,Hispanic
P0027,20,1,2,Lost,2,winner_in_set,FALSE,TRUE,TRUE,22,74,1,Just used gut feeling and picked out numbers that I liked.,38,A few times,NA,White,Male,Hispanic
P0027,21,10,23,Lost,8,winner_not_in_set,FALSE,FALSE,TRUE,60,4,1,Just used gut feeling and picked out numbers that I liked.,38,A few times,NA,White,Male,Hispanic
P0027,22,24,24,Won,1,NA,FALSE,TRUE,TRUE,0,NA,1,Just used gut feeling and picked out numbers that I liked.,38,A few times,NA,White,Male,Hispanic
P0027,23,15,16,Lost,2,winner_in_set,FALSE,TRUE,TRUE,68,71,1,Just used gut feeling and picked out numbers that I liked.,38,A few times,NA,White,Male,Hispanic
P0027,24,32,30,Lost,3,winner_not_in_set,FALSE,FALSE,TRUE,54,67,1,Just used gut feeling and picked out numbers that I liked.,38,A few times,NA,White,Male,Hispanic
P0031,1,9,6,Lost,1,winner_not_in_set,FALSE,FALSE,TRUE,95,66,1,I just guessed.,31,Never,NA,Asian,Male,Non-Hispanic
P0031,2,23,17,Lost,16,winner_not_in_set,FALSE,FALSE,TRUE,90,70,1,I just guessed.,31,Never,NA,Asian,Male,Non-Hispanic
P0031,3,9,26,Lost,1,winner_not_in_set,FALSE,FALSE,TRUE,90,68,1,I just guessed.,31,Never,NA,Asian,Male,Non-Hispanic
P0031,4,9,31,Lost,0,NA,TRUE,FALSE,FALSE,91,60,1,I just guessed.,31,Never,NA,Asian,Male,Non-Hispanic
P0031,5,21,23,Lost,16,winner_in_set,FALSE,TRUE,TRUE,91,70,1,I just guessed.,31,Never,NA,Asian,Male,Non-Hispanic
P0031,6,16,16,Won,0,NA,TRUE,FALSE,FALSE,0,NA,1,I just guessed.,31,Never,NA,Asian,Male,Non-Hispanic
P0031,7,15,14,Lost,16,winner_in_set,FALSE,TRUE,TRUE,96,90,1,I just guessed.,31,Never,NA,Asian,Male,Non-Hispanic
P0031,8,13,24,Lost,1,winner_not_in_set,FALSE,FALSE,TRUE,90,70,1,I just guessed.,31,Never,NA,Asian,Male,Non-Hispanic
P0031,9,21,20,Lost,3,winner_in_set,FALSE,TRUE,TRUE,94,91,1,I just guessed.,31,Never,NA,Asian,Male,Non-Hispanic
P0031,10,32,3,Lost,8,winner_not_in_set,FALSE,FALSE,TRUE,91,55,1,I just guessed.,31,Never,NA,Asian,Male,Non-Hispanic
P0031,11,14,1,Lost,8,winner_not_in_set,FALSE,FALSE,TRUE,92,34,1,I just guessed.,31,Never,NA,Asian,Male,Non-Hispanic
P0031,12,12,12,Won,2,NA,FALSE,TRUE,TRUE,0,NA,1,I just guessed.,31,Never,NA,Asian,Male,Non-Hispanic
P0031,13,20,7,Lost,3,winner_not_in_set,FALSE,FALSE,TRUE,87,60,1,I just guessed.,31,Never,NA,Asian,Male,Non-Hispanic
P0031,14,27,20,Lost,8,winner_in_set,FALSE,TRUE,TRUE,93,89,1,I just guessed.,31,Never,NA,Asian,Male,Non-Hispanic
P0031,15,22,22,Won,0,NA,TRUE,FALSE,FALSE,0,NA,1,I just guessed.,31,Never,NA,Asian,Male,Non-Hispanic
P0031,16,4,1,Lost,3,winner_not_in_set,FALSE,FALSE,TRUE,93,84,1,I just guessed.,31,Never,NA,Asian,Male,Non-Hispanic
P0031,17,19,20,Lost,3,winner_in_set,FALSE,TRUE,TRUE,94,80,1,I just guessed.,31,Never,NA,Asian,Male,Non-Hispanic
P0031,18,23,10,Lost,16,winner_not_in_set,FALSE,FALSE,TRUE,91,62,1,I just guessed.,31,Never,NA,Asian,Male,Non-Hispanic
P0031,19,15,4,Lost,0,NA,TRUE,FALSE,FALSE,90,62,1,I just guessed.,31,Never,NA,Asian,Male,Non-Hispanic
P0031,20,11,12,Lost,8,winner_in_set,FALSE,TRUE,TRUE,91,83,1,I just guessed.,31,Never,NA,Asian,Male,Non-Hispanic
P0031,21,16,3,Lost,1,winner_not_in_set,FALSE,FALSE,TRUE,89,58,1,I just guessed.,31,Never,NA,Asian,Male,Non-Hispanic
P0031,22,19,13,Lost,2,winner_in_set,FALSE,TRUE,TRUE,91,98,1,I just guessed.,31,Never,NA,Asian,Male,Non-Hispanic
P0031,23,4,4,Won,2,NA,FALSE,TRUE,TRUE,0,NA,1,I just guessed.,31,Never,NA,Asian,Male,Non-Hispanic
P0031,24,9,15,Lost,2,winner_in_set,FALSE,TRUE,TRUE,94,95,1,I just guessed.,31,Never,NA,Asian,Male,Non-Hispanic
P0033,1,3,11,Lost,0,NA,TRUE,FALSE,FALSE,16,58,1,tried to see patterns and ascertain them,26,A few times,NA,Black/African American,Non-binary,Non-Hispanic
P0033,2,8,11,Lost,8,winner_in_set,FALSE,TRUE,TRUE,38,80,1,tried to see patterns and ascertain them,26,A few times,NA,Black/African American,Non-binary,Non-Hispanic
P0033,3,11,33,Lost,3,winner_not_in_set,FALSE,FALSE,TRUE,48,71,1,tried to see patterns and ascertain them,26,A few times,NA,Black/African American,Non-binary,Non-Hispanic
P0033,4,22,32,Lost,16,winner_not_in_set,FALSE,FALSE,TRUE,22,4,1,tried to see patterns and ascertain them,26,A few times,NA,Black/African American,Non-binary,Non-Hispanic
P0033,5,23,21,Lost,3,winner_in_set,FALSE,TRUE,TRUE,10,56,1,tried to see patterns and ascertain them,26,A few times,NA,Black/African American,Non-binary,Non-Hispanic
P0033,6,10,10,Won,1,NA,FALSE,TRUE,TRUE,0,NA,1,tried to see patterns and ascertain them,26,A few times,NA,Black/African American,Non-binary,Non-Hispanic
P0033,7,23,12,Lost,2,winner_in_set,FALSE,TRUE,TRUE,0,31,1,tried to see patterns and ascertain them,26,A few times,NA,Black/African American,Non-binary,Non-Hispanic
P0033,8,23,10,Lost,0,NA,TRUE,FALSE,FALSE,0,0,1,tried to see patterns and ascertain them,26,A few times,NA,Black/African American,Non-binary,Non-Hispanic
P0033,9,32,33,Lost,16,winner_in_set,FALSE,TRUE,TRUE,16,50,1,tried to see patterns and ascertain them,26,A few times,NA,Black/African American,Non-binary,Non-Hispanic
P0033,10,22,23,Lost,1,winner_not_in_set,FALSE,FALSE,TRUE,4,75,1,tried to see patterns and ascertain them,26,A few times,NA,Black/African American,Non-binary,Non-Hispanic
P0033,11,12,30,Lost,0,NA,TRUE,FALSE,FALSE,0,4,1,tried to see patterns and ascertain them,26,A few times,NA,Black/African American,Non-binary,Non-Hispanic
P0033,12,32,32,Won,1,NA,FALSE,TRUE,TRUE,0,NA,1,tried to see patterns and ascertain them,26,A few times,NA,Black/African American,Non-binary,Non-Hispanic
P0033,13,21,27,Lost,2,winner_not_in_set,FALSE,FALSE,TRUE,0,8,1,tried to see patterns and ascertain them,26,A few times,NA,Black/African American,Non-binary,Non-Hispanic
P0033,14,14,29,Lost,0,NA,TRUE,FALSE,FALSE,0,0,1,tried to see patterns and ascertain them,26,A few times,NA,Black/African American,Non-binary,Non-Hispanic
P0033,15,33,32,Lost,2,winner_not_in_set,FALSE,FALSE,TRUE,0,40,1,tried to see patterns and ascertain them,26,A few times,NA,Black/African American,Non-binary,Non-Hispanic
P0033,16,21,16,Lost,16,winner_not_in_set,FALSE,FALSE,TRUE,5,11,1,tried to see patterns and ascertain them,26,A few times,NA,Black/African American,Non-binary,Non-Hispanic
P0033,17,22,22,Won,2,NA,FALSE,TRUE,TRUE,0,NA,1,tried to see patterns and ascertain them,26,A few times,NA,Black/African American,Non-binary,Non-Hispanic
P0033,18,11,10,Lost,3,winner_in_set,FALSE,TRUE,TRUE,0,47,1,tried to see patterns and ascertain them,26,A few times,NA,Black/African American,Non-binary,Non-Hispanic
P0033,19,32,16,Lost,1,winner_not_in_set,FALSE,FALSE,TRUE,12,0,1,tried to see patterns and ascertain them,26,A few times,NA,Black/African American,Non-binary,Non-Hispanic
P0033,20,32,5,Lost,3,winner_not_in_set,FALSE,FALSE,TRUE,0,0,1,tried to see patterns and ascertain them,26,A few times,NA,Black/African American,Non-binary,Non-Hispanic
P0033,21,33,23,Lost,16,winner_in_set,FALSE,TRUE,TRUE,0,12,1,tried to see patterns and ascertain them,26,A few times,NA,Black/African American,Non-binary,Non-Hispanic
P0033,22,22,11,Lost,8,winner_in_set,FALSE,TRUE,TRUE,0,24,1,tried to see patterns and ascertain them,26,A few times,NA,Black/African American,Non-binary,Non-Hispanic
P0033,23,22,22,Won,8,NA,FALSE,TRUE,TRUE,0,NA,1,tried to see patterns and ascertain them,26,A few times,NA,Black/African American,Non-binary,Non-Hispanic
P0033,24,33,6,Lost,8,winner_not_in_set,FALSE,FALSE,TRUE,0,13,1,tried to see patterns and ascertain them,26,A few times,NA,Black/African American,Non-binary,Non-Hispanic
P0034,1,27,15,Lost,16,winner_not_in_set,FALSE,FALSE,TRUE,0,0,1,Absolutely random,31,Never,NA,Black/African American,Male,Non-Hispanic
P0034,2,28,35,Lost,8,winner_not_in_set,FALSE,FALSE,TRUE,0,0,1,Absolutely random,31,Never,NA,Black/African American,Male,Non-Hispanic
P0034,3,11,18,Lost,1,winner_not_in_set,FALSE,FALSE,TRUE,0,0,1,Absolutely random,31,Never,NA,Black/African American,Male,Non-Hispanic
P0034,4,27,24,Lost,3,winner_not_in_set,FALSE,FALSE,TRUE,0,0,1,Absolutely random,31,Never,NA,Black/African American,Male,Non-Hispanic
P0034,5,19,19,Won,3,NA,FALSE,TRUE,TRUE,0,NA,1,Absolutely random,31,Never,NA,Black/African American,Male,Non-Hispanic
P0034,6,15,36,Lost,8,winner_not_in_set,FALSE,FALSE,TRUE,0,0,1,Absolutely random,31,Never,NA,Black/African American,Male,Non-Hispanic
P0034,7,20,10,Lost,8,winner_in_set,FALSE,TRUE,TRUE,0,20,1,Absolutely random,31,Never,NA,Black/African American,Male,Non-Hispanic
P0034,8,17,33,Lost,0,NA,TRUE,FALSE,FALSE,0,0,1,Absolutely random,31,Never,NA,Black/African American,Male,Non-Hispanic
P0034,9,36,19,Lost,3,winner_in_set,FALSE,TRUE,TRUE,0,10,1,Absolutely random,31,Never,NA,Black/African American,Male,Non-Hispanic
P0034,10,26,26,Won,2,NA,FALSE,TRUE,TRUE,0,NA,1,Absolutely random,31,Never,NA,Black/African American,Male,Non-Hispanic
P0034,11,20,26,Lost,3,winner_not_in_set,FALSE,FALSE,TRUE,0,0,1,Absolutely random,31,Never,NA,Black/African American,Male,Non-Hispanic
P0034,12,28,18,Lost,8,winner_in_set,FALSE,TRUE,TRUE,0,20,1,Absolutely random,31,Never,NA,Black/African American,Male,Non-Hispanic
P0034,13,17,2,Lost,1,winner_not_in_set,FALSE,FALSE,TRUE,0,0,1,Absolutely random,31,Never,NA,Black/African American,Male,Non-Hispanic
P0034,14,25,31,Lost,2,winner_not_in_set,FALSE,FALSE,TRUE,0,0,1,Absolutely random,31,Never,NA,Black/African American,Male,Non-Hispanic
P0034,15,3,29,Lost,0,NA,TRUE,FALSE,FALSE,0,0,1,Absolutely random,31,Never,NA,Black/African American,Male,Non-Hispanic
P0034,16,18,10,Lost,1,winner_not_in_set,FALSE,FALSE,TRUE,0,0,1,Absolutely random,31,Never,NA,Black/African American,Male,Non-Hispanic
P0034,17,26,26,Won,2,NA,FALSE,TRUE,TRUE,0,NA,1,Absolutely random,31,Never,NA,Black/African American,Male,Non-Hispanic
P0034,18,27,10,Lost,16,winner_in_set,FALSE,TRUE,TRUE,0,5,1,Absolutely random,31,Never,NA,Black/African American,Male,Non-Hispanic
P0034,19,5,16,Lost,2,winner_in_set,FALSE,TRUE,TRUE,0,0,1,Absolutely random,31,Never,NA,Black/African American,Male,Non-Hispanic
P0034,20,7,34,Lost,0,NA,TRUE,FALSE,FALSE,0,0,1,Absolutely random,31,Never,NA,Black/African American,Male,Non-Hispanic
P0034,21,22,9,Lost,16,winner_not_in_set,FALSE,FALSE,TRUE,0,0,1,Absolutely random,31,Never,NA,Black/African American,Male,Non-Hispanic
P0034,22,13,13,Won,1,NA,FALSE,TRUE,TRUE,0,NA,1,Absolutely random,31,Never,NA,Black/African American,Male,Non-Hispanic
P0034,23,23,34,Lost,0,NA,TRUE,FALSE,FALSE,0,0,1,Absolutely random,31,Never,NA,Black/African American,Male,Non-Hispanic
P0034,24,17,33,Lost,16,winner_in_set,FALSE,TRUE,TRUE,0,0,1,Absolutely random,31,Never,NA,Black/African American,Male,Non-Hispanic
P0036,1,14,11,Lost,2,winner_not_in_set,FALSE,FALSE,TRUE,100,100,1,I just went with gut feeling,46,A few times,NA,White,Female,Non-Hispanic
P0036,2,21,11,Lost,3,winner_in_set,FALSE,TRUE,TRUE,100,100,1,I just went with gut feeling,46,A few times,NA,White,Female,Non-Hispanic
P0036,3,11,16,Lost,1,winner_not_in_set,FALSE,FALSE,TRUE,100,100,1,I just went with gut feeling,46,A few times,NA,White,Female,Non-Hispanic
P0036,4,21,21,Won,8,NA,FALSE,TRUE,TRUE,0,NA,1,I just went with gut feeling,46,A few times,NA,White,Female,Non-Hispanic
P0036,5,21,28,Lost,1,winner_not_in_set,FALSE,FALSE,TRUE,100,100,1,I just went with gut feeling,46,A few times,NA,White,Female,Non-Hispanic
P0036,6,22,7,Lost,0,NA,TRUE,FALSE,FALSE,100,100,1,I just went with gut feeling,46,A few times,NA,White,Female,Non-Hispanic
P0036,7,35,19,Lost,2,winner_in_set,FALSE,TRUE,TRUE,100,100,1,I just went with gut feeling,46,A few times,NA,White,Female,Non-Hispanic
P0036,8,13,34,Lost,16,winner_in_set,FALSE,TRUE,TRUE,100,100,1,I just went with gut feeling,46,A few times,NA,White,Female,Non-Hispanic
P0036,9,2,2,Won,1,NA,FALSE,TRUE,TRUE,100,NA,1,I just went with gut feeling,46,A few times,NA,White,Female,Non-Hispanic
P0036,10,27,4,Lost,0,NA,TRUE,FALSE,FALSE,100,100,1,I just went with gut feeling,46,A few times,NA,White,Female,Non-Hispanic
P0036,11,11,20,Lost,16,winner_not_in_set,FALSE,FALSE,TRUE,100,100,1,I just went with gut feeling,46,A few times,NA,White,Female,Non-Hispanic
P0036,12,9,23,Lost,0,NA,TRUE,FALSE,FALSE,100,100,1,I just went with gut feeling,46,A few times,NA,White,Female,Non-Hispanic
P0036,13,23,31,Lost,2,winner_not_in_set,FALSE,FALSE,TRUE,100,100,1,I just went with gut feeling,46,A few times,NA,White,Female,Non-Hispanic
P0036,14,29,6,Lost,8,winner_not_in_set,FALSE,FALSE,TRUE,100,100,1,I just went with gut feeling,46,A few times,NA,White,Female,Non-Hispanic
P0036,15,14,14,Won,0,NA,TRUE,FALSE,FALSE,0,NA,1,I just went with gut feeling,46,A few times,NA,White,Female,Non-Hispanic
P0036,16,15,1,Lost,3,winner_in_set,FALSE,TRUE,TRUE,100,100,1,I just went with gut feeling,46,A few times,NA,White,Female,Non-Hispanic
P0036,17,20,26,Lost,8,winner_not_in_set,FALSE,FALSE,TRUE,100,100,1,I just went with gut feeling,46,A few times,NA,White,Female,Non-Hispanic
P0036,18,2,19,Lost,2,winner_in_set,FALSE,TRUE,TRUE,100,100,1,I just went with gut feeling,46,A few times,NA,White,Female,Non-Hispanic
P0036,19,13,18,Lost,1,winner_not_in_set,FALSE,FALSE,TRUE,100,100,1,I just went with gut feeling,46,A few times,NA,White,Female,Non-Hispanic
P0036,20,16,18,Lost,3,winner_not_in_set,FALSE,FALSE,TRUE,100,100,1,I just went with gut feeling,46,A few times,NA,White,Female,Non-Hispanic
P0036,21,14,13,Lost,8,winner_in_set,FALSE,TRUE,TRUE,100,100,1,I just went with gut feeling,46,A few times,NA,White,Female,Non-Hispanic
P0036,22,16,26,Lost,3,winner_not_in_set,FALSE,FALSE,TRUE,100,100,1,I just went with gut feeling,46,A few times,NA,White,Female,Non-Hispanic
P0036,23,14,3,Lost,16,winner_in_set,FALSE,TRUE,TRUE,100,100,1,I just went with gut feeling,46,A few times,NA,White,Female,Non-Hispanic
P0036,24,22,22,Won,16,NA,FALSE,TRUE,TRUE,0,NA,1,I just went with gut feeling,46,A few times,NA,White,Female,Non-Hispanic
P0053,1,15,27,Lost,1,winner_not_in_set,FALSE,FALSE,TRUE,19,71,1,I just went with my gut instinct and chose the one that I thought felt right.,52,Never,NA,White,Female,Non-Hispanic
P0053,2,16,11,Lost,3,winner_not_in_set,FALSE,FALSE,TRUE,63,71,1,I just went with my gut instinct and chose the one that I thought felt right.,52,Never,NA,White,Female,Non-Hispanic
P0053,3,9,16,Lost,1,winner_not_in_set,FALSE,FALSE,TRUE,71,82,1,I just went with my gut instinct and chose the one that I thought felt right.,52,Never,NA,White,Female,Non-Hispanic
P0053,4,15,15,Won,0,NA,TRUE,FALSE,FALSE,0,NA,1,I just went with my gut instinct and chose the one that I thought felt right.,52,Never,NA,White,Female,Non-Hispanic
P0053,5,27,30,Lost,1,winner_not_in_set,FALSE,FALSE,TRUE,51,66,1,I just went with my gut instinct and chose the one that I thought felt right.,52,Never,NA,White,Female,Non-Hispanic
P0053,6,20,23,Lost,2,winner_in_set,FALSE,TRUE,TRUE,100,100,1,I just went with my gut instinct and chose the one that I thought felt right.,52,Never,NA,White,Female,Non-Hispanic
P0053,7,26,27,Lost,16,winner_in_set,FALSE,TRUE,TRUE,100,100,1,I just went with my gut instinct and chose the one that I thought felt right.,52,Never,NA,White,Female,Non-Hispanic
P0053,8,1,28,Lost,16,winner_not_in_set,FALSE,FALSE,TRUE,80,64,1,I just went with my gut instinct and chose the one that I thought felt right.,52,Never,NA,White,Female,Non-Hispanic
P0053,9,23,23,Won,0,NA,TRUE,FALSE,FALSE,0,NA,1,I just went with my gut instinct and chose the one that I thought felt right.,52,Never,NA,White,Female,Non-Hispanic
P0053,10,21,2,Lost,0,NA,TRUE,FALSE,FALSE,43,48,1,I just went with my gut instinct and chose the one that I thought felt right.,52,Never,NA,White,Female,Non-Hispanic
P0053,11,22,14,Lost,2,winner_not_in_set,FALSE,FALSE,TRUE,58,69,1,I just went with my gut instinct and chose the one that I thought felt right.,52,Never,NA,White,Female,Non-Hispanic
P0053,12,8,24,Lost,3,winner_in_set,FALSE,TRUE,TRUE,100,100,1,I just went with my gut instinct and chose the one that I thought felt right.,52,Never,NA,White,Female,Non-Hispanic
P0053,13,28,13,Lost,1,winner_not_in_set,FALSE,FALSE,TRUE,59,59,1,I just went with my gut instinct and chose the one that I thought felt right.,52,Never,NA,White,Female,Non-Hispanic
P0053,14,21,27,Lost,16,winner_not_in_set,FALSE,FALSE,TRUE,58,63,1,I just went with my gut instinct and chose the one that I thought felt right.,52,Never,NA,White,Female,Non-Hispanic
P0053,15,13,13,Won,8,NA,FALSE,TRUE,TRUE,0,NA,1,I just went with my gut instinct and chose the one that I thought felt right.,52,Never,NA,White,Female,Non-Hispanic
P0053,16,29,22,Lost,16,winner_in_set,FALSE,TRUE,TRUE,61,70,1,I just went with my gut instinct and chose the one that I thought felt right.,52,Never,NA,White,Female,Non-Hispanic
P0053,17,34,30,Lost,8,winner_in_set,FALSE,TRUE,TRUE,100,100,1,I just went with my gut instinct and chose the one that I thought felt right.,52,Never,NA,White,Female,Non-Hispanic
P0053,18,27,35,Lost,8,winner_not_in_set,FALSE,FALSE,TRUE,54,56,1,I just went with my gut instinct and chose the one that I thought felt right.,52,Never,NA,White,Female,Non-Hispanic
P0053,19,28,9,Lost,8,winner_not_in_set,FALSE,FALSE,TRUE,46,47,1,I just went with my gut instinct and chose the one that I thought felt right.,52,Never,NA,White,Female,Non-Hispanic
P0053,20,17,29,Lost,3,winner_in_set,FALSE,TRUE,TRUE,100,100,1,I just went with my gut instinct and chose the one that I thought felt right.,52,Never,NA,White,Female,Non-Hispanic
P0053,21,22,4,Lost,2,winner_not_in_set,FALSE,FALSE,TRUE,42,40,1,I just went with my gut instinct and chose the one that I thought felt right.,52,Never,NA,White,Female,Non-Hispanic
P0053,22,28,28,Won,0,NA,TRUE,FALSE,FALSE,0,NA,1,I just went with my gut instinct and chose the one that I thought felt right.,52,Never,NA,White,Female,Non-Hispanic
P0053,23,28,27,Lost,2,winner_in_set,FALSE,TRUE,TRUE,100,100,1,I just went with my gut instinct and chose the one that I thought felt right.,52,Never,NA,White,Female,Non-Hispanic
P0053,24,15,29,Lost,3,winner_not_in_set,FALSE,FALSE,TRUE,51,51,1,I just went with my gut instinct and chose the one that I thought felt right.,52,Never,NA,White,Female,Non-Hispanic
P0065,1,22,18,Lost,1,winner_not_in_set,FALSE,FALSE,TRUE,100,100,2,"there was no strategy

there can be no strategy, in a random chance game (RNG)

there were no ""hot blocks""
not that *i* saw, anyway",43,A few times,NA,Black/African American,Male,Non-Hispanic
P0065,2,18,20,Lost,16,winner_in_set,FALSE,TRUE,TRUE,100,100,2,"there was no strategy

there can be no strategy, in a random chance game (RNG)

there were no ""hot blocks""
not that *i* saw, anyway",43,A few times,NA,Black/African American,Male,Non-Hispanic
P0065,3,22,16,Lost,0,NA,TRUE,FALSE,FALSE,100,100,2,"there was no strategy

there can be no strategy, in a random chance game (RNG)

there were no ""hot blocks""
not that *i* saw, anyway",43,A few times,NA,Black/African American,Male,Non-Hispanic
P0065,4,14,6,Lost,8,winner_in_set,FALSE,TRUE,TRUE,100,100,2,"there was no strategy

there can be no strategy, in a random chance game (RNG)

there were no ""hot blocks""
not that *i* saw, anyway",43,A few times,NA,Black/African American,Male,Non-Hispanic
P0065,5,8,8,Won,0,NA,TRUE,FALSE,FALSE,0,NA,2,"there was no strategy

there can be no strategy, in a random chance game (RNG)

there were no ""hot blocks""
not that *i* saw, anyway",43,A few times,NA,Black/African American,Male,Non-Hispanic
P0065,6,10,14,Lost,3,winner_in_set,FALSE,TRUE,TRUE,100,100,2,"there was no strategy

there can be no strategy, in a random chance game (RNG)

there were no ""hot blocks""
not that *i* saw, anyway",43,A few times,NA,Black/African American,Male,Non-Hispanic
P0065,7,16,31,Lost,16,winner_not_in_set,FALSE,FALSE,TRUE,100,100,2,"there was no strategy

there can be no strategy, in a random chance game (RNG)

there were no ""hot blocks""
not that *i* saw, anyway",43,A few times,NA,Black/African American,Male,Non-Hispanic
P0065,8,33,35,Lost,2,winner_in_set,FALSE,TRUE,TRUE,100,100,2,"there was no strategy

there can be no strategy, in a random chance game (RNG)

there were no ""hot blocks""
not that *i* saw, anyway",43,A few times,NA,Black/African American,Male,Non-Hispanic
P0065,9,3,12,Lost,3,winner_not_in_set,FALSE,FALSE,TRUE,100,100,2,"there was no strategy

there can be no strategy, in a random chance game (RNG)

there were no ""hot blocks""
not that *i* saw, anyway",43,A few times,NA,Black/African American,Male,Non-Hispanic
P0065,10,9,9,Won,1,NA,FALSE,TRUE,TRUE,0,NA,2,"there was no strategy

there can be no strategy, in a random chance game (RNG)

there were no ""hot blocks""
not that *i* saw, anyway",43,A few times,NA,Black/African American,Male,Non-Hispanic
P0065,11,18,21,Lost,0,NA,TRUE,FALSE,FALSE,100,100,2,"there was no strategy

there can be no strategy, in a random chance game (RNG)

there were no ""hot blocks""
not that *i* saw, anyway",43,A few times,NA,Black/African American,Male,Non-Hispanic
P0065,12,9,20,Lost,8,winner_in_set,FALSE,TRUE,TRUE,100,100,2,"there was no strategy

there can be no strategy, in a random chance game (RNG)

there were no ""hot blocks""
not that *i* saw, anyway",43,A few times,NA,Black/African American,Male,Non-Hispanic
P0065,13,19,29,Lost,2,winner_not_in_set,FALSE,FALSE,TRUE,100,100,2,"there was no strategy

there can be no strategy, in a random chance game (RNG)

there were no ""hot blocks""
not that *i* saw, anyway",43,A few times,NA,Black/African American,Male,Non-Hispanic
P0065,14,22,34,Lost,2,winner_not_in_set,FALSE,FALSE,TRUE,100,100,2,"there was no strategy

there can be no strategy, in a random chance game (RNG)

there were no ""hot blocks""
not that *i* saw, anyway",43,A few times,NA,Black/African American,Male,Non-Hispanic
P0065,15,6,7,Lost,8,winner_not_in_set,FALSE,FALSE,TRUE,100,100,2,"there was no strategy

there can be no strategy, in a random chance game (RNG)

there were no ""hot blocks""
not that *i* saw, anyway",43,A few times,NA,Black/African American,Male,Non-Hispanic
P0065,16,14,21,Lost,16,winner_in_set,FALSE,TRUE,TRUE,100,100,2,"there was no strategy

there can be no strategy, in a random chance game (RNG)

there were no ""hot blocks""
not that *i* saw, anyway",43,A few times,NA,Black/African American,Male,Non-Hispanic
P0065,17,23,4,Lost,1,winner_not_in_set,FALSE,FALSE,TRUE,100,100,2,"there was no strategy

there can be no strategy, in a random chance game (RNG)

there were no ""hot blocks""
not that *i* saw, anyway",43,A few times,NA,Black/African American,Male,Non-Hispanic
P0065,18,21,21,Won,1,NA,FALSE,TRUE,TRUE,0,NA,2,"there was no strategy

there can be no strategy, in a random chance game (RNG)

there were no ""hot blocks""
not that *i* saw, anyway",43,A few times,NA,Black/African American,Male,Non-Hispanic
P0065,19,22,17,Lost,8,winner_not_in_set,FALSE,FALSE,TRUE,100,100,2,"there was no strategy

there can be no strategy, in a random chance game (RNG)

there were no ""hot blocks""
not that *i* saw, anyway",43,A few times,NA,Black/African American,Male,Non-Hispanic
P0065,20,36,10,Lost,0,NA,TRUE,FALSE,FALSE,100,100,2,"there was no strategy

there can be no strategy, in a random chance game (RNG)

there were no ""hot blocks""
not that *i* saw, anyway",43,A few times,NA,Black/African American,Male,Non-Hispanic
P0065,21,14,14,Won,3,NA,FALSE,TRUE,TRUE,100,NA,2,"there was no strategy

there can be no strategy, in a random chance game (RNG)

there were no ""hot blocks""
not that *i* saw, anyway",43,A few times,NA,Black/African American,Male,Non-Hispanic
P0065,22,6,27,Lost,2,winner_in_set,FALSE,TRUE,TRUE,100,100,2,"there was no strategy

there can be no strategy, in a random chance game (RNG)

there were no ""hot blocks""
not that *i* saw, anyway",43,A few times,NA,Black/African American,Male,Non-Hispanic
P0065,23,22,20,Lost,16,winner_not_in_set,FALSE,FALSE,TRUE,100,100,2,"there was no strategy

there can be no strategy, in a random chance game (RNG)

there were no ""hot blocks""
not that *i* saw, anyway",43,A few times,NA,Black/African American,Male,Non-Hispanic
P0065,24,17,8,Lost,3,winner_not_in_set,FALSE,FALSE,TRUE,100,100,2,"there was no strategy

there can be no strategy, in a random chance game (RNG)

there were no ""hot blocks""
not that *i* saw, anyway",43,A few times,NA,Black/African American,Male,Non-Hispanic
P0073,1,15,33,Lost,3,winner_not_in_set,FALSE,FALSE,TRUE,2,54,1,I was trying to determine a pattern. Initially I though decending left diagonally was it that did not pan out.,76,Never,NA,White,Male,Non-Hispanic
P0073,2,15,26,Lost,8,winner_in_set,FALSE,TRUE,TRUE,4,50,1,I was trying to determine a pattern. Initially I though decending left diagonally was it that did not pan out.,76,Never,NA,White,Male,Non-Hispanic
P0073,3,19,16,Lost,2,winner_not_in_set,FALSE,FALSE,TRUE,16,56,1,I was trying to determine a pattern. Initially I though decending left diagonally was it that did not pan out.,76,Never,NA,White,Male,Non-Hispanic
P0073,4,8,8,Won,16,NA,FALSE,TRUE,TRUE,0,NA,1,I was trying to determine a pattern. Initially I though decending left diagonally was it that did not pan out.,76,Never,NA,White,Male,Non-Hispanic
P0073,5,3,1,Lost,3,winner_in_set,FALSE,TRUE,TRUE,73,92,1,I was trying to determine a pattern. Initially I though decending left diagonally was it that did not pan out.,76,Never,NA,White,Male,Non-Hispanic
P0073,6,36,29,Lost,2,winner_in_set,FALSE,TRUE,TRUE,10,13,1,I was trying to determine a pattern. Initially I though decending left diagonally was it that did not pan out.,76,Never,NA,White,Male,Non-Hispanic
P0073,7,22,19,Lost,16,winner_in_set,FALSE,TRUE,TRUE,9,52,1,I was trying to determine a pattern. Initially I though decending left diagonally was it that did not pan out.,76,Never,NA,White,Male,Non-Hispanic
P0073,8,14,27,Lost,1,winner_not_in_set,FALSE,FALSE,TRUE,11,9,1,I was trying to determine a pattern. Initially I though decending left diagonally was it that did not pan out.,76,Never,NA,White,Male,Non-Hispanic
P0073,9,2,7,Lost,16,winner_not_in_set,FALSE,FALSE,TRUE,5,25,1,I was trying to determine a pattern. Initially I though decending left diagonally was it that did not pan out.,76,Never,NA,White,Male,Non-Hispanic
P0073,10,1,28,Lost,1,winner_not_in_set,FALSE,FALSE,TRUE,14,58,1,I was trying to determine a pattern. Initially I though decending left diagonally was it that did not pan out.,76,Never,NA,White,Male,Non-Hispanic
P0073,11,21,1,Lost,0,NA,TRUE,FALSE,FALSE,29,48,1,I was trying to determine a pattern. Initially I though decending left diagonally was it that did not pan out.,76,Never,NA,White,Male,Non-Hispanic
P0073,12,35,35,Won,3,NA,FALSE,TRUE,TRUE,0,NA,1,I was trying to determine a pattern. Initially I though decending left diagonally was it that did not pan out.,76,Never,NA,White,Male,Non-Hispanic
P0073,13,28,20,Lost,1,winner_not_in_set,FALSE,FALSE,TRUE,26,53,1,I was trying to determine a pattern. Initially I though decending left diagonally was it that did not pan out.,76,Never,NA,White,Male,Non-Hispanic
P0073,14,7,25,Lost,2,winner_not_in_set,FALSE,FALSE,TRUE,13,51,1,I was trying to determine a pattern. Initially I though decending left diagonally was it that did not pan out.,76,Never,NA,White,Male,Non-Hispanic
P0073,15,16,16,Won,1,NA,FALSE,TRUE,TRUE,0,NA,1,I was trying to determine a pattern. Initially I though decending left diagonally was it that did not pan out.,76,Never,NA,White,Male,Non-Hispanic
P0073,16,11,36,Lost,0,NA,TRUE,FALSE,FALSE,17,41,1,I was trying to determine a pattern. Initially I though decending left diagonally was it that did not pan out.,76,Never,NA,White,Male,Non-Hispanic
P0073,17,29,1,Lost,0,NA,TRUE,FALSE,FALSE,37,54,1,I was trying to determine a pattern. Initially I though decending left diagonally was it that did not pan out.,76,Never,NA,White,Male,Non-Hispanic
P0073,18,28,3,Lost,16,winner_not_in_set,FALSE,FALSE,TRUE,5,39,1,I was trying to determine a pattern. Initially I though decending left diagonally was it that did not pan out.,76,Never,NA,White,Male,Non-Hispanic
P0073,19,17,21,Lost,8,winner_not_in_set,FALSE,FALSE,TRUE,16,58,1,I was trying to determine a pattern. Initially I though decending left diagonally was it that did not pan out.,76,Never,NA,White,Male,Non-Hispanic
P0073,20,14,33,Lost,8,winner_not_in_set,FALSE,FALSE,TRUE,18,42,1,I was trying to determine a pattern. Initially I though decending left diagonally was it that did not pan out.,76,Never,NA,White,Male,Non-Hispanic
P0073,21,4,15,Lost,8,winner_in_set,FALSE,TRUE,TRUE,15,34,1,I was trying to determine a pattern. Initially I though decending left diagonally was it that did not pan out.,76,Never,NA,White,Male,Non-Hispanic
P0073,22,10,30,Lost,0,NA,TRUE,FALSE,FALSE,19,40,1,I was trying to determine a pattern. Initially I though decending left diagonally was it that did not pan out.,76,Never,NA,White,Male,Non-Hispanic
P0073,23,11,11,Won,3,NA,FALSE,TRUE,TRUE,0,NA,1,I was trying to determine a pattern. Initially I though decending left diagonally was it that did not pan out.,76,Never,NA,White,Male,Non-Hispanic
P0073,24,4,3,Lost,2,winner_in_set,FALSE,TRUE,TRUE,25,80,1,I was trying to determine a pattern. Initially I though decending left diagonally was it that did not pan out.,76,Never,NA,White,Male,Non-Hispanic
P0076,1,8,34,Lost,8,winner_not_in_set,FALSE,FALSE,TRUE,88,100,1,I kind of just went with my gut,31,Never,NA,White,Female,Non-Hispanic
P0076,2,22,23,Lost,1,winner_not_in_set,FALSE,FALSE,TRUE,100,100,1,I kind of just went with my gut,31,Never,NA,White,Female,Non-Hispanic
P0076,3,2,10,Lost,0,NA,TRUE,FALSE,FALSE,90,100,1,I kind of just went with my gut,31,Never,NA,White,Female,Non-Hispanic
P0076,4,16,18,Lost,2,winner_not_in_set,FALSE,FALSE,TRUE,100,100,1,I kind of just went with my gut,31,Never,NA,White,Female,Non-Hispanic
P0076,5,8,8,Won,8,NA,FALSE,TRUE,TRUE,0,NA,1,I kind of just went with my gut,31,Never,NA,White,Female,Non-Hispanic
P0076,6,28,10,Lost,3,winner_not_in_set,FALSE,FALSE,TRUE,88,100,1,I kind of just went with my gut,31,Never,NA,White,Female,Non-Hispanic
P0076,7,18,9,Lost,1,winner_not_in_set,FALSE,FALSE,TRUE,92,100,1,I kind of just went with my gut,31,Never,NA,White,Female,Non-Hispanic
P0076,8,26,10,Lost,0,NA,TRUE,FALSE,FALSE,100,100,1,I kind of just went with my gut,31,Never,NA,White,Female,Non-Hispanic
P0076,9,10,29,Lost,8,winner_in_set,FALSE,TRUE,TRUE,95,100,1,I kind of just went with my gut,31,Never,NA,White,Female,Non-Hispanic
P0076,10,21,21,Won,3,NA,FALSE,TRUE,TRUE,0,NA,1,I kind of just went with my gut,31,Never,NA,White,Female,Non-Hispanic
P0076,11,23,8,Lost,2,winner_in_set,FALSE,TRUE,TRUE,100,100,1,I kind of just went with my gut,31,Never,NA,White,Female,Non-Hispanic
P0076,12,14,1,Lost,16,winner_not_in_set,FALSE,FALSE,TRUE,89,94,1,I kind of just went with my gut,31,Never,NA,White,Female,Non-Hispanic
P0076,13,13,12,Lost,8,winner_in_set,FALSE,TRUE,TRUE,100,100,1,I kind of just went with my gut,31,Never,NA,White,Female,Non-Hispanic
P0076,14,23,12,Lost,16,winner_in_set,FALSE,TRUE,TRUE,100,96,1,I kind of just went with my gut,31,Never,NA,White,Female,Non-Hispanic
P0076,15,15,9,Lost,1,winner_not_in_set,FALSE,FALSE,TRUE,100,100,1,I kind of just went with my gut,31,Never,NA,White,Female,Non-Hispanic
P0076,16,21,31,Lost,3,winner_not_in_set,FALSE,FALSE,TRUE,100,100,1,I kind of just went with my gut,31,Never,NA,White,Female,Non-Hispanic
P0076,17,36,36,Won,3,NA,FALSE,TRUE,TRUE,0,NA,1,I kind of just went with my gut,31,Never,NA,White,Female,Non-Hispanic
P0076,18,2,14,Lost,16,winner_in_set,FALSE,TRUE,TRUE,100,100,1,I kind of just went with my gut,31,Never,NA,White,Female,Non-Hispanic
P0076,19,22,30,Lost,1,winner_not_in_set,FALSE,FALSE,TRUE,100,100,1,I kind of just went with my gut,31,Never,NA,White,Female,Non-Hispanic
P0076,20,33,18,Lost,0,NA,TRUE,FALSE,FALSE,100,100,1,I kind of just went with my gut,31,Never,NA,White,Female,Non-Hispanic
P0076,21,15,10,Lost,2,winner_not_in_set,FALSE,FALSE,TRUE,100,100,1,I kind of just went with my gut,31,Never,NA,White,Female,Non-Hispanic
P0076,22,4,5,Lost,0,NA,TRUE,FALSE,FALSE,100,100,1,I kind of just went with my gut,31,Never,NA,White,Female,Non-Hispanic
P0076,23,19,20,Lost,2,winner_in_set,FALSE,TRUE,TRUE,100,100,1,I kind of just went with my gut,31,Never,NA,White,Female,Non-Hispanic
P0076,24,30,30,Won,16,NA,FALSE,TRUE,TRUE,0,NA,1,I kind of just went with my gut,31,Never,NA,White,Female,Non-Hispanic
P0084,1,28,7,Lost,16,winner_in_set,FALSE,TRUE,TRUE,100,100,1,It was just numbers that I liked or numbers that just felt right. ,55,Never,NA,White,Female,Non-Hispanic
P0084,2,7,23,Lost,0,NA,TRUE,FALSE,FALSE,100,100,1,It was just numbers that I liked or numbers that just felt right. ,55,Never,NA,White,Female,Non-Hispanic
P0084,3,3,17,Lost,2,winner_not_in_set,FALSE,FALSE,TRUE,100,100,1,It was just numbers that I liked or numbers that just felt right. ,55,Never,NA,White,Female,Non-Hispanic
P0084,4,11,11,Won,16,NA,FALSE,TRUE,TRUE,0,NA,1,It was just numbers that I liked or numbers that just felt right. ,55,Never,NA,White,Female,Non-Hispanic
P0084,5,22,29,Lost,2,winner_not_in_set,FALSE,FALSE,TRUE,100,100,1,It was just numbers that I liked or numbers that just felt right. ,55,Never,NA,White,Female,Non-Hispanic
P0084,6,28,3,Lost,3,winner_in_set,FALSE,TRUE,TRUE,100,100,1,It was just numbers that I liked or numbers that just felt right. ,55,Never,NA,White,Female,Non-Hispanic
P0084,7,10,11,Lost,2,winner_in_set,FALSE,TRUE,TRUE,100,100,1,It was just numbers that I liked or numbers that just felt right. ,55,Never,NA,White,Female,Non-Hispanic
P0084,8,14,30,Lost,0,NA,TRUE,FALSE,FALSE,100,100,1,It was just numbers that I liked or numbers that just felt right. ,55,Never,NA,White,Female,Non-Hispanic
P0084,9,5,34,Lost,1,winner_not_in_set,FALSE,FALSE,TRUE,100,100,1,It was just numbers that I liked or numbers that just felt right. ,55,Never,NA,White,Female,Non-Hispanic
P0084,10,8,25,Lost,1,winner_not_in_set,FALSE,FALSE,TRUE,100,100,1,It was just numbers that I liked or numbers that just felt right. ,55,Never,NA,White,Female,Non-Hispanic
P0084,11,16,29,Lost,8,winner_not_in_set,FALSE,FALSE,TRUE,100,100,1,It was just numbers that I liked or numbers that just felt right. ,55,Never,NA,White,Female,Non-Hispanic
P0084,12,7,7,Won,3,NA,FALSE,TRUE,TRUE,0,NA,1,It was just numbers that I liked or numbers that just felt right. ,55,Never,NA,White,Female,Non-Hispanic
P0084,13,33,21,Lost,8,winner_in_set,FALSE,TRUE,TRUE,100,100,1,It was just numbers that I liked or numbers that just felt right. ,55,Never,NA,White,Female,Non-Hispanic
P0084,14,2,19,Lost,1,winner_not_in_set,FALSE,FALSE,TRUE,100,100,1,It was just numbers that I liked or numbers that just felt right. ,55,Never,NA,White,Female,Non-Hispanic
P0084,15,25,30,Lost,3,winner_not_in_set,FALSE,FALSE,TRUE,100,100,1,It was just numbers that I liked or numbers that just felt right. ,55,Never,NA,White,Female,Non-Hispanic
P0084,16,26,23,Lost,8,winner_not_in_set,FALSE,FALSE,TRUE,100,100,1,It was just numbers that I liked or numbers that just felt right. ,55,Never,NA,White,Female,Non-Hispanic
P0084,17,13,13,Won,2,NA,FALSE,TRUE,TRUE,0,NA,1,It was just numbers that I liked or numbers that just felt right. ,55,Never,NA,White,Female,Non-Hispanic
P0084,18,14,13,Lost,0,NA,TRUE,FALSE,FALSE,100,100,1,It was just numbers that I liked or numbers that just felt right. ,55,Never,NA,White,Female,Non-Hispanic
P0084,19,22,32,Lost,0,NA,TRUE,FALSE,FALSE,100,100,1,It was just numbers that I liked or numbers that just felt right. ,55,Never,NA,White,Female,Non-Hispanic
P0084,20,14,1,Lost,3,winner_not_in_set,FALSE,FALSE,TRUE,100,100,1,It was just numbers that I liked or numbers that just felt right. ,55,Never,NA,White,Female,Non-Hispanic
P0084,21,21,2,Lost,16,winner_in_set,FALSE,TRUE,TRUE,100,100,1,It was just numbers that I liked or numbers that just felt right. ,55,Never,NA,White,Female,Non-Hispanic
P0084,22,7,8,Lost,1,winner_not_in_set,FALSE,FALSE,TRUE,100,100,1,It was just numbers that I liked or numbers that just felt right. ,55,Never,NA,White,Female,Non-Hispanic
P0084,23,31,32,Lost,8,winner_in_set,FALSE,TRUE,TRUE,100,100,1,It was just numbers that I liked or numbers that just felt right. ,55,Never,NA,White,Female,Non-Hispanic
P0084,24,30,30,Won,16,NA,FALSE,TRUE,TRUE,0,NA,1,It was just numbers that I liked or numbers that just felt right. ,55,Never,NA,White,Female,Non-Hispanic
P0105,1,13,6,Lost,0,NA,TRUE,FALSE,FALSE,67,24,1,"I just generally picked my favorite numbers, and then deliberately not picking my favorite numbers back and forth.",40,Never,NA,White,Female,Non-Hispanic
P0105,2,4,19,Lost,8,winner_not_in_set,FALSE,FALSE,TRUE,80,51,1,"I just generally picked my favorite numbers, and then deliberately not picking my favorite numbers back and forth.",40,Never,NA,White,Female,Non-Hispanic
P0105,3,28,25,Lost,3,winner_not_in_set,FALSE,FALSE,TRUE,87,100,1,"I just generally picked my favorite numbers, and then deliberately not picking my favorite numbers back and forth.",40,Never,NA,White,Female,Non-Hispanic
P0105,4,18,26,Lost,3,winner_in_set,FALSE,TRUE,TRUE,100,100,1,"I just generally picked my favorite numbers, and then deliberately not picking my favorite numbers back and forth.",40,Never,NA,White,Female,Non-Hispanic
P0105,5,22,30,Lost,8,winner_in_set,FALSE,TRUE,TRUE,63,100,1,"I just generally picked my favorite numbers, and then deliberately not picking my favorite numbers back and forth.",40,Never,NA,White,Female,Non-Hispanic
P0105,6,29,29,Won,0,NA,TRUE,FALSE,FALSE,0,NA,1,"I just generally picked my favorite numbers, and then deliberately not picking my favorite numbers back and forth.",40,Never,NA,White,Female,Non-Hispanic
P0105,7,11,24,Lost,8,winner_not_in_set,FALSE,FALSE,TRUE,67,78,1,"I just generally picked my favorite numbers, and then deliberately not picking my favorite numbers back and forth.",40,Never,NA,White,Female,Non-Hispanic
P0105,8,23,11,Lost,0,NA,TRUE,FALSE,FALSE,46,67,1,"I just generally picked my favorite numbers, and then deliberately not picking my favorite numbers back and forth.",40,Never,NA,White,Female,Non-Hispanic
P0105,9,16,2,Lost,1,winner_not_in_set,FALSE,FALSE,TRUE,62,72,1,"I just generally picked my favorite numbers, and then deliberately not picking my favorite numbers back and forth.",40,Never,NA,White,Female,Non-Hispanic
P0105,10,2,2,Won,16,NA,FALSE,TRUE,TRUE,0,NA,1,"I just generally picked my favorite numbers, and then deliberately not picking my favorite numbers back and forth.",40,Never,NA,White,Female,Non-Hispanic
P0105,11,26,13,Lost,2,winner_not_in_set,FALSE,FALSE,TRUE,31,52,1,"I just generally picked my favorite numbers, and then deliberately not picking my favorite numbers back and forth.",40,Never,NA,White,Female,Non-Hispanic
P0105,12,13,23,Lost,1,winner_not_in_set,FALSE,FALSE,TRUE,76,86,1,"I just generally picked my favorite numbers, and then deliberately not picking my favorite numbers back and forth.",40,Never,NA,White,Female,Non-Hispanic
P0105,13,26,10,Lost,3,winner_in_set,FALSE,TRUE,TRUE,77,93,1,"I just generally picked my favorite numbers, and then deliberately not picking my favorite numbers back and forth.",40,Never,NA,White,Female,Non-Hispanic
P0105,14,9,27,Lost,2,winner_not_in_set,FALSE,FALSE,TRUE,40,54,1,"I just generally picked my favorite numbers, and then deliberately not picking my favorite numbers back and forth.",40,Never,NA,White,Female,Non-Hispanic
P0105,15,5,27,Lost,3,winner_not_in_set,FALSE,FALSE,TRUE,27,52,1,"I just generally picked my favorite numbers, and then deliberately not picking my favorite numbers back and forth.",40,Never,NA,White,Female,Non-Hispanic
P0105,16,11,36,Lost,16,winner_in_set,FALSE,TRUE,TRUE,65,83,1,"I just generally picked my favorite numbers, and then deliberately not picking my favorite numbers back and forth.",40,Never,NA,White,Female,Non-Hispanic
P0105,17,13,21,Lost,1,winner_not_in_set,FALSE,FALSE,TRUE,18,41,1,"I just generally picked my favorite numbers, and then deliberately not picking my favorite numbers back and forth.",40,Never,NA,White,Female,Non-Hispanic
P0105,18,23,23,Won,0,NA,TRUE,FALSE,FALSE,0,NA,1,"I just generally picked my favorite numbers, and then deliberately not picking my favorite numbers back and forth.",40,Never,NA,White,Female,Non-Hispanic
P0105,19,17,33,Lost,8,winner_in_set,FALSE,TRUE,TRUE,66,87,1,"I just generally picked my favorite numbers, and then deliberately not picking my favorite numbers back and forth.",40,Never,NA,White,Female,Non-Hispanic
P0105,20,21,7,Lost,16,winner_in_set,FALSE,TRUE,TRUE,73,100,1,"I just generally picked my favorite numbers, and then deliberately not picking my favorite numbers back and forth.",40,Never,NA,White,Female,Non-Hispanic
P0105,21,10,28,Lost,2,winner_in_set,FALSE,TRUE,TRUE,94,100,1,"I just generally picked my favorite numbers, and then deliberately not picking my favorite numbers back and forth.",40,Never,NA,White,Female,Non-Hispanic
P0105,22,9,34,Lost,16,winner_not_in_set,FALSE,FALSE,TRUE,42,58,1,"I just generally picked my favorite numbers, and then deliberately not picking my favorite numbers back and forth.",40,Never,NA,White,Female,Non-Hispanic
P0105,23,29,13,Lost,2,winner_in_set,FALSE,TRUE,TRUE,75,100,1,"I just generally picked my favorite numbers, and then deliberately not picking my favorite numbers back and forth.",40,Never,NA,White,Female,Non-Hispanic
P0105,24,13,13,Won,1,NA,FALSE,TRUE,TRUE,0,NA,1,"I just generally picked my favorite numbers, and then deliberately not picking my favorite numbers back and forth.",40,Never,NA,White,Female,Non-Hispanic
P0106,1,11,5,Lost,0,NA,TRUE,FALSE,FALSE,88,100,1,"I knew it was just luck, but if a high number was picked I would next go with a low number",54,Never,NA,White,Female,Non-Hispanic
P0106,2,8,30,Lost,1,winner_not_in_set,FALSE,FALSE,TRUE,90,100,1,"I knew it was just luck, but if a high number was picked I would next go with a low number",54,Never,NA,White,Female,Non-Hispanic
P0106,3,15,15,Won,8,NA,FALSE,TRUE,TRUE,0,NA,1,"I knew it was just luck, but if a high number was picked I would next go with a low number",54,Never,NA,White,Female,Non-Hispanic
P0106,4,8,29,Lost,16,winner_in_set,FALSE,TRUE,TRUE,95,100,1,"I knew it was just luck, but if a high number was picked I would next go with a low number",54,Never,NA,White,Female,Non-Hispanic
P0106,5,12,18,Lost,1,winner_not_in_set,FALSE,FALSE,TRUE,92,100,1,"I knew it was just luck, but if a high number was picked I would next go with a low number",54,Never,NA,White,Female,Non-Hispanic
P0106,6,20,23,Lost,0,NA,TRUE,FALSE,FALSE,92,100,1,"I knew it was just luck, but if a high number was picked I would next go with a low number",54,Never,NA,White,Female,Non-Hispanic
P0106,7,27,29,Lost,1,winner_not_in_set,FALSE,FALSE,TRUE,99,100,1,"I knew it was just luck, but if a high number was picked I would next go with a low number",54,Never,NA,White,Female,Non-Hispanic
P0106,8,16,3,Lost,8,winner_not_in_set,FALSE,FALSE,TRUE,93,100,1,"I knew it was just luck, but if a high number was picked I would next go with a low number",54,Never,NA,White,Female,Non-Hispanic
P0106,9,18,17,Lost,0,NA,TRUE,FALSE,FALSE,99,100,1,"I knew it was just luck, but if a high number was picked I would next go with a low number",54,Never,NA,White,Female,Non-Hispanic
P0106,10,14,33,Lost,3,winner_not_in_set,FALSE,FALSE,TRUE,91,100,1,"I knew it was just luck, but if a high number was picked I would next go with a low number",54,Never,NA,White,Female,Non-Hispanic
P0106,11,4,4,Won,0,NA,TRUE,FALSE,FALSE,0,NA,1,"I knew it was just luck, but if a high number was picked I would next go with a low number",54,Never,NA,White,Female,Non-Hispanic
P0106,12,26,2,Lost,2,winner_not_in_set,FALSE,FALSE,TRUE,93,100,1,"I knew it was just luck, but if a high number was picked I would next go with a low number",54,Never,NA,White,Female,Non-Hispanic
P0106,13,30,24,Lost,2,winner_in_set,FALSE,TRUE,TRUE,100,100,1,"I knew it was just luck, but if a high number was picked I would next go with a low number",54,Never,NA,White,Female,Non-Hispanic
P0106,14,8,11,Lost,3,winner_not_in_set,FALSE,FALSE,TRUE,95,100,1,"I knew it was just luck, but if a high number was picked I would next go with a low number",54,Never,NA,White,Female,Non-Hispanic
P0106,15,1,12,Lost,1,winner_not_in_set,FALSE,FALSE,TRUE,93,100,1,"I knew it was just luck, but if a high number was picked I would next go with a low number",54,Never,NA,White,Female,Non-Hispanic
P0106,16,25,25,Won,8,NA,FALSE,TRUE,TRUE,0,NA,1,"I knew it was just luck, but if a high number was picked I would next go with a low number",54,Never,NA,White,Female,Non-Hispanic
P0106,17,17,21,Lost,16,winner_in_set,FALSE,TRUE,TRUE,93,100,1,"I knew it was just luck, but if a high number was picked I would next go with a low number",54,Never,NA,White,Female,Non-Hispanic
P0106,18,13,1,Lost,3,winner_in_set,FALSE,TRUE,TRUE,99,100,1,"I knew it was just luck, but if a high number was picked I would next go with a low number",54,Never,NA,White,Female,Non-Hispanic
P0106,19,33,16,Lost,8,winner_in_set,FALSE,TRUE,TRUE,99,100,1,"I knew it was just luck, but if a high number was picked I would next go with a low number",54,Never,NA,White,Female,Non-Hispanic
P0106,20,20,25,Lost,3,winner_in_set,FALSE,TRUE,TRUE,95,100,1,"I knew it was just luck, but if a high number was picked I would next go with a low number",54,Never,NA,White,Female,Non-Hispanic
P0106,21,6,12,Lost,2,winner_in_set,FALSE,TRUE,TRUE,98,100,1,"I knew it was just luck, but if a high number was picked I would next go with a low number",54,Never,NA,White,Female,Non-Hispanic
P0106,22,27,18,Lost,2,winner_not_in_set,FALSE,FALSE,TRUE,94,100,1,"I knew it was just luck, but if a high number was picked I would next go with a low number",54,Never,NA,White,Female,Non-Hispanic
P0106,23,19,32,Lost,16,winner_not_in_set,FALSE,FALSE,TRUE,95,100,1,"I knew it was just luck, but if a high number was picked I would next go with a low number",54,Never,NA,White,Female,Non-Hispanic
P0106,24,2,2,Won,16,NA,FALSE,TRUE,TRUE,0,NA,1,"I knew it was just luck, but if a high number was picked I would next go with a low number",54,Never,NA,White,Female,Non-Hispanic
P0107,1,14,21,Lost,3,winner_in_set,FALSE,TRUE,TRUE,77,94,1,picking a number that had won more than once. ,30,Never,NA,White,Female,Non-Hispanic
P0107,2,22,21,Lost,2,winner_not_in_set,FALSE,FALSE,TRUE,60,100,1,picking a number that had won more than once. ,30,Never,NA,White,Female,Non-Hispanic
P0107,3,21,26,Lost,16,winner_not_in_set,FALSE,FALSE,TRUE,55,80,1,picking a number that had won more than once. ,30,Never,NA,White,Female,Non-Hispanic
P0107,4,26,26,Won,2,NA,FALSE,TRUE,TRUE,0,NA,1,picking a number that had won more than once. ,30,Never,NA,White,Female,Non-Hispanic
P0107,5,26,21,Lost,3,winner_in_set,FALSE,TRUE,TRUE,41,100,1,picking a number that had won more than once. ,30,Never,NA,White,Female,Non-Hispanic
P0107,6,21,32,Lost,1,winner_not_in_set,FALSE,FALSE,TRUE,48,94,1,picking a number that had won more than once. ,30,Never,NA,White,Female,Non-Hispanic
P0107,7,21,26,Lost,8,winner_in_set,FALSE,TRUE,TRUE,22,100,1,picking a number that had won more than once. ,30,Never,NA,White,Female,Non-Hispanic
P0107,8,21,26,Lost,2,winner_in_set,FALSE,TRUE,TRUE,100,100,1,picking a number that had won more than once. ,30,Never,NA,White,Female,Non-Hispanic
P0107,9,26,8,Lost,8,winner_not_in_set,FALSE,FALSE,TRUE,55,47,1,picking a number that had won more than once. ,30,Never,NA,White,Female,Non-Hispanic
P0107,10,26,10,Lost,3,winner_not_in_set,FALSE,FALSE,TRUE,44,64,1,picking a number that had won more than once. ,30,Never,NA,White,Female,Non-Hispanic
P0107,11,21,21,Won,2,NA,FALSE,TRUE,TRUE,0,NA,1,picking a number that had won more than once. ,30,Never,NA,White,Female,Non-Hispanic
P0107,12,21,13,Lost,0,NA,TRUE,FALSE,FALSE,26,64,1,picking a number that had won more than once. ,30,Never,NA,White,Female,Non-Hispanic
P0107,13,21,13,Lost,0,NA,TRUE,FALSE,FALSE,45,96,1,picking a number that had won more than once. ,30,Never,NA,White,Female,Non-Hispanic
P0107,14,26,33,Lost,8,winner_not_in_set,FALSE,FALSE,TRUE,50,43,1,picking a number that had won more than once. ,30,Never,NA,White,Female,Non-Hispanic
P0107,15,26,29,Lost,3,winner_not_in_set,FALSE,FALSE,TRUE,52,87,1,picking a number that had won more than once. ,30,Never,NA,White,Female,Non-Hispanic
P0107,16,13,21,Lost,0,NA,TRUE,FALSE,FALSE,61,92,1,picking a number that had won more than once. ,30,Never,NA,White,Female,Non-Hispanic
P0107,17,21,21,Won,16,NA,FALSE,TRUE,TRUE,0,NA,1,picking a number that had won more than once. ,30,Never,NA,White,Female,Non-Hispanic
P0107,18,21,12,Lost,1,winner_not_in_set,FALSE,FALSE,TRUE,39,50,1,picking a number that had won more than once. ,30,Never,NA,White,Female,Non-Hispanic
P0107,19,12,4,Lost,0,NA,TRUE,FALSE,FALSE,61,83,1,picking a number that had won more than once. ,30,Never,NA,White,Female,Non-Hispanic
P0107,20,21,29,Lost,1,winner_not_in_set,FALSE,FALSE,TRUE,55,57,1,picking a number that had won more than once. ,30,Never,NA,White,Female,Non-Hispanic
P0107,21,15,30,Lost,16,winner_in_set,FALSE,TRUE,TRUE,41,35,1,picking a number that had won more than once. ,30,Never,NA,White,Female,Non-Hispanic
P0107,22,35,12,Lost,8,winner_in_set,FALSE,TRUE,TRUE,78,81,1,picking a number that had won more than once. ,30,Never,NA,White,Female,Non-Hispanic
P0107,23,21,12,Lost,16,winner_not_in_set,FALSE,FALSE,TRUE,72,77,1,picking a number that had won more than once. ,30,Never,NA,White,Female,Non-Hispanic
P0107,24,12,12,Won,1,NA,FALSE,TRUE,TRUE,0,NA,1,picking a number that had won more than once. ,30,Never,NA,White,Female,Non-Hispanic
P0109,1,1,21,Lost,16,winner_in_set,FALSE,TRUE,TRUE,80,75,1,I tried picking blocks that were in the corners and just certain lucky numbers of mine. ,48,Never,NA,White,Female,Hispanic
P0109,2,36,14,Lost,3,winner_not_in_set,FALSE,FALSE,TRUE,50,75,1,I tried picking blocks that were in the corners and just certain lucky numbers of mine. ,48,Never,NA,White,Female,Hispanic
P0109,3,6,11,Lost,8,winner_in_set,FALSE,TRUE,TRUE,60,70,1,I tried picking blocks that were in the corners and just certain lucky numbers of mine. ,48,Never,NA,White,Female,Hispanic
P0109,4,9,9,Won,2,NA,FALSE,TRUE,TRUE,0,NA,1,I tried picking blocks that were in the corners and just certain lucky numbers of mine. ,48,Never,NA,White,Female,Hispanic
P0109,5,20,34,Lost,3,winner_in_set,FALSE,TRUE,TRUE,60,60,1,I tried picking blocks that were in the corners and just certain lucky numbers of mine. ,48,Never,NA,White,Female,Hispanic
P0109,6,1,30,Lost,8,winner_not_in_set,FALSE,FALSE,TRUE,70,75,1,I tried picking blocks that were in the corners and just certain lucky numbers of mine. ,48,Never,NA,White,Female,Hispanic
P0109,7,33,3,Lost,2,winner_in_set,FALSE,TRUE,TRUE,100,100,1,I tried picking blocks that were in the corners and just certain lucky numbers of mine. ,48,Never,NA,White,Female,Hispanic
P0109,8,11,2,Lost,16,winner_not_in_set,FALSE,FALSE,TRUE,60,75,1,I tried picking blocks that were in the corners and just certain lucky numbers of mine. ,48,Never,NA,White,Female,Hispanic
P0109,9,3,34,Lost,2,winner_not_in_set,FALSE,FALSE,TRUE,50,50,1,I tried picking blocks that were in the corners and just certain lucky numbers of mine. ,48,Never,NA,White,Female,Hispanic
P0109,10,13,11,Lost,16,winner_in_set,FALSE,TRUE,TRUE,60,70,1,I tried picking blocks that were in the corners and just certain lucky numbers of mine. ,48,Never,NA,White,Female,Hispanic
P0109,11,16,16,Won,1,NA,FALSE,TRUE,TRUE,0,NA,1,I tried picking blocks that were in the corners and just certain lucky numbers of mine. ,48,Never,NA,White,Female,Hispanic
P0109,12,20,24,Lost,0,NA,TRUE,FALSE,FALSE,55,75,1,I tried picking blocks that were in the corners and just certain lucky numbers of mine. ,48,Never,NA,White,Female,Hispanic
P0109,13,36,31,Lost,3,winner_not_in_set,FALSE,FALSE,TRUE,60,70,1,I tried picking blocks that were in the corners and just certain lucky numbers of mine. ,48,Never,NA,White,Female,Hispanic
P0109,14,21,33,Lost,3,winner_in_set,FALSE,TRUE,TRUE,100,100,1,I tried picking blocks that were in the corners and just certain lucky numbers of mine. ,48,Never,NA,White,Female,Hispanic
P0109,15,27,31,Lost,1,winner_not_in_set,FALSE,FALSE,TRUE,70,80,1,I tried picking blocks that were in the corners and just certain lucky numbers of mine. ,48,Never,NA,White,Female,Hispanic
P0109,16,35,17,Lost,1,winner_not_in_set,FALSE,FALSE,TRUE,50,50,1,I tried picking blocks that were in the corners and just certain lucky numbers of mine. ,48,Never,NA,White,Female,Hispanic
P0109,17,11,11,Won,0,NA,TRUE,FALSE,FALSE,0,NA,1,I tried picking blocks that were in the corners and just certain lucky numbers of mine. ,48,Never,NA,White,Female,Hispanic
P0109,18,22,35,Lost,0,NA,TRUE,FALSE,FALSE,50,49,1,I tried picking blocks that were in the corners and just certain lucky numbers of mine. ,48,Never,NA,White,Female,Hispanic
P0109,19,10,1,Lost,1,winner_not_in_set,FALSE,FALSE,TRUE,80,80,1,I tried picking blocks that were in the corners and just certain lucky numbers of mine. ,48,Never,NA,White,Female,Hispanic
P0109,20,8,9,Lost,2,winner_in_set,FALSE,TRUE,TRUE,100,100,1,I tried picking blocks that were in the corners and just certain lucky numbers of mine. ,48,Never,NA,White,Female,Hispanic
P0109,21,15,16,Lost,0,NA,TRUE,FALSE,FALSE,100,100,1,I tried picking blocks that were in the corners and just certain lucky numbers of mine. ,48,Never,NA,White,Female,Hispanic
P0109,22,14,14,Won,8,NA,FALSE,TRUE,TRUE,0,NA,1,I tried picking blocks that were in the corners and just certain lucky numbers of mine. ,48,Never,NA,White,Female,Hispanic
P0109,23,10,19,Lost,16,winner_not_in_set,FALSE,FALSE,TRUE,50,60,1,I tried picking blocks that were in the corners and just certain lucky numbers of mine. ,48,Never,NA,White,Female,Hispanic
P0109,24,9,16,Lost,8,winner_in_set,FALSE,TRUE,TRUE,50,70,1,I tried picking blocks that were in the corners and just certain lucky numbers of mine. ,48,Never,NA,White,Female,Hispanic
P0110,1,10,36,Lost,3,winner_not_in_set,FALSE,FALSE,TRUE,62,33,2,,34,Never,NA,White,Male,Non-Hispanic
P0110,2,16,15,Lost,16,winner_not_in_set,FALSE,FALSE,TRUE,12,50,2,,34,Never,NA,White,Male,Non-Hispanic
P0110,3,10,2,Lost,16,winner_not_in_set,FALSE,FALSE,TRUE,21,90,2,,34,Never,NA,White,Male,Non-Hispanic
P0110,4,17,4,Lost,2,winner_in_set,FALSE,TRUE,TRUE,51,41,2,,34,Never,NA,White,Male,Non-Hispanic
P0110,5,16,4,Lost,0,NA,TRUE,FALSE,FALSE,70,52,2,,34,Never,NA,White,Male,Non-Hispanic
P0110,6,24,24,Won,0,NA,TRUE,FALSE,FALSE,0,NA,2,,34,Never,NA,White,Male,Non-Hispanic
P0110,7,14,15,Lost,2,winner_not_in_set,FALSE,FALSE,TRUE,20,65,2,,34,Never,NA,White,Male,Non-Hispanic
P0110,8,3,2,Lost,3,winner_in_set,FALSE,TRUE,TRUE,60,80,2,,34,Never,NA,White,Male,Non-Hispanic
P0110,9,8,10,Lost,8,winner_in_set,FALSE,TRUE,TRUE,79,89,2,,34,Never,NA,White,Male,Non-Hispanic
P0110,10,22,32,Lost,2,winner_not_in_set,FALSE,FALSE,TRUE,51,100,2,,34,Never,NA,White,Male,Non-Hispanic
P0110,11,11,11,Won,3,NA,FALSE,TRUE,TRUE,0,NA,2,,34,Never,NA,White,Male,Non-Hispanic
P0110,12,23,18,Lost,16,winner_in_set,FALSE,TRUE,TRUE,79,58,2,,34,Never,NA,White,Male,Non-Hispanic
P0110,13,13,32,Lost,0,NA,TRUE,FALSE,FALSE,81,70,2,,34,Never,NA,White,Male,Non-Hispanic
P0110,14,8,17,Lost,16,winner_in_set,FALSE,TRUE,TRUE,51,60,2,,34,Never,NA,White,Male,Non-Hispanic
P0110,15,15,15,Won,1,NA,FALSE,TRUE,TRUE,0,NA,2,,34,Never,NA,White,Male,Non-Hispanic
P0110,16,17,6,Lost,0,NA,TRUE,FALSE,FALSE,73,65,2,,34,Never,NA,White,Male,Non-Hispanic
P0110,17,28,36,Lost,8,winner_in_set,FALSE,TRUE,TRUE,65,80,2,,34,Never,NA,White,Male,Non-Hispanic
P0110,18,9,29,Lost,1,winner_not_in_set,FALSE,FALSE,TRUE,62,86,2,,34,Never,NA,White,Male,Non-Hispanic
P0110,19,10,2,Lost,1,winner_not_in_set,FALSE,FALSE,TRUE,75,100,2,,34,Never,NA,White,Male,Non-Hispanic
P0110,20,23,14,Lost,3,winner_not_in_set,FALSE,FALSE,TRUE,60,70,2,,34,Never,NA,White,Male,Non-Hispanic
P0110,21,21,7,Lost,8,winner_not_in_set,FALSE,FALSE,TRUE,59,91,2,,34,Never,NA,White,Male,Non-Hispanic
P0110,22,36,16,Lost,2,winner_in_set,FALSE,TRUE,TRUE,100,100,2,,34,Never,NA,White,Male,Non-Hispanic
P0110,23,27,20,Lost,1,winner_not_in_set,FALSE,FALSE,TRUE,76,96,2,,34,Never,NA,White,Male,Non-Hispanic
P0110,24,5,5,Won,8,NA,FALSE,TRUE,TRUE,0,NA,2,,34,Never,NA,White,Male,Non-Hispanic
P0111,1,21,27,Lost,1,winner_not_in_set,FALSE,FALSE,TRUE,74,83,1,following the directions and when choosing the payment block take a guess,66,Never,NA,White,Male,Non-Hispanic
P0111,2,15,9,Lost,16,winner_not_in_set,FALSE,FALSE,TRUE,71,70,1,following the directions and when choosing the payment block take a guess,66,Never,NA,White,Male,Non-Hispanic
P0111,3,8,8,Won,0,NA,TRUE,FALSE,FALSE,0,NA,1,following the directions and when choosing the payment block take a guess,66,Never,NA,White,Male,Non-Hispanic
P0111,4,25,6,Lost,8,winner_not_in_set,FALSE,FALSE,TRUE,75,72,1,following the directions and when choosing the payment block take a guess,66,Never,NA,White,Male,Non-Hispanic
P0111,5,19,11,Lost,0,NA,TRUE,FALSE,FALSE,75,76,1,following the directions and when choosing the payment block take a guess,66,Never,NA,White,Male,Non-Hispanic
P0111,6,28,24,Lost,2,winner_not_in_set,FALSE,FALSE,TRUE,81,81,1,following the directions and when choosing the payment block take a guess,66,Never,NA,White,Male,Non-Hispanic
P0111,7,14,19,Lost,8,winner_in_set,FALSE,TRUE,TRUE,72,75,1,following the directions and when choosing the payment block take a guess,66,Never,NA,White,Male,Non-Hispanic
P0111,8,15,23,Lost,3,winner_not_in_set,FALSE,FALSE,TRUE,68,76,1,following the directions and when choosing the payment block take a guess,66,Never,NA,White,Male,Non-Hispanic
P0111,9,8,5,Lost,2,winner_not_in_set,FALSE,FALSE,TRUE,71,78,1,following the directions and when choosing the payment block take a guess,66,Never,NA,White,Male,Non-Hispanic
P0111,10,17,29,Lost,0,NA,TRUE,FALSE,FALSE,73,74,1,following the directions and when choosing the payment block take a guess,66,Never,NA,White,Male,Non-Hispanic
P0111,11,21,21,Won,2,NA,FALSE,TRUE,TRUE,0,NA,1,following the directions and when choosing the payment block take a guess,66,Never,NA,White,Male,Non-Hispanic
P0111,12,16,29,Lost,16,winner_in_set,FALSE,TRUE,TRUE,73,77,1,following the directions and when choosing the payment block take a guess,66,Never,NA,White,Male,Non-Hispanic
P0111,13,14,32,Lost,8,winner_not_in_set,FALSE,FALSE,TRUE,66,72,1,following the directions and when choosing the payment block take a guess,66,Never,NA,White,Male,Non-Hispanic
P0111,14,9,35,Lost,1,winner_not_in_set,FALSE,FALSE,TRUE,67,78,1,following the directions and when choosing the payment block take a guess,66,Never,NA,White,Male,Non-Hispanic
P0111,15,23,9,Lost,16,winner_not_in_set,FALSE,FALSE,TRUE,69,77,1,following the directions and when choosing the payment block take a guess,66,Never,NA,White,Male,Non-Hispanic
P0111,16,8,8,Won,3,NA,FALSE,TRUE,TRUE,0,NA,1,following the directions and when choosing the payment block take a guess,66,Never,NA,White,Male,Non-Hispanic
P0111,17,2,26,Lost,3,winner_in_set,FALSE,TRUE,TRUE,70,81,1,following the directions and when choosing the payment block take a guess,66,Never,NA,White,Male,Non-Hispanic
P0111,18,23,1,Lost,2,winner_in_set,FALSE,TRUE,TRUE,65,81,1,following the directions and when choosing the payment block take a guess,66,Never,NA,White,Male,Non-Hispanic
P0111,19,9,7,Lost,0,NA,TRUE,FALSE,FALSE,68,75,1,following the directions and when choosing the payment block take a guess,66,Never,NA,White,Male,Non-Hispanic
P0111,20,8,16,Lost,1,winner_not_in_set,FALSE,FALSE,TRUE,63,79,1,following the directions and when choosing the payment block take a guess,66,Never,NA,White,Male,Non-Hispanic
P0111,21,27,27,Won,16,NA,FALSE,TRUE,TRUE,0,NA,1,following the directions and when choosing the payment block take a guess,66,Never,NA,White,Male,Non-Hispanic
P0111,22,13,25,Lost,8,winner_in_set,FALSE,TRUE,TRUE,62,75,1,following the directions and when choosing the payment block take a guess,66,Never,NA,White,Male,Non-Hispanic
P0111,23,23,12,Lost,1,winner_not_in_set,FALSE,FALSE,TRUE,61,73,1,following the directions and when choosing the payment block take a guess,66,Never,NA,White,Male,Non-Hispanic
P0111,24,8,4,Lost,3,winner_not_in_set,FALSE,FALSE,TRUE,60,82,1,following the directions and when choosing the payment block take a guess,66,Never,NA,White,Male,Non-Hispanic
P0114,1,20,31,Lost,3,winner_not_in_set,FALSE,FALSE,TRUE,67,19,1,I tried to figure out what numbers were being pulled more often such as high vs low. Seemed like a lot of high numbers were being pulled so I hovered around more that area. When choosing 16 blocks I clicked multiple numbers right around each other instead of spreading out,38,A few times,NA,White,Female,Non-Hispanic
P0114,2,34,4,Lost,3,winner_in_set,FALSE,TRUE,TRUE,95,7,1,I tried to figure out what numbers were being pulled more often such as high vs low. Seemed like a lot of high numbers were being pulled so I hovered around more that area. When choosing 16 blocks I clicked multiple numbers right around each other instead of spreading out,38,A few times,NA,White,Female,Non-Hispanic
P0114,3,17,17,Won,16,NA,FALSE,TRUE,TRUE,0,NA,1,I tried to figure out what numbers were being pulled more often such as high vs low. Seemed like a lot of high numbers were being pulled so I hovered around more that area. When choosing 16 blocks I clicked multiple numbers right around each other instead of spreading out,38,A few times,NA,White,Female,Non-Hispanic
P0114,4,27,9,Lost,0,NA,TRUE,FALSE,FALSE,37,100,1,I tried to figure out what numbers were being pulled more often such as high vs low. Seemed like a lot of high numbers were being pulled so I hovered around more that area. When choosing 16 blocks I clicked multiple numbers right around each other instead of spreading out,38,A few times,NA,White,Female,Non-Hispanic
P0114,5,20,13,Lost,16,winner_in_set,FALSE,TRUE,TRUE,67,89,1,I tried to figure out what numbers were being pulled more often such as high vs low. Seemed like a lot of high numbers were being pulled so I hovered around more that area. When choosing 16 blocks I clicked multiple numbers right around each other instead of spreading out,38,A few times,NA,White,Female,Non-Hispanic
P0114,6,10,29,Lost,2,winner_not_in_set,FALSE,FALSE,TRUE,45,86,1,I tried to figure out what numbers were being pulled more often such as high vs low. Seemed like a lot of high numbers were being pulled so I hovered around more that area. When choosing 16 blocks I clicked multiple numbers right around each other instead of spreading out,38,A few times,NA,White,Female,Non-Hispanic
P0114,7,10,18,Lost,0,NA,TRUE,FALSE,FALSE,47,77,1,I tried to figure out what numbers were being pulled more often such as high vs low. Seemed like a lot of high numbers were being pulled so I hovered around more that area. When choosing 16 blocks I clicked multiple numbers right around each other instead of spreading out,38,A few times,NA,White,Female,Non-Hispanic
P0114,8,1,24,Lost,8,winner_in_set,FALSE,TRUE,TRUE,81,100,1,I tried to figure out what numbers were being pulled more often such as high vs low. Seemed like a lot of high numbers were being pulled so I hovered around more that area. When choosing 16 blocks I clicked multiple numbers right around each other instead of spreading out,38,A few times,NA,White,Female,Non-Hispanic
P0114,9,28,28,Won,1,NA,FALSE,TRUE,TRUE,0,NA,1,I tried to figure out what numbers were being pulled more often such as high vs low. Seemed like a lot of high numbers were being pulled so I hovered around more that area. When choosing 16 blocks I clicked multiple numbers right around each other instead of spreading out,38,A few times,NA,White,Female,Non-Hispanic
P0114,10,29,26,Lost,2,winner_in_set,FALSE,TRUE,TRUE,100,100,1,I tried to figure out what numbers were being pulled more often such as high vs low. Seemed like a lot of high numbers were being pulled so I hovered around more that area. When choosing 16 blocks I clicked multiple numbers right around each other instead of spreading out,38,A few times,NA,White,Female,Non-Hispanic
P0114,11,22,36,Lost,2,winner_not_in_set,FALSE,FALSE,TRUE,48,65,1,I tried to figure out what numbers were being pulled more often such as high vs low. Seemed like a lot of high numbers were being pulled so I hovered around more that area. When choosing 16 blocks I clicked multiple numbers right around each other instead of spreading out,38,A few times,NA,White,Female,Non-Hispanic
P0114,12,29,25,Lost,0,NA,TRUE,FALSE,FALSE,67,84,1,I tried to figure out what numbers were being pulled more often such as high vs low. Seemed like a lot of high numbers were being pulled so I hovered around more that area. When choosing 16 blocks I clicked multiple numbers right around each other instead of spreading out,38,A few times,NA,White,Female,Non-Hispanic
P0114,13,29,6,Lost,8,winner_not_in_set,FALSE,FALSE,TRUE,41,53,1,I tried to figure out what numbers were being pulled more often such as high vs low. Seemed like a lot of high numbers were being pulled so I hovered around more that area. When choosing 16 blocks I clicked multiple numbers right around each other instead of spreading out,38,A few times,NA,White,Female,Non-Hispanic
P0114,14,16,12,Lost,8,winner_not_in_set,FALSE,FALSE,TRUE,68,90,1,I tried to figure out what numbers were being pulled more often such as high vs low. Seemed like a lot of high numbers were being pulled so I hovered around more that area. When choosing 16 blocks I clicked multiple numbers right around each other instead of spreading out,38,A few times,NA,White,Female,Non-Hispanic
P0114,15,27,27,Won,1,NA,FALSE,TRUE,TRUE,0,NA,1,I tried to figure out what numbers were being pulled more often such as high vs low. Seemed like a lot of high numbers were being pulled so I hovered around more that area. When choosing 16 blocks I clicked multiple numbers right around each other instead of spreading out,38,A few times,NA,White,Female,Non-Hispanic
P0114,16,36,1,Lost,16,winner_not_in_set,FALSE,FALSE,TRUE,42,49,1,I tried to figure out what numbers were being pulled more often such as high vs low. Seemed like a lot of high numbers were being pulled so I hovered around more that area. When choosing 16 blocks I clicked multiple numbers right around each other instead of spreading out,38,A few times,NA,White,Female,Non-Hispanic
P0114,17,17,35,Lost,3,winner_not_in_set,FALSE,FALSE,TRUE,41,71,1,I tried to figure out what numbers were being pulled more often such as high vs low. Seemed like a lot of high numbers were being pulled so I hovered around more that area. When choosing 16 blocks I clicked multiple numbers right around each other instead of spreading out,38,A few times,NA,White,Female,Non-Hispanic
P0114,18,11,13,Lost,8,winner_in_set,FALSE,TRUE,TRUE,89,100,1,I tried to figure out what numbers were being pulled more often such as high vs low. Seemed like a lot of high numbers were being pulled so I hovered around more that area. When choosing 16 blocks I clicked multiple numbers right around each other instead of spreading out,38,A few times,NA,White,Female,Non-Hispanic
P0114,19,28,9,Lost,2,winner_in_set,FALSE,TRUE,TRUE,100,100,1,I tried to figure out what numbers were being pulled more often such as high vs low. Seemed like a lot of high numbers were being pulled so I hovered around more that area. When choosing 16 blocks I clicked multiple numbers right around each other instead of spreading out,38,A few times,NA,White,Female,Non-Hispanic
P0114,20,13,32,Lost,3,winner_in_set,FALSE,TRUE,TRUE,88,79,1,I tried to figure out what numbers were being pulled more often such as high vs low. Seemed like a lot of high numbers were being pulled so I hovered around more that area. When choosing 16 blocks I clicked multiple numbers right around each other instead of spreading out,38,A few times,NA,White,Female,Non-Hispanic
P0114,21,15,34,Lost,0,NA,TRUE,FALSE,FALSE,41,61,1,I tried to figure out what numbers were being pulled more often such as high vs low. Seemed like a lot of high numbers were being pulled so I hovered around more that area. When choosing 16 blocks I clicked multiple numbers right around each other instead of spreading out,38,A few times,NA,White,Female,Non-Hispanic
P0114,22,8,21,Lost,1,winner_not_in_set,FALSE,FALSE,TRUE,30,35,1,I tried to figure out what numbers were being pulled more often such as high vs low. Seemed like a lot of high numbers were being pulled so I hovered around more that area. When choosing 16 blocks I clicked multiple numbers right around each other instead of spreading out,38,A few times,NA,White,Female,Non-Hispanic
P0114,23,22,22,Won,1,NA,FALSE,TRUE,TRUE,0,NA,1,I tried to figure out what numbers were being pulled more often such as high vs low. Seemed like a lot of high numbers were being pulled so I hovered around more that area. When choosing 16 blocks I clicked multiple numbers right around each other instead of spreading out,38,A few times,NA,White,Female,Non-Hispanic
P0114,24,29,34,Lost,16,winner_not_in_set,FALSE,FALSE,TRUE,36,49,1,I tried to figure out what numbers were being pulled more often such as high vs low. Seemed like a lot of high numbers were being pulled so I hovered around more that area. When choosing 16 blocks I clicked multiple numbers right around each other instead of spreading out,38,A few times,NA,White,Female,Non-Hispanic
P0120,1,15,34,Lost,0,NA,TRUE,FALSE,FALSE,100,100,2,I just chose randomly,51,Never,NA,White,Female,Non-Hispanic
P0120,2,34,18,Lost,3,winner_in_set,FALSE,TRUE,TRUE,100,100,2,I just chose randomly,51,Never,NA,White,Female,Non-Hispanic
P0120,3,14,33,Lost,8,winner_not_in_set,FALSE,FALSE,TRUE,100,100,2,I just chose randomly,51,Never,NA,White,Female,Non-Hispanic
P0120,4,21,21,Won,16,NA,FALSE,TRUE,TRUE,0,NA,2,I just chose randomly,51,Never,NA,White,Female,Non-Hispanic
P0120,5,11,28,Lost,0,NA,TRUE,FALSE,FALSE,100,100,2,I just chose randomly,51,Never,NA,White,Female,Non-Hispanic
P0120,6,36,30,Lost,8,winner_not_in_set,FALSE,FALSE,TRUE,100,100,2,I just chose randomly,51,Never,NA,White,Female,Non-Hispanic
P0120,7,20,27,Lost,2,winner_not_in_set,FALSE,FALSE,TRUE,100,100,2,I just chose randomly,51,Never,NA,White,Female,Non-Hispanic
P0120,8,28,12,Lost,1,winner_not_in_set,FALSE,FALSE,TRUE,100,100,2,I just chose randomly,51,Never,NA,White,Female,Non-Hispanic
P0120,9,11,5,Lost,16,winner_in_set,FALSE,TRUE,TRUE,100,100,2,I just chose randomly,51,Never,NA,White,Female,Non-Hispanic
P0120,10,15,15,Won,8,NA,FALSE,TRUE,TRUE,0,NA,2,I just chose randomly,51,Never,NA,White,Female,Non-Hispanic
P0120,11,6,15,Lost,3,winner_not_in_set,FALSE,FALSE,TRUE,100,100,2,I just chose randomly,51,Never,NA,White,Female,Non-Hispanic
P0120,12,26,24,Lost,2,winner_not_in_set,FALSE,FALSE,TRUE,100,100,2,I just chose randomly,51,Never,NA,White,Female,Non-Hispanic
P0120,13,11,12,Lost,16,winner_in_set,FALSE,TRUE,TRUE,100,100,2,I just chose randomly,51,Never,NA,White,Female,Non-Hispanic
P0120,14,17,31,Lost,0,NA,TRUE,FALSE,FALSE,100,100,2,I just chose randomly,51,Never,NA,White,Female,Non-Hispanic
P0120,15,35,35,Won,0,NA,TRUE,FALSE,FALSE,0,NA,2,I just chose randomly,51,Never,NA,White,Female,Non-Hispanic
P0120,16,8,1,Lost,1,winner_not_in_set,FALSE,FALSE,TRUE,100,100,2,I just chose randomly,51,Never,NA,White,Female,Non-Hispanic
P0120,17,17,13,Lost,3,winner_not_in_set,FALSE,FALSE,TRUE,100,100,2,I just chose randomly,51,Never,NA,White,Female,Non-Hispanic
P0120,18,12,10,Lost,16,winner_not_in_set,FALSE,FALSE,TRUE,100,100,2,I just chose randomly,51,Never,NA,White,Female,Non-Hispanic
P0120,19,10,27,Lost,2,winner_in_set,FALSE,TRUE,TRUE,100,100,2,I just chose randomly,51,Never,NA,White,Female,Non-Hispanic
P0120,20,29,1,Lost,1,winner_not_in_set,FALSE,FALSE,TRUE,100,100,2,I just chose randomly,51,Never,NA,White,Female,Non-Hispanic
P0120,21,8,31,Lost,1,winner_not_in_set,FALSE,FALSE,TRUE,100,100,2,I just chose randomly,51,Never,NA,White,Female,Non-Hispanic
P0120,22,26,11,Lost,2,winner_in_set,FALSE,TRUE,TRUE,100,100,2,I just chose randomly,51,Never,NA,White,Female,Non-Hispanic
P0120,23,2,2,Won,3,NA,FALSE,TRUE,TRUE,0,NA,2,I just chose randomly,51,Never,NA,White,Female,Non-Hispanic
P0120,24,6,26,Lost,8,winner_in_set,FALSE,TRUE,TRUE,100,100,2,I just chose randomly,51,Never,NA,White,Female,Non-Hispanic
P0123,1,22,35,Lost,2,winner_not_in_set,FALSE,FALSE,TRUE,82,100,1,"I felt like it was random so even though I started out with a strategy, I simply went with what I felt towards the end.",35,A few times,NA,White,Male,Non-Hispanic
P0123,2,9,22,Lost,1,winner_not_in_set,FALSE,FALSE,TRUE,14,77,1,"I felt like it was random so even though I started out with a strategy, I simply went with what I felt towards the end.",35,A few times,NA,White,Male,Non-Hispanic
P0123,3,16,14,Lost,16,winner_in_set,FALSE,TRUE,TRUE,65,98,1,"I felt like it was random so even though I started out with a strategy, I simply went with what I felt towards the end.",35,A few times,NA,White,Male,Non-Hispanic
P0123,4,15,15,Won,2,NA,FALSE,TRUE,TRUE,0,NA,1,"I felt like it was random so even though I started out with a strategy, I simply went with what I felt towards the end.",35,A few times,NA,White,Male,Non-Hispanic
P0123,5,2,12,Lost,3,winner_not_in_set,FALSE,FALSE,TRUE,70,93,1,"I felt like it was random so even though I started out with a strategy, I simply went with what I felt towards the end.",35,A few times,NA,White,Male,Non-Hispanic
P0123,6,1,22,Lost,2,winner_in_set,FALSE,TRUE,TRUE,100,100,1,"I felt like it was random so even though I started out with a strategy, I simply went with what I felt towards the end.",35,A few times,NA,White,Male,Non-Hispanic
P0123,7,15,31,Lost,16,winner_not_in_set,FALSE,FALSE,TRUE,37,57,1,"I felt like it was random so even though I started out with a strategy, I simply went with what I felt towards the end.",35,A few times,NA,White,Male,Non-Hispanic
P0123,8,15,1,Lost,2,winner_in_set,FALSE,TRUE,TRUE,100,100,1,"I felt like it was random so even though I started out with a strategy, I simply went with what I felt towards the end.",35,A few times,NA,White,Male,Non-Hispanic
P0123,9,22,25,Lost,0,NA,TRUE,FALSE,FALSE,20,60,1,"I felt like it was random so even though I started out with a strategy, I simply went with what I felt towards the end.",35,A few times,NA,White,Male,Non-Hispanic
P0123,10,17,17,Won,0,NA,TRUE,FALSE,FALSE,0,NA,1,"I felt like it was random so even though I started out with a strategy, I simply went with what I felt towards the end.",35,A few times,NA,White,Male,Non-Hispanic
P0123,11,20,36,Lost,8,winner_not_in_set,FALSE,FALSE,TRUE,23,40,1,"I felt like it was random so even though I started out with a strategy, I simply went with what I felt towards the end.",35,A few times,NA,White,Male,Non-Hispanic
P0123,12,26,20,Lost,8,winner_not_in_set,FALSE,FALSE,TRUE,52,68,1,"I felt like it was random so even though I started out with a strategy, I simply went with what I felt towards the end.",35,A few times,NA,White,Male,Non-Hispanic
P0123,13,26,24,Lost,16,winner_not_in_set,FALSE,FALSE,TRUE,29,34,1,"I felt like it was random so even though I started out with a strategy, I simply went with what I felt towards the end.",35,A few times,NA,White,Male,Non-Hispanic
P0123,14,3,16,Lost,1,winner_not_in_set,FALSE,FALSE,TRUE,14,39,1,"I felt like it was random so even though I started out with a strategy, I simply went with what I felt towards the end.",35,A few times,NA,White,Male,Non-Hispanic
P0123,15,20,19,Lost,16,winner_in_set,FALSE,TRUE,TRUE,17,45,1,"I felt like it was random so even though I started out with a strategy, I simply went with what I felt towards the end.",35,A few times,NA,White,Male,Non-Hispanic
P0123,16,15,15,Won,3,NA,FALSE,TRUE,TRUE,0,NA,1,"I felt like it was random so even though I started out with a strategy, I simply went with what I felt towards the end.",35,A few times,NA,White,Male,Non-Hispanic
P0123,17,9,14,Lost,0,NA,TRUE,FALSE,FALSE,45,60,1,"I felt like it was random so even though I started out with a strategy, I simply went with what I felt towards the end.",35,A few times,NA,White,Male,Non-Hispanic
P0123,18,20,13,Lost,8,winner_in_set,FALSE,TRUE,TRUE,13,30,1,"I felt like it was random so even though I started out with a strategy, I simply went with what I felt towards the end.",35,A few times,NA,White,Male,Non-Hispanic
P0123,19,15,2,Lost,8,winner_in_set,FALSE,TRUE,TRUE,70,84,1,"I felt like it was random so even though I started out with a strategy, I simply went with what I felt towards the end.",35,A few times,NA,White,Male,Non-Hispanic
P0123,20,2,34,Lost,0,NA,TRUE,FALSE,FALSE,16,30,1,"I felt like it was random so even though I started out with a strategy, I simply went with what I felt towards the end.",35,A few times,NA,White,Male,Non-Hispanic
P0123,21,16,3,Lost,3,winner_not_in_set,FALSE,FALSE,TRUE,40,30,1,"I felt like it was random so even though I started out with a strategy, I simply went with what I felt towards the end.",35,A few times,NA,White,Male,Non-Hispanic
P0123,22,10,17,Lost,1,winner_not_in_set,FALSE,FALSE,TRUE,16,31,1,"I felt like it was random so even though I started out with a strategy, I simply went with what I felt towards the end.",35,A few times,NA,White,Male,Non-Hispanic
P0123,23,26,26,Won,3,NA,FALSE,TRUE,TRUE,0,NA,1,"I felt like it was random so even though I started out with a strategy, I simply went with what I felt towards the end.",35,A few times,NA,White,Male,Non-Hispanic
P0123,24,2,4,Lost,1,winner_not_in_set,FALSE,FALSE,TRUE,30,38,1,"I felt like it was random so even though I started out with a strategy, I simply went with what I felt towards the end.",35,A few times,NA,White,Male,Non-Hispanic
P0132,1,3,2,Lost,1,winner_not_in_set,FALSE,FALSE,TRUE,45,98,2,based on my intuition,33,A few times,NA,Black/African American,Female,Non-Hispanic
P0132,2,2,10,Lost,0,NA,TRUE,FALSE,FALSE,60,54,2,based on my intuition,33,A few times,NA,Black/African American,Female,Non-Hispanic
P0132,3,24,11,Lost,1,winner_not_in_set,FALSE,FALSE,TRUE,81,74,2,based on my intuition,33,A few times,NA,Black/African American,Female,Non-Hispanic
P0132,4,16,16,Won,0,NA,TRUE,FALSE,FALSE,0,NA,2,based on my intuition,33,A few times,NA,Black/African American,Female,Non-Hispanic
P0132,5,8,2,Lost,2,winner_in_set,FALSE,TRUE,TRUE,70,98,2,based on my intuition,33,A few times,NA,Black/African American,Female,Non-Hispanic
P0132,6,8,29,Lost,8,winner_not_in_set,FALSE,FALSE,TRUE,87,56,2,based on my intuition,33,A few times,NA,Black/African American,Female,Non-Hispanic
P0132,7,4,33,Lost,16,winner_not_in_set,FALSE,FALSE,TRUE,80,92,2,based on my intuition,33,A few times,NA,Black/African American,Female,Non-Hispanic
P0132,8,16,30,Lost,1,winner_not_in_set,FALSE,FALSE,TRUE,63,95,2,based on my intuition,33,A few times,NA,Black/African American,Female,Non-Hispanic
P0132,9,16,6,Lost,2,winner_not_in_set,FALSE,FALSE,TRUE,71,93,2,based on my intuition,33,A few times,NA,Black/African American,Female,Non-Hispanic
P0132,10,10,20,Lost,8,winner_in_set,FALSE,TRUE,TRUE,56,88,2,based on my intuition,33,A few times,NA,Black/African American,Female,Non-Hispanic
P0132,11,18,18,Won,3,NA,FALSE,TRUE,TRUE,0,NA,2,based on my intuition,33,A few times,NA,Black/African American,Female,Non-Hispanic
P0132,12,13,12,Lost,16,winner_not_in_set,FALSE,FALSE,TRUE,97,84,2,based on my intuition,33,A few times,NA,Black/African American,Female,Non-Hispanic
P0132,13,6,25,Lost,2,winner_not_in_set,FALSE,FALSE,TRUE,78,93,2,based on my intuition,33,A few times,NA,Black/African American,Female,Non-Hispanic
P0132,14,18,6,Lost,3,winner_not_in_set,FALSE,FALSE,TRUE,86,68,2,based on my intuition,33,A few times,NA,Black/African American,Female,Non-Hispanic
P0132,15,30,12,Lost,8,winner_not_in_set,FALSE,FALSE,TRUE,91,73,2,based on my intuition,33,A few times,NA,Black/African American,Female,Non-Hispanic
P0132,16,24,34,Lost,16,winner_in_set,FALSE,TRUE,TRUE,74,92,2,based on my intuition,33,A few times,NA,Black/African American,Female,Non-Hispanic
P0132,17,10,4,Lost,3,winner_not_in_set,FALSE,FALSE,TRUE,67,95,2,based on my intuition,33,A few times,NA,Black/African American,Female,Non-Hispanic
P0132,18,12,12,Won,8,NA,FALSE,TRUE,TRUE,0,NA,2,based on my intuition,33,A few times,NA,Black/African American,Female,Non-Hispanic
P0132,19,12,4,Lost,3,winner_in_set,FALSE,TRUE,TRUE,70,93,2,based on my intuition,33,A few times,NA,Black/African American,Female,Non-Hispanic
P0132,20,24,33,Lost,16,winner_in_set,FALSE,TRUE,TRUE,62,91,2,based on my intuition,33,A few times,NA,Black/African American,Female,Non-Hispanic
P0132,21,12,4,Lost,2,winner_in_set,FALSE,TRUE,TRUE,76,90,2,based on my intuition,33,A few times,NA,Black/African American,Female,Non-Hispanic
P0132,22,8,25,Lost,0,NA,TRUE,FALSE,FALSE,73,94,2,based on my intuition,33,A few times,NA,Black/African American,Female,Non-Hispanic
P0132,23,21,21,Won,0,NA,TRUE,FALSE,FALSE,85,NA,2,based on my intuition,33,A few times,NA,Black/African American,Female,Non-Hispanic
P0132,24,17,34,Lost,1,winner_not_in_set,FALSE,FALSE,TRUE,80,88,2,based on my intuition,33,A few times,NA,Black/African American,Female,Non-Hispanic
P0138,1,7,28,Lost,0,NA,TRUE,FALSE,FALSE,76,25,1,Totally random for the most part... Tried to avoid picking the same spot twice since I didn't know if the map shifted.,37,A few times,NA,White,Male,Non-Hispanic
P0138,2,28,11,Lost,3,winner_not_in_set,FALSE,FALSE,TRUE,75,23,1,Totally random for the most part... Tried to avoid picking the same spot twice since I didn't know if the map shifted.,37,A few times,NA,White,Male,Non-Hispanic
P0138,3,16,15,Lost,0,NA,TRUE,FALSE,FALSE,71,16,1,Totally random for the most part... Tried to avoid picking the same spot twice since I didn't know if the map shifted.,37,A few times,NA,White,Male,Non-Hispanic
P0138,4,25,9,Lost,3,winner_not_in_set,FALSE,FALSE,TRUE,70,12,1,Totally random for the most part... Tried to avoid picking the same spot twice since I didn't know if the map shifted.,37,A few times,NA,White,Male,Non-Hispanic
P0138,5,9,3,Lost,2,winner_not_in_set,FALSE,FALSE,TRUE,67,22,1,Totally random for the most part... Tried to avoid picking the same spot twice since I didn't know if the map shifted.,37,A few times,NA,White,Male,Non-Hispanic
P0138,6,11,11,Won,16,NA,FALSE,TRUE,TRUE,0,NA,1,Totally random for the most part... Tried to avoid picking the same spot twice since I didn't know if the map shifted.,37,A few times,NA,White,Male,Non-Hispanic
P0138,7,3,32,Lost,16,winner_not_in_set,FALSE,FALSE,TRUE,80,14,1,Totally random for the most part... Tried to avoid picking the same spot twice since I didn't know if the map shifted.,37,A few times,NA,White,Male,Non-Hispanic
P0138,8,2,20,Lost,8,winner_not_in_set,FALSE,FALSE,TRUE,83,18,1,Totally random for the most part... Tried to avoid picking the same spot twice since I didn't know if the map shifted.,37,A few times,NA,White,Male,Non-Hispanic
P0138,9,23,17,Lost,3,winner_in_set,FALSE,TRUE,TRUE,79,12,1,Totally random for the most part... Tried to avoid picking the same spot twice since I didn't know if the map shifted.,37,A few times,NA,White,Male,Non-Hispanic
P0138,10,22,9,Lost,1,winner_not_in_set,FALSE,FALSE,TRUE,80,20,1,Totally random for the most part... Tried to avoid picking the same spot twice since I didn't know if the map shifted.,37,A few times,NA,White,Male,Non-Hispanic
P0138,11,10,10,Won,1,NA,FALSE,TRUE,TRUE,0,NA,1,Totally random for the most part... Tried to avoid picking the same spot twice since I didn't know if the map shifted.,37,A few times,NA,White,Male,Non-Hispanic
P0138,12,21,27,Lost,8,winner_in_set,FALSE,TRUE,TRUE,84,16,1,Totally random for the most part... Tried to avoid picking the same spot twice since I didn't know if the map shifted.,37,A few times,NA,White,Male,Non-Hispanic
P0138,13,10,2,Lost,0,NA,TRUE,FALSE,FALSE,80,14,1,Totally random for the most part... Tried to avoid picking the same spot twice since I didn't know if the map shifted.,37,A few times,NA,White,Male,Non-Hispanic
P0138,14,27,31,Lost,8,winner_not_in_set,FALSE,FALSE,TRUE,90,15,1,Totally random for the most part... Tried to avoid picking the same spot twice since I didn't know if the map shifted.,37,A few times,NA,White,Male,Non-Hispanic
P0138,15,36,20,Lost,0,NA,TRUE,FALSE,FALSE,88,29,1,Totally random for the most part... Tried to avoid picking the same spot twice since I didn't know if the map shifted.,37,A few times,NA,White,Male,Non-Hispanic
P0138,16,1,1,Won,2,NA,FALSE,TRUE,TRUE,0,NA,1,Totally random for the most part... Tried to avoid picking the same spot twice since I didn't know if the map shifted.,37,A few times,NA,White,Male,Non-Hispanic
P0138,17,33,21,Lost,2,winner_not_in_set,FALSE,FALSE,TRUE,85,24,1,Totally random for the most part... Tried to avoid picking the same spot twice since I didn't know if the map shifted.,37,A few times,NA,White,Male,Non-Hispanic
P0138,18,35,17,Lost,1,winner_not_in_set,FALSE,FALSE,TRUE,81,24,1,Totally random for the most part... Tried to avoid picking the same spot twice since I didn't know if the map shifted.,37,A few times,NA,White,Male,Non-Hispanic
P0138,19,5,20,Lost,1,winner_not_in_set,FALSE,FALSE,TRUE,78,24,1,Totally random for the most part... Tried to avoid picking the same spot twice since I didn't know if the map shifted.,37,A few times,NA,White,Male,Non-Hispanic
P0138,20,32,33,Lost,2,winner_in_set,FALSE,TRUE,TRUE,91,23,1,Totally random for the most part... Tried to avoid picking the same spot twice since I didn't know if the map shifted.,37,A few times,NA,White,Male,Non-Hispanic
P0138,21,14,14,Won,3,NA,FALSE,TRUE,TRUE,0,NA,1,Totally random for the most part... Tried to avoid picking the same spot twice since I didn't know if the map shifted.,37,A few times,NA,White,Male,Non-Hispanic
P0138,22,20,4,Lost,16,winner_in_set,FALSE,TRUE,TRUE,92,13,1,Totally random for the most part... Tried to avoid picking the same spot twice since I didn't know if the map shifted.,37,A few times,NA,White,Male,Non-Hispanic
P0138,23,29,11,Lost,8,winner_in_set,FALSE,TRUE,TRUE,88,21,1,Totally random for the most part... Tried to avoid picking the same spot twice since I didn't know if the map shifted.,37,A few times,NA,White,Male,Non-Hispanic
P0138,24,6,2,Lost,16,winner_in_set,FALSE,TRUE,TRUE,87,17,1,Totally random for the most part... Tried to avoid picking the same spot twice since I didn't know if the map shifted.,37,A few times,NA,White,Male,Non-Hispanic
P0139,1,2,18,Lost,3,winner_not_in_set,FALSE,FALSE,TRUE,0,50,1,"Well, after noticing that the next emerald was in the same vicinity as the previous emerald, I tried to guess near or on the previous winning block.",61,Never,NA,White,Male,Non-Hispanic
P0139,2,20,19,Lost,3,winner_in_set,FALSE,TRUE,TRUE,100,100,1,"Well, after noticing that the next emerald was in the same vicinity as the previous emerald, I tried to guess near or on the previous winning block.",61,Never,NA,White,Male,Non-Hispanic
P0139,3,20,7,Lost,1,winner_not_in_set,FALSE,FALSE,TRUE,100,100,1,"Well, after noticing that the next emerald was in the same vicinity as the previous emerald, I tried to guess near or on the previous winning block.",61,Never,NA,White,Male,Non-Hispanic
P0139,4,8,8,Won,2,NA,FALSE,TRUE,TRUE,0,NA,1,"Well, after noticing that the next emerald was in the same vicinity as the previous emerald, I tried to guess near or on the previous winning block.",61,Never,NA,White,Male,Non-Hispanic
P0139,5,9,22,Lost,0,NA,TRUE,FALSE,FALSE,0,0,1,"Well, after noticing that the next emerald was in the same vicinity as the previous emerald, I tried to guess near or on the previous winning block.",61,Never,NA,White,Male,Non-Hispanic
P0139,6,23,33,Lost,16,winner_in_set,FALSE,TRUE,TRUE,0,0,1,"Well, after noticing that the next emerald was in the same vicinity as the previous emerald, I tried to guess near or on the previous winning block.",61,Never,NA,White,Male,Non-Hispanic
P0139,7,34,33,Lost,2,winner_in_set,FALSE,TRUE,TRUE,100,100,1,"Well, after noticing that the next emerald was in the same vicinity as the previous emerald, I tried to guess near or on the previous winning block.",61,Never,NA,White,Male,Non-Hispanic
P0139,8,28,30,Lost,8,winner_in_set,FALSE,TRUE,TRUE,100,100,1,"Well, after noticing that the next emerald was in the same vicinity as the previous emerald, I tried to guess near or on the previous winning block.",61,Never,NA,White,Male,Non-Hispanic
P0139,9,30,23,Lost,0,NA,TRUE,FALSE,FALSE,100,100,1,"Well, after noticing that the next emerald was in the same vicinity as the previous emerald, I tried to guess near or on the previous winning block.",61,Never,NA,White,Male,Non-Hispanic
P0139,10,24,26,Lost,8,winner_in_set,FALSE,TRUE,TRUE,100,100,1,"Well, after noticing that the next emerald was in the same vicinity as the previous emerald, I tried to guess near or on the previous winning block.",61,Never,NA,White,Male,Non-Hispanic
P0139,11,26,30,Lost,1,winner_not_in_set,FALSE,FALSE,TRUE,100,100,1,"Well, after noticing that the next emerald was in the same vicinity as the previous emerald, I tried to guess near or on the previous winning block.",61,Never,NA,White,Male,Non-Hispanic
P0139,12,31,31,Won,2,NA,FALSE,TRUE,TRUE,0,NA,1,"Well, after noticing that the next emerald was in the same vicinity as the previous emerald, I tried to guess near or on the previous winning block.",61,Never,NA,White,Male,Non-Hispanic
P0139,13,21,28,Lost,1,winner_not_in_set,FALSE,FALSE,TRUE,50,50,1,"Well, after noticing that the next emerald was in the same vicinity as the previous emerald, I tried to guess near or on the previous winning block.",61,Never,NA,White,Male,Non-Hispanic
P0139,14,18,24,Lost,2,winner_in_set,FALSE,TRUE,TRUE,100,100,1,"Well, after noticing that the next emerald was in the same vicinity as the previous emerald, I tried to guess near or on the previous winning block.",61,Never,NA,White,Male,Non-Hispanic
P0139,15,22,33,Lost,8,winner_not_in_set,FALSE,FALSE,TRUE,100,100,1,"Well, after noticing that the next emerald was in the same vicinity as the previous emerald, I tried to guess near or on the previous winning block.",61,Never,NA,White,Male,Non-Hispanic
P0139,16,33,9,Lost,1,winner_not_in_set,FALSE,FALSE,TRUE,17,100,1,"Well, after noticing that the next emerald was in the same vicinity as the previous emerald, I tried to guess near or on the previous winning block.",61,Never,NA,White,Male,Non-Hispanic
P0139,17,10,10,Won,3,NA,FALSE,TRUE,TRUE,0,NA,1,"Well, after noticing that the next emerald was in the same vicinity as the previous emerald, I tried to guess near or on the previous winning block.",61,Never,NA,White,Male,Non-Hispanic
P0139,18,11,10,Lost,0,NA,TRUE,FALSE,FALSE,100,100,1,"Well, after noticing that the next emerald was in the same vicinity as the previous emerald, I tried to guess near or on the previous winning block.",61,Never,NA,White,Male,Non-Hispanic
P0139,19,11,17,Lost,0,NA,TRUE,FALSE,FALSE,100,100,1,"Well, after noticing that the next emerald was in the same vicinity as the previous emerald, I tried to guess near or on the previous winning block.",61,Never,NA,White,Male,Non-Hispanic
P0139,20,16,2,Lost,16,winner_not_in_set,FALSE,FALSE,TRUE,0,0,1,"Well, after noticing that the next emerald was in the same vicinity as the previous emerald, I tried to guess near or on the previous winning block.",61,Never,NA,White,Male,Non-Hispanic
P0139,21,2,2,Won,16,NA,FALSE,TRUE,TRUE,0,NA,1,"Well, after noticing that the next emerald was in the same vicinity as the previous emerald, I tried to guess near or on the previous winning block.",61,Never,NA,White,Male,Non-Hispanic
P0139,22,33,11,Lost,16,winner_not_in_set,FALSE,FALSE,TRUE,0,50,1,"Well, after noticing that the next emerald was in the same vicinity as the previous emerald, I tried to guess near or on the previous winning block.",61,Never,NA,White,Male,Non-Hispanic
P0139,23,11,13,Lost,3,winner_in_set,FALSE,TRUE,TRUE,100,100,1,"Well, after noticing that the next emerald was in the same vicinity as the previous emerald, I tried to guess near or on the previous winning block.",61,Never,NA,White,Male,Non-Hispanic
P0139,24,22,32,Lost,8,winner_not_in_set,FALSE,FALSE,TRUE,0,0,1,"Well, after noticing that the next emerald was in the same vicinity as the previous emerald, I tried to guess near or on the previous winning block.",61,Never,NA,White,Male,Non-Hispanic
P0148,1,10,33,Lost,8,winner_in_set,FALSE,TRUE,TRUE,10,62,1,random,47,Never,NA,White,Female,Non-Hispanic
P0148,2,7,5,Lost,0,NA,TRUE,FALSE,FALSE,0,0,1,random,47,Never,NA,White,Female,Non-Hispanic
P0148,3,9,11,Lost,2,winner_not_in_set,FALSE,FALSE,TRUE,0,0,1,random,47,Never,NA,White,Female,Non-Hispanic
P0148,4,12,8,Lost,1,winner_not_in_set,FALSE,FALSE,TRUE,12,15,1,random,47,Never,NA,White,Female,Non-Hispanic
P0148,5,36,35,Lost,3,winner_not_in_set,FALSE,FALSE,TRUE,18,61,1,random,47,Never,NA,White,Female,Non-Hispanic
P0148,6,14,14,Won,2,NA,FALSE,TRUE,TRUE,0,NA,1,random,47,Never,NA,White,Female,Non-Hispanic
P0148,7,11,33,Lost,16,winner_in_set,FALSE,TRUE,TRUE,11,42,1,random,47,Never,NA,White,Female,Non-Hispanic
P0148,8,22,23,Lost,16,winner_not_in_set,FALSE,FALSE,TRUE,14,32,1,random,47,Never,NA,White,Female,Non-Hispanic
P0148,9,26,26,Won,0,NA,TRUE,FALSE,FALSE,0,NA,1,random,47,Never,NA,White,Female,Non-Hispanic
P0148,10,13,28,Lost,1,winner_not_in_set,FALSE,FALSE,TRUE,12,14,1,random,47,Never,NA,White,Female,Non-Hispanic
P0148,11,5,17,Lost,3,winner_in_set,FALSE,TRUE,TRUE,24,53,1,random,47,Never,NA,White,Female,Non-Hispanic
P0148,12,24,3,Lost,1,winner_not_in_set,FALSE,FALSE,TRUE,12,33,1,random,47,Never,NA,White,Female,Non-Hispanic
P0148,13,30,20,Lost,2,winner_not_in_set,FALSE,FALSE,TRUE,15,37,1,random,47,Never,NA,White,Female,Non-Hispanic
P0148,14,2,8,Lost,8,winner_in_set,FALSE,TRUE,TRUE,12,41,1,random,47,Never,NA,White,Female,Non-Hispanic
P0148,15,7,11,Lost,2,winner_in_set,FALSE,TRUE,TRUE,13,69,1,random,47,Never,NA,White,Female,Non-Hispanic
P0148,16,21,7,Lost,0,NA,TRUE,FALSE,FALSE,14,27,1,random,47,Never,NA,White,Female,Non-Hispanic
P0148,17,31,1,Lost,3,winner_in_set,FALSE,TRUE,TRUE,20,56,1,random,47,Never,NA,White,Female,Non-Hispanic
P0148,18,26,26,Won,8,NA,FALSE,TRUE,TRUE,0,NA,1,random,47,Never,NA,White,Female,Non-Hispanic
P0148,19,8,9,Lost,16,winner_in_set,FALSE,TRUE,TRUE,9,46,1,random,47,Never,NA,White,Female,Non-Hispanic
P0148,20,19,17,Lost,16,winner_not_in_set,FALSE,FALSE,TRUE,8,46,1,random,47,Never,NA,White,Female,Non-Hispanic
P0148,21,22,3,Lost,3,winner_not_in_set,FALSE,FALSE,TRUE,9,19,1,random,47,Never,NA,White,Female,Non-Hispanic
P0148,22,20,20,Won,8,NA,FALSE,TRUE,TRUE,0,NA,1,random,47,Never,NA,White,Female,Non-Hispanic
P0148,23,4,8,Lost,1,winner_not_in_set,FALSE,FALSE,TRUE,11,31,1,random,47,Never,NA,White,Female,Non-Hispanic
P0148,24,6,23,Lost,0,NA,TRUE,FALSE,FALSE,7,28,1,random,47,Never,NA,White,Female,Non-Hispanic
P0149,1,15,3,Lost,1,winner_not_in_set,FALSE,FALSE,TRUE,47,84,1,"Sometimes I just chose randomly, sometimes I chose blocks I had just chosen in the previous round because it seemed like those turned up kind of often in the following round. Mostly, I just went with my gut.",38,A few times,NA,White,Female,Non-Hispanic
P0149,2,33,10,Lost,2,winner_in_set,FALSE,TRUE,TRUE,84,100,1,"Sometimes I just chose randomly, sometimes I chose blocks I had just chosen in the previous round because it seemed like those turned up kind of often in the following round. Mostly, I just went with my gut.",38,A few times,NA,White,Female,Non-Hispanic
P0149,3,33,6,Lost,0,NA,TRUE,FALSE,FALSE,63,78,1,"Sometimes I just chose randomly, sometimes I chose blocks I had just chosen in the previous round because it seemed like those turned up kind of often in the following round. Mostly, I just went with my gut.",38,A few times,NA,White,Female,Non-Hispanic
P0149,4,13,13,Won,0,NA,TRUE,FALSE,FALSE,0,NA,1,"Sometimes I just chose randomly, sometimes I chose blocks I had just chosen in the previous round because it seemed like those turned up kind of often in the following round. Mostly, I just went with my gut.",38,A few times,NA,White,Female,Non-Hispanic
P0149,5,24,35,Lost,0,NA,TRUE,FALSE,FALSE,40,70,1,"Sometimes I just chose randomly, sometimes I chose blocks I had just chosen in the previous round because it seemed like those turned up kind of often in the following round. Mostly, I just went with my gut.",38,A few times,NA,White,Female,Non-Hispanic
P0149,6,17,27,Lost,3,winner_not_in_set,FALSE,FALSE,TRUE,37,73,1,"Sometimes I just chose randomly, sometimes I chose blocks I had just chosen in the previous round because it seemed like those turned up kind of often in the following round. Mostly, I just went with my gut.",38,A few times,NA,White,Female,Non-Hispanic
P0149,7,19,30,Lost,8,winner_in_set,FALSE,TRUE,TRUE,27,100,1,"Sometimes I just chose randomly, sometimes I chose blocks I had just chosen in the previous round because it seemed like those turned up kind of often in the following round. Mostly, I just went with my gut.",38,A few times,NA,White,Female,Non-Hispanic
P0149,8,23,30,Lost,1,winner_not_in_set,FALSE,FALSE,TRUE,31,100,1,"Sometimes I just chose randomly, sometimes I chose blocks I had just chosen in the previous round because it seemed like those turned up kind of often in the following round. Mostly, I just went with my gut.",38,A few times,NA,White,Female,Non-Hispanic
P0149,9,21,21,Won,1,NA,FALSE,TRUE,TRUE,0,NA,1,"Sometimes I just chose randomly, sometimes I chose blocks I had just chosen in the previous round because it seemed like those turned up kind of often in the following round. Mostly, I just went with my gut.",38,A few times,NA,White,Female,Non-Hispanic
P0149,10,6,31,Lost,3,winner_in_set,FALSE,TRUE,TRUE,16,100,1,"Sometimes I just chose randomly, sometimes I chose blocks I had just chosen in the previous round because it seemed like those turned up kind of often in the following round. Mostly, I just went with my gut.",38,A few times,NA,White,Female,Non-Hispanic
P0149,11,7,1,Lost,2,winner_in_set,FALSE,TRUE,TRUE,21,100,1,"Sometimes I just chose randomly, sometimes I chose blocks I had just chosen in the previous round because it seemed like those turned up kind of often in the following round. Mostly, I just went with my gut.",38,A few times,NA,White,Female,Non-Hispanic
P0149,12,7,36,Lost,0,NA,TRUE,FALSE,FALSE,54,62,1,"Sometimes I just chose randomly, sometimes I chose blocks I had just chosen in the previous round because it seemed like those turned up kind of often in the following round. Mostly, I just went with my gut.",38,A few times,NA,White,Female,Non-Hispanic
P0149,13,11,26,Lost,1,winner_not_in_set,FALSE,FALSE,TRUE,9,53,1,"Sometimes I just chose randomly, sometimes I chose blocks I had just chosen in the previous round because it seemed like those turned up kind of often in the following round. Mostly, I just went with my gut.",38,A few times,NA,White,Female,Non-Hispanic
P0149,14,4,32,Lost,8,winner_in_set,FALSE,TRUE,TRUE,14,63,1,"Sometimes I just chose randomly, sometimes I chose blocks I had just chosen in the previous round because it seemed like those turned up kind of often in the following round. Mostly, I just went with my gut.",38,A few times,NA,White,Female,Non-Hispanic
P0149,15,29,29,Won,16,NA,FALSE,TRUE,TRUE,0,NA,1,"Sometimes I just chose randomly, sometimes I chose blocks I had just chosen in the previous round because it seemed like those turned up kind of often in the following round. Mostly, I just went with my gut.",38,A few times,NA,White,Female,Non-Hispanic
P0149,16,1,29,Lost,2,winner_not_in_set,FALSE,FALSE,TRUE,2,49,1,"Sometimes I just chose randomly, sometimes I chose blocks I had just chosen in the previous round because it seemed like those turned up kind of often in the following round. Mostly, I just went with my gut.",38,A few times,NA,White,Female,Non-Hispanic
P0149,17,11,35,Lost,16,winner_not_in_set,FALSE,FALSE,TRUE,10,26,1,"Sometimes I just chose randomly, sometimes I chose blocks I had just chosen in the previous round because it seemed like those turned up kind of often in the following round. Mostly, I just went with my gut.",38,A few times,NA,White,Female,Non-Hispanic
P0149,18,16,2,Lost,8,winner_not_in_set,FALSE,FALSE,TRUE,7,24,1,"Sometimes I just chose randomly, sometimes I chose blocks I had just chosen in the previous round because it seemed like those turned up kind of often in the following round. Mostly, I just went with my gut.",38,A few times,NA,White,Female,Non-Hispanic
P0149,19,17,26,Lost,3,winner_in_set,FALSE,TRUE,TRUE,26,100,1,"Sometimes I just chose randomly, sometimes I chose blocks I had just chosen in the previous round because it seemed like those turned up kind of often in the following round. Mostly, I just went with my gut.",38,A few times,NA,White,Female,Non-Hispanic
P0149,20,21,13,Lost,8,winner_not_in_set,FALSE,FALSE,TRUE,16,45,1,"Sometimes I just chose randomly, sometimes I chose blocks I had just chosen in the previous round because it seemed like those turned up kind of often in the following round. Mostly, I just went with my gut.",38,A few times,NA,White,Female,Non-Hispanic
P0149,21,28,35,Lost,16,winner_in_set,FALSE,TRUE,TRUE,30,88,1,"Sometimes I just chose randomly, sometimes I chose blocks I had just chosen in the previous round because it seemed like those turned up kind of often in the following round. Mostly, I just went with my gut.",38,A few times,NA,White,Female,Non-Hispanic
P0149,22,36,36,Won,3,NA,FALSE,TRUE,TRUE,0,NA,1,"Sometimes I just chose randomly, sometimes I chose blocks I had just chosen in the previous round because it seemed like those turned up kind of often in the following round. Mostly, I just went with my gut.",38,A few times,NA,White,Female,Non-Hispanic
P0149,23,3,7,Lost,16,winner_not_in_set,FALSE,FALSE,TRUE,6,35,1,"Sometimes I just chose randomly, sometimes I chose blocks I had just chosen in the previous round because it seemed like those turned up kind of often in the following round. Mostly, I just went with my gut.",38,A few times,NA,White,Female,Non-Hispanic
P0149,24,3,31,Lost,2,winner_not_in_set,FALSE,FALSE,TRUE,15,100,1,"Sometimes I just chose randomly, sometimes I chose blocks I had just chosen in the previous round because it seemed like those turned up kind of often in the following round. Mostly, I just went with my gut.",38,A few times,NA,White,Female,Non-Hispanic
P0151,1,15,6,Lost,0,NA,TRUE,FALSE,FALSE,25,65,1,"I chose birthdays for about half the minecraft game. My birthday, my moms, and my brother. Then I just picked other numbers feeling lucky.",48,Never,NA,White,Male,Hispanic
P0151,2,23,34,Lost,0,NA,TRUE,FALSE,FALSE,25,65,1,"I chose birthdays for about half the minecraft game. My birthday, my moms, and my brother. Then I just picked other numbers feeling lucky.",48,Never,NA,White,Male,Hispanic
P0151,3,16,8,Lost,3,winner_in_set,FALSE,TRUE,TRUE,75,82,1,"I chose birthdays for about half the minecraft game. My birthday, my moms, and my brother. Then I just picked other numbers feeling lucky.",48,Never,NA,White,Male,Hispanic
P0151,4,29,4,Lost,3,winner_not_in_set,FALSE,FALSE,TRUE,25,65,1,"I chose birthdays for about half the minecraft game. My birthday, my moms, and my brother. Then I just picked other numbers feeling lucky.",48,Never,NA,White,Male,Hispanic
P0151,5,16,28,Lost,2,winner_not_in_set,FALSE,FALSE,TRUE,25,70,1,"I chose birthdays for about half the minecraft game. My birthday, my moms, and my brother. Then I just picked other numbers feeling lucky.",48,Never,NA,White,Male,Hispanic
P0151,6,15,15,Won,16,NA,FALSE,TRUE,TRUE,0,NA,1,"I chose birthdays for about half the minecraft game. My birthday, my moms, and my brother. Then I just picked other numbers feeling lucky.",48,Never,NA,White,Male,Hispanic
P0151,7,29,34,Lost,8,winner_in_set,FALSE,TRUE,TRUE,40,60,1,"I chose birthdays for about half the minecraft game. My birthday, my moms, and my brother. Then I just picked other numbers feeling lucky.",48,Never,NA,White,Male,Hispanic
P0151,8,36,23,Lost,2,winner_not_in_set,FALSE,FALSE,TRUE,25,70,1,"I chose birthdays for about half the minecraft game. My birthday, my moms, and my brother. Then I just picked other numbers feeling lucky.",48,Never,NA,White,Male,Hispanic
P0151,9,32,1,Lost,16,winner_in_set,FALSE,TRUE,TRUE,20,65,1,"I chose birthdays for about half the minecraft game. My birthday, my moms, and my brother. Then I just picked other numbers feeling lucky.",48,Never,NA,White,Male,Hispanic
P0151,10,5,26,Lost,16,winner_not_in_set,FALSE,FALSE,TRUE,20,58,1,"I chose birthdays for about half the minecraft game. My birthday, my moms, and my brother. Then I just picked other numbers feeling lucky.",48,Never,NA,White,Male,Hispanic
P0151,11,16,16,Won,16,NA,FALSE,TRUE,TRUE,0,NA,1,"I chose birthdays for about half the minecraft game. My birthday, my moms, and my brother. Then I just picked other numbers feeling lucky.",48,Never,NA,White,Male,Hispanic
P0151,12,29,2,Lost,1,winner_not_in_set,FALSE,FALSE,TRUE,20,59,1,"I chose birthdays for about half the minecraft game. My birthday, my moms, and my brother. Then I just picked other numbers feeling lucky.",48,Never,NA,White,Male,Hispanic
P0151,13,16,1,Lost,3,winner_not_in_set,FALSE,FALSE,TRUE,25,55,1,"I chose birthdays for about half the minecraft game. My birthday, my moms, and my brother. Then I just picked other numbers feeling lucky.",48,Never,NA,White,Male,Hispanic
P0151,14,25,20,Lost,0,NA,TRUE,FALSE,FALSE,20,55,1,"I chose birthdays for about half the minecraft game. My birthday, my moms, and my brother. Then I just picked other numbers feeling lucky.",48,Never,NA,White,Male,Hispanic
P0151,15,29,16,Lost,3,winner_in_set,FALSE,TRUE,TRUE,49,80,1,"I chose birthdays for about half the minecraft game. My birthday, my moms, and my brother. Then I just picked other numbers feeling lucky.",48,Never,NA,White,Male,Hispanic
P0151,16,14,14,Won,8,NA,FALSE,TRUE,TRUE,0,NA,1,"I chose birthdays for about half the minecraft game. My birthday, my moms, and my brother. Then I just picked other numbers feeling lucky.",48,Never,NA,White,Male,Hispanic
P0151,17,15,16,Lost,1,winner_not_in_set,FALSE,FALSE,TRUE,46,80,1,"I chose birthdays for about half the minecraft game. My birthday, my moms, and my brother. Then I just picked other numbers feeling lucky.",48,Never,NA,White,Male,Hispanic
P0151,18,35,6,Lost,8,winner_not_in_set,FALSE,FALSE,TRUE,22,50,1,"I chose birthdays for about half the minecraft game. My birthday, my moms, and my brother. Then I just picked other numbers feeling lucky.",48,Never,NA,White,Male,Hispanic
P0151,19,14,13,Lost,2,winner_in_set,FALSE,TRUE,TRUE,48,86,1,"I chose birthdays for about half the minecraft game. My birthday, my moms, and my brother. Then I just picked other numbers feeling lucky.",48,Never,NA,White,Male,Hispanic
P0151,20,33,34,Lost,8,winner_in_set,FALSE,TRUE,TRUE,40,70,1,"I chose birthdays for about half the minecraft game. My birthday, my moms, and my brother. Then I just picked other numbers feeling lucky.",48,Never,NA,White,Male,Hispanic
P0151,21,11,7,Lost,2,winner_in_set,FALSE,TRUE,TRUE,50,82,1,"I chose birthdays for about half the minecraft game. My birthday, my moms, and my brother. Then I just picked other numbers feeling lucky.",48,Never,NA,White,Male,Hispanic
P0151,22,14,30,Lost,1,winner_not_in_set,FALSE,FALSE,TRUE,24,52,1,"I chose birthdays for about half the minecraft game. My birthday, my moms, and my brother. Then I just picked other numbers feeling lucky.",48,Never,NA,White,Male,Hispanic
P0151,23,29,29,Won,1,NA,FALSE,TRUE,TRUE,0,NA,1,"I chose birthdays for about half the minecraft game. My birthday, my moms, and my brother. Then I just picked other numbers feeling lucky.",48,Never,NA,White,Male,Hispanic
P0151,24,18,23,Lost,0,NA,TRUE,FALSE,FALSE,32,60,1,"I chose birthdays for about half the minecraft game. My birthday, my moms, and my brother. Then I just picked other numbers feeling lucky.",48,Never,NA,White,Male,Hispanic
P0157,1,17,27,Lost,3,winner_in_set,FALSE,TRUE,TRUE,0,0,1,"I didn't employ any strategy. I guessed at random because I did not see any particularly helpful clues, rules, or hints upon which I could base a strategy.",28,Never,NA,Asian,Male,Non-Hispanic
P0157,2,11,31,Lost,0,NA,TRUE,FALSE,FALSE,0,0,1,"I didn't employ any strategy. I guessed at random because I did not see any particularly helpful clues, rules, or hints upon which I could base a strategy.",28,Never,NA,Asian,Male,Non-Hispanic
P0157,3,15,17,Lost,16,winner_not_in_set,FALSE,FALSE,TRUE,0,0,1,"I didn't employ any strategy. I guessed at random because I did not see any particularly helpful clues, rules, or hints upon which I could base a strategy.",28,Never,NA,Asian,Male,Non-Hispanic
P0157,4,16,16,Won,1,NA,FALSE,TRUE,TRUE,0,NA,1,"I didn't employ any strategy. I guessed at random because I did not see any particularly helpful clues, rules, or hints upon which I could base a strategy.",28,Never,NA,Asian,Male,Non-Hispanic
P0157,5,5,9,Lost,8,winner_in_set,FALSE,TRUE,TRUE,0,0,1,"I didn't employ any strategy. I guessed at random because I did not see any particularly helpful clues, rules, or hints upon which I could base a strategy.",28,Never,NA,Asian,Male,Non-Hispanic
P0157,6,29,13,Lost,16,winner_in_set,FALSE,TRUE,TRUE,0,0,1,"I didn't employ any strategy. I guessed at random because I did not see any particularly helpful clues, rules, or hints upon which I could base a strategy.",28,Never,NA,Asian,Male,Non-Hispanic
P0157,7,17,13,Lost,0,NA,TRUE,FALSE,FALSE,0,0,1,"I didn't employ any strategy. I guessed at random because I did not see any particularly helpful clues, rules, or hints upon which I could base a strategy.",28,Never,NA,Asian,Male,Non-Hispanic
P0157,8,8,11,Lost,3,winner_not_in_set,FALSE,FALSE,TRUE,0,0,1,"I didn't employ any strategy. I guessed at random because I did not see any particularly helpful clues, rules, or hints upon which I could base a strategy.",28,Never,NA,Asian,Male,Non-Hispanic
P0157,9,15,15,Won,0,NA,TRUE,FALSE,FALSE,0,NA,1,"I didn't employ any strategy. I guessed at random because I did not see any particularly helpful clues, rules, or hints upon which I could base a strategy.",28,Never,NA,Asian,Male,Non-Hispanic
P0157,10,18,23,Lost,16,winner_in_set,FALSE,TRUE,TRUE,0,0,1,"I didn't employ any strategy. I guessed at random because I did not see any particularly helpful clues, rules, or hints upon which I could base a strategy.",28,Never,NA,Asian,Male,Non-Hispanic
P0157,11,23,24,Lost,0,NA,TRUE,FALSE,FALSE,0,0,1,"I didn't employ any strategy. I guessed at random because I did not see any particularly helpful clues, rules, or hints upon which I could base a strategy.",28,Never,NA,Asian,Male,Non-Hispanic
P0157,12,8,5,Lost,2,winner_in_set,FALSE,TRUE,TRUE,0,0,1,"I didn't employ any strategy. I guessed at random because I did not see any particularly helpful clues, rules, or hints upon which I could base a strategy.",28,Never,NA,Asian,Male,Non-Hispanic
P0157,13,2,27,Lost,8,winner_in_set,FALSE,TRUE,TRUE,0,0,1,"I didn't employ any strategy. I guessed at random because I did not see any particularly helpful clues, rules, or hints upon which I could base a strategy.",28,Never,NA,Asian,Male,Non-Hispanic
P0157,14,21,11,Lost,2,winner_in_set,FALSE,TRUE,TRUE,0,0,1,"I didn't employ any strategy. I guessed at random because I did not see any particularly helpful clues, rules, or hints upon which I could base a strategy.",28,Never,NA,Asian,Male,Non-Hispanic
P0157,15,34,15,Lost,8,winner_not_in_set,FALSE,FALSE,TRUE,0,0,1,"I didn't employ any strategy. I guessed at random because I did not see any particularly helpful clues, rules, or hints upon which I could base a strategy.",28,Never,NA,Asian,Male,Non-Hispanic
P0157,16,1,1,Won,3,NA,FALSE,TRUE,TRUE,0,NA,1,"I didn't employ any strategy. I guessed at random because I did not see any particularly helpful clues, rules, or hints upon which I could base a strategy.",28,Never,NA,Asian,Male,Non-Hispanic
P0157,17,24,6,Lost,2,winner_not_in_set,FALSE,FALSE,TRUE,0,0,1,"I didn't employ any strategy. I guessed at random because I did not see any particularly helpful clues, rules, or hints upon which I could base a strategy.",28,Never,NA,Asian,Male,Non-Hispanic
P0157,18,6,14,Lost,3,winner_in_set,FALSE,TRUE,TRUE,0,0,1,"I didn't employ any strategy. I guessed at random because I did not see any particularly helpful clues, rules, or hints upon which I could base a strategy.",28,Never,NA,Asian,Male,Non-Hispanic
P0157,19,7,33,Lost,1,winner_not_in_set,FALSE,FALSE,TRUE,0,0,1,"I didn't employ any strategy. I guessed at random because I did not see any particularly helpful clues, rules, or hints upon which I could base a strategy.",28,Never,NA,Asian,Male,Non-Hispanic
P0157,20,30,29,Lost,8,winner_not_in_set,FALSE,FALSE,TRUE,0,0,1,"I didn't employ any strategy. I guessed at random because I did not see any particularly helpful clues, rules, or hints upon which I could base a strategy.",28,Never,NA,Asian,Male,Non-Hispanic
P0157,21,8,8,Won,1,NA,FALSE,TRUE,TRUE,0,NA,1,"I didn't employ any strategy. I guessed at random because I did not see any particularly helpful clues, rules, or hints upon which I could base a strategy.",28,Never,NA,Asian,Male,Non-Hispanic
P0157,22,8,1,Lost,1,winner_not_in_set,FALSE,FALSE,TRUE,0,0,1,"I didn't employ any strategy. I guessed at random because I did not see any particularly helpful clues, rules, or hints upon which I could base a strategy.",28,Never,NA,Asian,Male,Non-Hispanic
P0157,23,17,19,Lost,16,winner_not_in_set,FALSE,FALSE,TRUE,0,0,1,"I didn't employ any strategy. I guessed at random because I did not see any particularly helpful clues, rules, or hints upon which I could base a strategy.",28,Never,NA,Asian,Male,Non-Hispanic
P0157,24,17,7,Lost,2,winner_not_in_set,FALSE,FALSE,TRUE,0,0,1,"I didn't employ any strategy. I guessed at random because I did not see any particularly helpful clues, rules, or hints upon which I could base a strategy.",28,Never,NA,Asian,Male,Non-Hispanic
P0159,1,18,31,Lost,16,winner_not_in_set,FALSE,FALSE,TRUE,68,80,1,I tried to think about what numbers had already been picked so that I didn't pick them back to back. I also was just picking numbers that I liked and felt could be lucky.,30,A few times,NA,White,Female,Non-Hispanic
P0159,2,28,24,Lost,0,NA,TRUE,FALSE,FALSE,92,96,1,I tried to think about what numbers had already been picked so that I didn't pick them back to back. I also was just picking numbers that I liked and felt could be lucky.,30,A few times,NA,White,Female,Non-Hispanic
P0159,3,30,9,Lost,16,winner_not_in_set,FALSE,FALSE,TRUE,80,90,1,I tried to think about what numbers had already been picked so that I didn't pick them back to back. I also was just picking numbers that I liked and felt could be lucky.,30,A few times,NA,White,Female,Non-Hispanic
P0159,4,2,2,Won,16,NA,FALSE,TRUE,TRUE,0,NA,1,I tried to think about what numbers had already been picked so that I didn't pick them back to back. I also was just picking numbers that I liked and felt could be lucky.,30,A few times,NA,White,Female,Non-Hispanic
P0159,5,18,30,Lost,2,winner_in_set,FALSE,TRUE,TRUE,100,100,1,I tried to think about what numbers had already been picked so that I didn't pick them back to back. I also was just picking numbers that I liked and felt could be lucky.,30,A few times,NA,White,Female,Non-Hispanic
P0159,6,5,10,Lost,3,winner_in_set,FALSE,TRUE,TRUE,94,100,1,I tried to think about what numbers had already been picked so that I didn't pick them back to back. I also was just picking numbers that I liked and felt could be lucky.,30,A few times,NA,White,Female,Non-Hispanic
P0159,7,16,20,Lost,2,winner_not_in_set,FALSE,FALSE,TRUE,87,96,1,I tried to think about what numbers had already been picked so that I didn't pick them back to back. I also was just picking numbers that I liked and felt could be lucky.,30,A few times,NA,White,Female,Non-Hispanic
P0159,8,36,25,Lost,3,winner_in_set,FALSE,TRUE,TRUE,86,100,1,I tried to think about what numbers had already been picked so that I didn't pick them back to back. I also was just picking numbers that I liked and felt could be lucky.,30,A few times,NA,White,Female,Non-Hispanic
P0159,9,18,1,Lost,0,NA,TRUE,FALSE,FALSE,78,83,1,I tried to think about what numbers had already been picked so that I didn't pick them back to back. I also was just picking numbers that I liked and felt could be lucky.,30,A few times,NA,White,Female,Non-Hispanic
P0159,10,22,22,Won,8,NA,FALSE,TRUE,TRUE,0,NA,1,I tried to think about what numbers had already been picked so that I didn't pick them back to back. I also was just picking numbers that I liked and felt could be lucky.,30,A few times,NA,White,Female,Non-Hispanic
P0159,11,15,24,Lost,1,winner_not_in_set,FALSE,FALSE,TRUE,73,94,1,I tried to think about what numbers had already been picked so that I didn't pick them back to back. I also was just picking numbers that I liked and felt could be lucky.,30,A few times,NA,White,Female,Non-Hispanic
P0159,12,33,7,Lost,2,winner_not_in_set,FALSE,FALSE,TRUE,77,89,1,I tried to think about what numbers had already been picked so that I didn't pick them back to back. I also was just picking numbers that I liked and felt could be lucky.,30,A few times,NA,White,Female,Non-Hispanic
P0159,13,23,22,Lost,0,NA,TRUE,FALSE,FALSE,93,99,1,I tried to think about what numbers had already been picked so that I didn't pick them back to back. I also was just picking numbers that I liked and felt could be lucky.,30,A few times,NA,White,Female,Non-Hispanic
P0159,14,21,36,Lost,16,winner_in_set,FALSE,TRUE,TRUE,66,87,1,I tried to think about what numbers had already been picked so that I didn't pick them back to back. I also was just picking numbers that I liked and felt could be lucky.,30,A few times,NA,White,Female,Non-Hispanic
P0159,15,3,3,Won,0,NA,TRUE,FALSE,FALSE,0,NA,1,I tried to think about what numbers had already been picked so that I didn't pick them back to back. I also was just picking numbers that I liked and felt could be lucky.,30,A few times,NA,White,Female,Non-Hispanic
P0159,16,13,17,Lost,1,winner_not_in_set,FALSE,FALSE,TRUE,76,89,1,I tried to think about what numbers had already been picked so that I didn't pick them back to back. I also was just picking numbers that I liked and felt could be lucky.,30,A few times,NA,White,Female,Non-Hispanic
P0159,17,4,18,Lost,3,winner_not_in_set,FALSE,FALSE,TRUE,76,100,1,I tried to think about what numbers had already been picked so that I didn't pick them back to back. I also was just picking numbers that I liked and felt could be lucky.,30,A few times,NA,White,Female,Non-Hispanic
P0159,18,3,22,Lost,8,winner_not_in_set,FALSE,FALSE,TRUE,71,80,1,I tried to think about what numbers had already been picked so that I didn't pick them back to back. I also was just picking numbers that I liked and felt could be lucky.,30,A few times,NA,White,Female,Non-Hispanic
P0159,19,29,21,Lost,8,winner_in_set,FALSE,TRUE,TRUE,78,97,1,I tried to think about what numbers had already been picked so that I didn't pick them back to back. I also was just picking numbers that I liked and felt could be lucky.,30,A few times,NA,White,Female,Non-Hispanic
P0159,20,4,33,Lost,2,winner_in_set,FALSE,TRUE,TRUE,97,100,1,I tried to think about what numbers had already been picked so that I didn't pick them back to back. I also was just picking numbers that I liked and felt could be lucky.,30,A few times,NA,White,Female,Non-Hispanic
P0159,21,10,21,Lost,8,winner_in_set,FALSE,TRUE,TRUE,69,86,1,I tried to think about what numbers had already been picked so that I didn't pick them back to back. I also was just picking numbers that I liked and felt could be lucky.,30,A few times,NA,White,Female,Non-Hispanic
P0159,22,9,2,Lost,1,winner_not_in_set,FALSE,FALSE,TRUE,76,83,1,I tried to think about what numbers had already been picked so that I didn't pick them back to back. I also was just picking numbers that I liked and felt could be lucky.,30,A few times,NA,White,Female,Non-Hispanic
P0159,23,25,1,Lost,1,winner_not_in_set,FALSE,FALSE,TRUE,63,76,1,I tried to think about what numbers had already been picked so that I didn't pick them back to back. I also was just picking numbers that I liked and felt could be lucky.,30,A few times,NA,White,Female,Non-Hispanic
P0159,24,12,12,Won,3,NA,FALSE,TRUE,TRUE,0,NA,1,I tried to think about what numbers had already been picked so that I didn't pick them back to back. I also was just picking numbers that I liked and felt could be lucky.,30,A few times,NA,White,Female,Non-Hispanic
P0164,1,22,8,Lost,3,winner_in_set,FALSE,TRUE,TRUE,0,0,1,,30,Never,NA,Black/African American,Male,Non-Hispanic
P0164,2,21,6,Lost,1,winner_not_in_set,FALSE,FALSE,TRUE,0,0,1,,30,Never,NA,Black/African American,Male,Non-Hispanic
P0164,3,6,33,Lost,0,NA,TRUE,FALSE,FALSE,0,0,1,,30,Never,NA,Black/African American,Male,Non-Hispanic
P0164,4,16,12,Lost,8,winner_in_set,FALSE,TRUE,TRUE,0,13,1,,30,Never,NA,Black/African American,Male,Non-Hispanic
P0164,5,26,26,Won,1,NA,FALSE,TRUE,TRUE,0,NA,1,,30,Never,NA,Black/African American,Male,Non-Hispanic
P0164,6,31,7,Lost,2,winner_not_in_set,FALSE,FALSE,TRUE,0,0,1,,30,Never,NA,Black/African American,Male,Non-Hispanic
P0164,7,36,9,Lost,2,winner_in_set,FALSE,TRUE,TRUE,54,49,1,,30,Never,NA,Black/African American,Male,Non-Hispanic
P0164,8,2,16,Lost,3,winner_not_in_set,FALSE,FALSE,TRUE,0,0,1,,30,Never,NA,Black/African American,Male,Non-Hispanic
P0164,9,17,17,Won,3,NA,FALSE,TRUE,TRUE,0,NA,1,,30,Never,NA,Black/African American,Male,Non-Hispanic
P0164,10,14,2,Lost,16,winner_not_in_set,FALSE,FALSE,TRUE,0,0,1,,30,Never,NA,Black/African American,Male,Non-Hispanic
P0164,11,1,15,Lost,0,NA,TRUE,FALSE,FALSE,0,0,1,,30,Never,NA,Black/African American,Male,Non-Hispanic
P0164,12,31,10,Lost,1,winner_not_in_set,FALSE,FALSE,TRUE,0,0,1,,30,Never,NA,Black/African American,Male,Non-Hispanic
P0164,13,5,34,Lost,2,winner_in_set,FALSE,TRUE,TRUE,60,56,1,,30,Never,NA,Black/African American,Male,Non-Hispanic
P0164,14,22,29,Lost,8,winner_in_set,FALSE,TRUE,TRUE,24,14,1,,30,Never,NA,Black/African American,Male,Non-Hispanic
P0164,15,4,6,Lost,16,winner_in_set,FALSE,TRUE,TRUE,8,6,1,,30,Never,NA,Black/African American,Male,Non-Hispanic
P0164,16,16,34,Lost,16,winner_not_in_set,FALSE,FALSE,TRUE,0,0,1,,30,Never,NA,Black/African American,Male,Non-Hispanic
P0164,17,6,20,Lost,8,winner_not_in_set,FALSE,FALSE,TRUE,0,0,1,,30,Never,NA,Black/African American,Male,Non-Hispanic
P0164,18,14,14,Won,0,NA,TRUE,FALSE,FALSE,0,NA,1,,30,Never,NA,Black/African American,Male,Non-Hispanic
P0164,19,5,14,Lost,1,winner_not_in_set,FALSE,FALSE,TRUE,0,0,1,,30,Never,NA,Black/African American,Male,Non-Hispanic
P0164,20,31,9,Lost,8,winner_not_in_set,FALSE,FALSE,TRUE,0,0,1,,30,Never,NA,Black/African American,Male,Non-Hispanic
P0164,21,16,5,Lost,3,winner_in_set,FALSE,TRUE,TRUE,31,29,1,,30,Never,NA,Black/African American,Male,Non-Hispanic
P0164,22,20,19,Lost,0,NA,TRUE,FALSE,FALSE,21,8,1,,30,Never,NA,Black/African American,Male,Non-Hispanic
P0164,23,2,7,Lost,2,winner_not_in_set,FALSE,FALSE,TRUE,0,0,1,,30,Never,NA,Black/African American,Male,Non-Hispanic
P0164,24,9,9,Won,16,NA,FALSE,TRUE,TRUE,0,NA,1,,30,Never,NA,Black/African American,Male,Non-Hispanic
P0167,1,22,15,Lost,2,winner_not_in_set,FALSE,FALSE,TRUE,100,100,2,"I didn't really have a strategy, I just picked the numbers that came to me.",38,A few times,NA,Multiracial/Mixed,Male,Non-Hispanic
P0167,2,9,10,Lost,0,NA,TRUE,FALSE,FALSE,100,100,2,"I didn't really have a strategy, I just picked the numbers that came to me.",38,A few times,NA,Multiracial/Mixed,Male,Non-Hispanic
P0167,3,21,1,Lost,1,winner_not_in_set,FALSE,FALSE,TRUE,100,100,2,"I didn't really have a strategy, I just picked the numbers that came to me.",38,A few times,NA,Multiracial/Mixed,Male,Non-Hispanic
P0167,4,13,13,Won,1,NA,FALSE,TRUE,TRUE,0,NA,2,"I didn't really have a strategy, I just picked the numbers that came to me.",38,A few times,NA,Multiracial/Mixed,Male,Non-Hispanic
P0167,5,6,30,Lost,8,winner_in_set,FALSE,TRUE,TRUE,100,99,2,"I didn't really have a strategy, I just picked the numbers that came to me.",38,A few times,NA,Multiracial/Mixed,Male,Non-Hispanic
P0167,6,8,11,Lost,1,winner_not_in_set,FALSE,FALSE,TRUE,99,100,2,"I didn't really have a strategy, I just picked the numbers that came to me.",38,A few times,NA,Multiracial/Mixed,Male,Non-Hispanic
P0167,7,5,21,Lost,8,winner_in_set,FALSE,TRUE,TRUE,100,100,2,"I didn't really have a strategy, I just picked the numbers that came to me.",38,A few times,NA,Multiracial/Mixed,Male,Non-Hispanic
P0167,8,1,30,Lost,8,winner_not_in_set,FALSE,FALSE,TRUE,100,100,2,"I didn't really have a strategy, I just picked the numbers that came to me.",38,A few times,NA,Multiracial/Mixed,Male,Non-Hispanic
P0167,9,8,8,Won,2,NA,FALSE,TRUE,TRUE,0,NA,2,"I didn't really have a strategy, I just picked the numbers that came to me.",38,A few times,NA,Multiracial/Mixed,Male,Non-Hispanic
P0167,10,15,33,Lost,0,NA,TRUE,FALSE,FALSE,100,100,2,"I didn't really have a strategy, I just picked the numbers that came to me.",38,A few times,NA,Multiracial/Mixed,Male,Non-Hispanic
P0167,11,1,23,Lost,3,winner_not_in_set,FALSE,FALSE,TRUE,100,99,2,"I didn't really have a strategy, I just picked the numbers that came to me.",38,A few times,NA,Multiracial/Mixed,Male,Non-Hispanic
P0167,12,15,23,Lost,16,winner_not_in_set,FALSE,FALSE,TRUE,100,100,2,"I didn't really have a strategy, I just picked the numbers that came to me.",38,A few times,NA,Multiracial/Mixed,Male,Non-Hispanic
P0167,13,31,26,Lost,3,winner_in_set,FALSE,TRUE,TRUE,99,100,2,"I didn't really have a strategy, I just picked the numbers that came to me.",38,A few times,NA,Multiracial/Mixed,Male,Non-Hispanic
P0167,14,22,5,Lost,16,winner_in_set,FALSE,TRUE,TRUE,100,100,2,"I didn't really have a strategy, I just picked the numbers that came to me.",38,A few times,NA,Multiracial/Mixed,Male,Non-Hispanic
P0167,15,10,22,Lost,3,winner_not_in_set,FALSE,FALSE,TRUE,100,100,2,"I didn't really have a strategy, I just picked the numbers that came to me.",38,A few times,NA,Multiracial/Mixed,Male,Non-Hispanic
P0167,16,14,14,Won,16,NA,FALSE,TRUE,TRUE,0,NA,2,"I didn't really have a strategy, I just picked the numbers that came to me.",38,A few times,NA,Multiracial/Mixed,Male,Non-Hispanic
P0167,17,15,18,Lost,2,winner_in_set,FALSE,TRUE,TRUE,100,100,2,"I didn't really have a strategy, I just picked the numbers that came to me.",38,A few times,NA,Multiracial/Mixed,Male,Non-Hispanic
P0167,18,8,18,Lost,1,winner_not_in_set,FALSE,FALSE,TRUE,100,100,2,"I didn't really have a strategy, I just picked the numbers that came to me.",38,A few times,NA,Multiracial/Mixed,Male,Non-Hispanic
P0167,19,21,20,Lost,16,winner_in_set,FALSE,TRUE,TRUE,100,99,2,"I didn't really have a strategy, I just picked the numbers that came to me.",38,A few times,NA,Multiracial/Mixed,Male,Non-Hispanic
P0167,20,28,16,Lost,3,winner_in_set,FALSE,TRUE,TRUE,100,100,2,"I didn't really have a strategy, I just picked the numbers that came to me.",38,A few times,NA,Multiracial/Mixed,Male,Non-Hispanic
P0167,21,14,14,Won,8,NA,FALSE,TRUE,TRUE,0,NA,2,"I didn't really have a strategy, I just picked the numbers that came to me.",38,A few times,NA,Multiracial/Mixed,Male,Non-Hispanic
P0167,22,36,21,Lost,2,winner_not_in_set,FALSE,FALSE,TRUE,100,100,2,"I didn't really have a strategy, I just picked the numbers that came to me.",38,A few times,NA,Multiracial/Mixed,Male,Non-Hispanic
P0167,23,2,12,Lost,0,NA,TRUE,FALSE,FALSE,100,100,2,"I didn't really have a strategy, I just picked the numbers that came to me.",38,A few times,NA,Multiracial/Mixed,Male,Non-Hispanic
P0167,24,15,28,Lost,0,NA,TRUE,FALSE,FALSE,100,100,2,"I didn't really have a strategy, I just picked the numbers that came to me.",38,A few times,NA,Multiracial/Mixed,Male,Non-Hispanic
P0174,1,23,3,Lost,0,NA,TRUE,FALSE,FALSE,100,100,1,I used my lucky number (23) quite a bit. ,31,Never,NA,White,Male,Non-Hispanic
P0174,2,23,6,Lost,16,winner_in_set,FALSE,TRUE,TRUE,100,100,1,I used my lucky number (23) quite a bit. ,31,Never,NA,White,Male,Non-Hispanic
P0174,3,3,3,Won,2,NA,FALSE,TRUE,TRUE,0,NA,1,I used my lucky number (23) quite a bit. ,31,Never,NA,White,Male,Non-Hispanic
P0174,4,23,22,Lost,8,winner_in_set,FALSE,TRUE,TRUE,100,100,1,I used my lucky number (23) quite a bit. ,31,Never,NA,White,Male,Non-Hispanic
P0174,5,2,36,Lost,3,winner_in_set,FALSE,TRUE,TRUE,100,100,1,I used my lucky number (23) quite a bit. ,31,Never,NA,White,Male,Non-Hispanic
P0174,6,23,36,Lost,1,winner_not_in_set,FALSE,FALSE,TRUE,100,100,1,I used my lucky number (23) quite a bit. ,31,Never,NA,White,Male,Non-Hispanic
P0174,7,36,24,Lost,8,winner_in_set,FALSE,TRUE,TRUE,100,100,1,I used my lucky number (23) quite a bit. ,31,Never,NA,White,Male,Non-Hispanic
P0174,8,23,12,Lost,0,NA,TRUE,FALSE,FALSE,100,100,1,I used my lucky number (23) quite a bit. ,31,Never,NA,White,Male,Non-Hispanic
P0174,9,23,12,Lost,8,winner_not_in_set,FALSE,FALSE,TRUE,100,100,1,I used my lucky number (23) quite a bit. ,31,Never,NA,White,Male,Non-Hispanic
P0174,10,13,15,Lost,16,winner_in_set,FALSE,TRUE,TRUE,100,100,1,I used my lucky number (23) quite a bit. ,31,Never,NA,White,Male,Non-Hispanic
P0174,11,23,34,Lost,16,winner_not_in_set,FALSE,FALSE,TRUE,100,100,1,I used my lucky number (23) quite a bit. ,31,Never,NA,White,Male,Non-Hispanic
P0174,12,1,1,Won,2,NA,FALSE,TRUE,TRUE,0,NA,1,I used my lucky number (23) quite a bit. ,31,Never,NA,White,Male,Non-Hispanic
P0174,13,23,27,Lost,1,winner_not_in_set,FALSE,FALSE,TRUE,100,100,1,I used my lucky number (23) quite a bit. ,31,Never,NA,White,Male,Non-Hispanic
P0174,14,23,5,Lost,0,NA,TRUE,FALSE,FALSE,100,100,1,I used my lucky number (23) quite a bit. ,31,Never,NA,White,Male,Non-Hispanic
P0174,15,23,17,Lost,2,winner_not_in_set,FALSE,FALSE,TRUE,100,100,1,I used my lucky number (23) quite a bit. ,31,Never,NA,White,Male,Non-Hispanic
P0174,16,31,23,Lost,2,winner_in_set,FALSE,TRUE,TRUE,100,100,1,I used my lucky number (23) quite a bit. ,31,Never,NA,White,Male,Non-Hispanic
P0174,17,23,23,Won,3,NA,FALSE,TRUE,TRUE,0,NA,1,I used my lucky number (23) quite a bit. ,31,Never,NA,White,Male,Non-Hispanic
P0174,18,10,22,Lost,16,winner_not_in_set,FALSE,FALSE,TRUE,90,90,1,I used my lucky number (23) quite a bit. ,31,Never,NA,White,Male,Non-Hispanic
P0174,19,12,22,Lost,8,winner_not_in_set,FALSE,FALSE,TRUE,85,85,1,I used my lucky number (23) quite a bit. ,31,Never,NA,White,Male,Non-Hispanic
P0174,20,23,35,Lost,0,NA,TRUE,FALSE,FALSE,93,91,1,I used my lucky number (23) quite a bit. ,31,Never,NA,White,Male,Non-Hispanic
P0174,21,33,23,Lost,3,winner_in_set,FALSE,TRUE,TRUE,100,100,1,I used my lucky number (23) quite a bit. ,31,Never,NA,White,Male,Non-Hispanic
P0174,22,23,23,Won,1,NA,FALSE,TRUE,TRUE,0,NA,1,I used my lucky number (23) quite a bit. ,31,Never,NA,White,Male,Non-Hispanic
P0174,23,24,35,Lost,3,winner_not_in_set,FALSE,FALSE,TRUE,84,82,1,I used my lucky number (23) quite a bit. ,31,Never,NA,White,Male,Non-Hispanic
P0174,24,23,16,Lost,1,winner_not_in_set,FALSE,FALSE,TRUE,81,82,1,I used my lucky number (23) quite a bit. ,31,Never,NA,White,Male,Non-Hispanic
P0179,1,1,5,Lost,2,winner_not_in_set,FALSE,FALSE,TRUE,6,7,1,There was no strategy. It was for the most part random.,69,Never,NA,White,Male,Non-Hispanic
P0179,2,3,32,Lost,1,winner_not_in_set,FALSE,FALSE,TRUE,9,8,1,There was no strategy. It was for the most part random.,69,Never,NA,White,Male,Non-Hispanic
P0179,3,4,7,Lost,2,winner_not_in_set,FALSE,FALSE,TRUE,9,7,1,There was no strategy. It was for the most part random.,69,Never,NA,White,Male,Non-Hispanic
P0179,4,5,5,Won,16,NA,FALSE,TRUE,TRUE,0,NA,1,There was no strategy. It was for the most part random.,69,Never,NA,White,Male,Non-Hispanic
P0179,5,17,24,Lost,8,winner_in_set,FALSE,TRUE,TRUE,8,8,1,There was no strategy. It was for the most part random.,69,Never,NA,White,Male,Non-Hispanic
P0179,6,24,29,Lost,0,NA,TRUE,FALSE,FALSE,9,8,1,There was no strategy. It was for the most part random.,69,Never,NA,White,Male,Non-Hispanic
P0179,7,25,31,Lost,8,winner_in_set,FALSE,TRUE,TRUE,7,9,1,There was no strategy. It was for the most part random.,69,Never,NA,White,Male,Non-Hispanic
P0179,8,33,34,Lost,3,winner_in_set,FALSE,TRUE,TRUE,9,9,1,There was no strategy. It was for the most part random.,69,Never,NA,White,Male,Non-Hispanic
P0179,9,36,36,Won,1,NA,FALSE,TRUE,TRUE,0,NA,1,There was no strategy. It was for the most part random.,69,Never,NA,White,Male,Non-Hispanic
P0179,10,1,13,Lost,1,winner_not_in_set,FALSE,FALSE,TRUE,8,8,1,There was no strategy. It was for the most part random.,69,Never,NA,White,Male,Non-Hispanic
P0179,11,20,16,Lost,16,winner_in_set,FALSE,TRUE,TRUE,6,6,1,There was no strategy. It was for the most part random.,69,Never,NA,White,Male,Non-Hispanic
P0179,12,15,2,Lost,16,winner_in_set,FALSE,TRUE,TRUE,8,8,1,There was no strategy. It was for the most part random.,69,Never,NA,White,Male,Non-Hispanic
P0179,13,17,19,Lost,0,NA,TRUE,FALSE,FALSE,8,8,1,There was no strategy. It was for the most part random.,69,Never,NA,White,Male,Non-Hispanic
P0179,14,14,27,Lost,0,NA,TRUE,FALSE,FALSE,7,8,1,There was no strategy. It was for the most part random.,69,Never,NA,White,Male,Non-Hispanic
P0179,15,10,10,Won,2,NA,FALSE,TRUE,TRUE,0,NA,1,There was no strategy. It was for the most part random.,69,Never,NA,White,Male,Non-Hispanic
P0179,16,22,26,Lost,3,winner_not_in_set,FALSE,FALSE,TRUE,8,8,1,There was no strategy. It was for the most part random.,69,Never,NA,White,Male,Non-Hispanic
P0179,17,28,29,Lost,3,winner_in_set,FALSE,TRUE,TRUE,8,8,1,There was no strategy. It was for the most part random.,69,Never,NA,White,Male,Non-Hispanic
P0179,18,9,10,Lost,2,winner_in_set,FALSE,TRUE,TRUE,9,9,1,There was no strategy. It was for the most part random.,69,Never,NA,White,Male,Non-Hispanic
P0179,19,5,7,Lost,0,NA,TRUE,FALSE,FALSE,8,8,1,There was no strategy. It was for the most part random.,69,Never,NA,White,Male,Non-Hispanic
P0179,20,20,24,Lost,3,winner_not_in_set,FALSE,FALSE,TRUE,8,9,1,There was no strategy. It was for the most part random.,69,Never,NA,White,Male,Non-Hispanic
P0179,21,16,30,Lost,1,winner_not_in_set,FALSE,FALSE,TRUE,8,8,1,There was no strategy. It was for the most part random.,69,Never,NA,White,Male,Non-Hispanic
P0179,22,16,8,Lost,8,winner_not_in_set,FALSE,FALSE,TRUE,7,9,1,There was no strategy. It was for the most part random.,69,Never,NA,White,Male,Non-Hispanic
P0179,23,16,16,Won,16,NA,FALSE,TRUE,TRUE,0,NA,1,There was no strategy. It was for the most part random.,69,Never,NA,White,Male,Non-Hispanic
P0179,24,26,36,Lost,8,winner_not_in_set,FALSE,FALSE,TRUE,7,8,1,There was no strategy. It was for the most part random.,69,Never,NA,White,Male,Non-Hispanic
P0187,1,8,5,Lost,0,NA,TRUE,FALSE,FALSE,19,63,2,I tried to find repeats. Of course 8 stopped being repeats and 17 was being the repeat number a lot. I messed up ,28,About once a week,NA,Multiracial/Mixed,Male,Hispanic
P0187,2,16,7,Lost,8,winner_not_in_set,FALSE,FALSE,TRUE,76,67,2,I tried to find repeats. Of course 8 stopped being repeats and 17 was being the repeat number a lot. I messed up ,28,About once a week,NA,Multiracial/Mixed,Male,Hispanic
P0187,3,15,10,Lost,3,winner_in_set,FALSE,TRUE,TRUE,100,100,2,I tried to find repeats. Of course 8 stopped being repeats and 17 was being the repeat number a lot. I messed up ,28,About once a week,NA,Multiracial/Mixed,Male,Hispanic
P0187,4,15,8,Lost,1,winner_not_in_set,FALSE,FALSE,TRUE,100,52,2,I tried to find repeats. Of course 8 stopped being repeats and 17 was being the repeat number a lot. I messed up ,28,About once a week,NA,Multiracial/Mixed,Male,Hispanic
P0187,5,8,8,Won,16,NA,FALSE,TRUE,TRUE,0,NA,2,I tried to find repeats. Of course 8 stopped being repeats and 17 was being the repeat number a lot. I messed up ,28,About once a week,NA,Multiracial/Mixed,Male,Hispanic
P0187,6,23,29,Lost,8,winner_in_set,FALSE,TRUE,TRUE,100,100,2,I tried to find repeats. Of course 8 stopped being repeats and 17 was being the repeat number a lot. I messed up ,28,About once a week,NA,Multiracial/Mixed,Male,Hispanic
P0187,7,8,6,Lost,8,winner_not_in_set,FALSE,FALSE,TRUE,72,12,2,I tried to find repeats. Of course 8 stopped being repeats and 17 was being the repeat number a lot. I messed up ,28,About once a week,NA,Multiracial/Mixed,Male,Hispanic
P0187,8,8,1,Lost,2,winner_in_set,FALSE,TRUE,TRUE,100,100,2,I tried to find repeats. Of course 8 stopped being repeats and 17 was being the repeat number a lot. I messed up ,28,About once a week,NA,Multiracial/Mixed,Male,Hispanic
P0187,9,8,17,Lost,1,winner_not_in_set,FALSE,FALSE,TRUE,100,20,2,I tried to find repeats. Of course 8 stopped being repeats and 17 was being the repeat number a lot. I messed up ,28,About once a week,NA,Multiracial/Mixed,Male,Hispanic
P0187,10,15,3,Lost,16,winner_in_set,FALSE,TRUE,TRUE,100,100,2,I tried to find repeats. Of course 8 stopped being repeats and 17 was being the repeat number a lot. I messed up ,28,About once a week,NA,Multiracial/Mixed,Male,Hispanic
P0187,11,10,2,Lost,1,winner_not_in_set,FALSE,FALSE,TRUE,23,0,2,I tried to find repeats. Of course 8 stopped being repeats and 17 was being the repeat number a lot. I messed up ,28,About once a week,NA,Multiracial/Mixed,Male,Hispanic
P0187,12,17,17,Won,2,NA,FALSE,TRUE,TRUE,0,NA,2,I tried to find repeats. Of course 8 stopped being repeats and 17 was being the repeat number a lot. I messed up ,28,About once a week,NA,Multiracial/Mixed,Male,Hispanic
P0187,13,35,33,Lost,16,winner_not_in_set,FALSE,FALSE,TRUE,0,0,2,I tried to find repeats. Of course 8 stopped being repeats and 17 was being the repeat number a lot. I messed up ,28,About once a week,NA,Multiracial/Mixed,Male,Hispanic
P0187,14,8,17,Lost,2,winner_in_set,FALSE,TRUE,TRUE,100,100,2,I tried to find repeats. Of course 8 stopped being repeats and 17 was being the repeat number a lot. I messed up ,28,About once a week,NA,Multiracial/Mixed,Male,Hispanic
P0187,15,21,21,Won,8,NA,FALSE,TRUE,TRUE,0,NA,2,I tried to find repeats. Of course 8 stopped being repeats and 17 was being the repeat number a lot. I messed up ,28,About once a week,NA,Multiracial/Mixed,Male,Hispanic
P0187,16,10,20,Lost,1,winner_not_in_set,FALSE,FALSE,TRUE,0,0,2,I tried to find repeats. Of course 8 stopped being repeats and 17 was being the repeat number a lot. I messed up ,28,About once a week,NA,Multiracial/Mixed,Male,Hispanic
P0187,17,8,17,Lost,3,winner_in_set,FALSE,TRUE,TRUE,100,100,2,I tried to find repeats. Of course 8 stopped being repeats and 17 was being the repeat number a lot. I messed up ,28,About once a week,NA,Multiracial/Mixed,Male,Hispanic
P0187,18,8,13,Lost,3,winner_not_in_set,FALSE,FALSE,TRUE,100,100,2,I tried to find repeats. Of course 8 stopped being repeats and 17 was being the repeat number a lot. I messed up ,28,About once a week,NA,Multiracial/Mixed,Male,Hispanic
P0187,19,16,18,Lost,2,winner_not_in_set,FALSE,FALSE,TRUE,0,0,2,I tried to find repeats. Of course 8 stopped being repeats and 17 was being the repeat number a lot. I messed up ,28,About once a week,NA,Multiracial/Mixed,Male,Hispanic
P0187,20,21,17,Lost,0,NA,TRUE,FALSE,FALSE,0,0,2,I tried to find repeats. Of course 8 stopped being repeats and 17 was being the repeat number a lot. I messed up ,28,About once a week,NA,Multiracial/Mixed,Male,Hispanic
P0187,21,31,31,Won,3,NA,FALSE,TRUE,TRUE,0,NA,2,I tried to find repeats. Of course 8 stopped being repeats and 17 was being the repeat number a lot. I messed up ,28,About once a week,NA,Multiracial/Mixed,Male,Hispanic
P0187,22,19,12,Lost,16,winner_not_in_set,FALSE,FALSE,TRUE,0,0,2,I tried to find repeats. Of course 8 stopped being repeats and 17 was being the repeat number a lot. I messed up ,28,About once a week,NA,Multiracial/Mixed,Male,Hispanic
P0187,23,8,1,Lost,0,NA,TRUE,FALSE,FALSE,100,0,2,I tried to find repeats. Of course 8 stopped being repeats and 17 was being the repeat number a lot. I messed up ,28,About once a week,NA,Multiracial/Mixed,Male,Hispanic
P0187,24,17,12,Lost,0,NA,TRUE,FALSE,FALSE,0,0,2,I tried to find repeats. Of course 8 stopped being repeats and 17 was being the repeat number a lot. I messed up ,28,About once a week,NA,Multiracial/Mixed,Male,Hispanic
P0193,1,35,19,Lost,16,winner_in_set,FALSE,TRUE,TRUE,100,100,1,I chose random numbers and followed my gut,46,Never,NA,Multiracial/Mixed,Female,
P0193,2,26,3,Lost,2,winner_not_in_set,FALSE,FALSE,TRUE,100,100,1,I chose random numbers and followed my gut,46,Never,NA,Multiracial/Mixed,Female,
P0193,3,17,16,Lost,3,winner_not_in_set,FALSE,FALSE,TRUE,100,100,1,I chose random numbers and followed my gut,46,Never,NA,Multiracial/Mixed,Female,
P0193,4,23,23,Won,8,NA,FALSE,TRUE,TRUE,0,NA,1,I chose random numbers and followed my gut,46,Never,NA,Multiracial/Mixed,Female,
P0193,5,24,18,Lost,2,winner_in_set,FALSE,TRUE,TRUE,100,100,1,I chose random numbers and followed my gut,46,Never,NA,Multiracial/Mixed,Female,
P0193,6,14,29,Lost,3,winner_not_in_set,FALSE,FALSE,TRUE,100,100,1,I chose random numbers and followed my gut,46,Never,NA,Multiracial/Mixed,Female,
P0193,7,25,19,Lost,8,winner_in_set,FALSE,TRUE,TRUE,100,100,1,I chose random numbers and followed my gut,46,Never,NA,Multiracial/Mixed,Female,
P0193,8,16,27,Lost,0,NA,TRUE,FALSE,FALSE,100,100,1,I chose random numbers and followed my gut,46,Never,NA,Multiracial/Mixed,Female,
P0193,9,25,10,Lost,0,NA,TRUE,FALSE,FALSE,100,100,1,I chose random numbers and followed my gut,46,Never,NA,Multiracial/Mixed,Female,
P0193,10,11,28,Lost,1,winner_not_in_set,FALSE,FALSE,TRUE,100,100,1,I chose random numbers and followed my gut,46,Never,NA,Multiracial/Mixed,Female,
P0193,11,25,20,Lost,1,winner_not_in_set,FALSE,FALSE,TRUE,100,100,1,I chose random numbers and followed my gut,46,Never,NA,Multiracial/Mixed,Female,
P0193,12,29,29,Won,1,NA,FALSE,TRUE,TRUE,0,NA,1,I chose random numbers and followed my gut,46,Never,NA,Multiracial/Mixed,Female,
P0193,13,21,36,Lost,16,winner_not_in_set,FALSE,FALSE,TRUE,100,100,1,I chose random numbers and followed my gut,46,Never,NA,Multiracial/Mixed,Female,
P0193,14,8,22,Lost,1,winner_not_in_set,FALSE,FALSE,TRUE,100,100,1,I chose random numbers and followed my gut,46,Never,NA,Multiracial/Mixed,Female,
P0193,15,23,11,Lost,8,winner_in_set,FALSE,TRUE,TRUE,100,100,1,I chose random numbers and followed my gut,46,Never,NA,Multiracial/Mixed,Female,
P0193,16,15,13,Lost,3,winner_in_set,FALSE,TRUE,TRUE,100,100,1,I chose random numbers and followed my gut,46,Never,NA,Multiracial/Mixed,Female,
P0193,17,18,18,Won,3,NA,FALSE,TRUE,TRUE,0,NA,1,I chose random numbers and followed my gut,46,Never,NA,Multiracial/Mixed,Female,
P0193,18,27,33,Lost,0,NA,TRUE,FALSE,FALSE,100,100,1,I chose random numbers and followed my gut,46,Never,NA,Multiracial/Mixed,Female,
P0193,19,24,18,Lost,2,winner_not_in_set,FALSE,FALSE,TRUE,100,100,1,I chose random numbers and followed my gut,46,Never,NA,Multiracial/Mixed,Female,
P0193,20,17,2,Lost,16,winner_not_in_set,FALSE,FALSE,TRUE,100,98,1,I chose random numbers and followed my gut,46,Never,NA,Multiracial/Mixed,Female,
P0193,21,4,36,Lost,16,winner_in_set,FALSE,TRUE,TRUE,100,100,1,I chose random numbers and followed my gut,46,Never,NA,Multiracial/Mixed,Female,
P0193,22,23,20,Lost,2,winner_in_set,FALSE,TRUE,TRUE,100,100,1,I chose random numbers and followed my gut,46,Never,NA,Multiracial/Mixed,Female,
P0193,23,19,4,Lost,0,NA,TRUE,FALSE,FALSE,100,100,1,I chose random numbers and followed my gut,46,Never,NA,Multiracial/Mixed,Female,
P0193,24,30,30,Won,8,NA,FALSE,TRUE,TRUE,0,NA,1,I chose random numbers and followed my gut,46,Never,NA,Multiracial/Mixed,Female,
P0194,1,11,19,Lost,0,NA,TRUE,FALSE,FALSE,91,43,1,"It didn't really seem to matter which blocks I considered, so I decided to go random.",47,Never,NA,White,Female,Non-Hispanic
P0194,2,13,30,Lost,1,winner_not_in_set,FALSE,FALSE,TRUE,46,94,1,"It didn't really seem to matter which blocks I considered, so I decided to go random.",47,Never,NA,White,Female,Non-Hispanic
P0194,3,24,24,Won,1,NA,FALSE,TRUE,TRUE,0,NA,1,"It didn't really seem to matter which blocks I considered, so I decided to go random.",47,Never,NA,White,Female,Non-Hispanic
P0194,4,15,1,Lost,3,winner_in_set,FALSE,TRUE,TRUE,76,98,1,"It didn't really seem to matter which blocks I considered, so I decided to go random.",47,Never,NA,White,Female,Non-Hispanic
P0194,5,27,14,Lost,0,NA,TRUE,FALSE,FALSE,73,89,1,"It didn't really seem to matter which blocks I considered, so I decided to go random.",47,Never,NA,White,Female,Non-Hispanic
P0194,6,5,19,Lost,2,winner_not_in_set,FALSE,FALSE,TRUE,49,80,1,"It didn't really seem to matter which blocks I considered, so I decided to go random.",47,Never,NA,White,Female,Non-Hispanic
P0194,7,20,32,Lost,8,winner_not_in_set,FALSE,FALSE,TRUE,34,87,1,"It didn't really seem to matter which blocks I considered, so I decided to go random.",47,Never,NA,White,Female,Non-Hispanic
P0194,8,16,25,Lost,8,winner_in_set,FALSE,TRUE,TRUE,61,94,1,"It didn't really seem to matter which blocks I considered, so I decided to go random.",47,Never,NA,White,Female,Non-Hispanic
P0194,9,26,32,Lost,1,winner_not_in_set,FALSE,FALSE,TRUE,38,88,1,"It didn't really seem to matter which blocks I considered, so I decided to go random.",47,Never,NA,White,Female,Non-Hispanic
P0194,10,25,15,Lost,1,winner_not_in_set,FALSE,FALSE,TRUE,28,90,1,"It didn't really seem to matter which blocks I considered, so I decided to go random.",47,Never,NA,White,Female,Non-Hispanic
P0194,11,22,5,Lost,16,winner_in_set,FALSE,TRUE,TRUE,30,85,1,"It didn't really seem to matter which blocks I considered, so I decided to go random.",47,Never,NA,White,Female,Non-Hispanic
P0194,12,22,22,Won,3,NA,FALSE,TRUE,TRUE,0,NA,1,"It didn't really seem to matter which blocks I considered, so I decided to go random.",47,Never,NA,White,Female,Non-Hispanic
P0194,13,16,26,Lost,16,winner_not_in_set,FALSE,FALSE,TRUE,23,89,1,"It didn't really seem to matter which blocks I considered, so I decided to go random.",47,Never,NA,White,Female,Non-Hispanic
P0194,14,26,19,Lost,2,winner_not_in_set,FALSE,FALSE,TRUE,21,93,1,"It didn't really seem to matter which blocks I considered, so I decided to go random.",47,Never,NA,White,Female,Non-Hispanic
P0194,15,9,3,Lost,8,winner_not_in_set,FALSE,FALSE,TRUE,27,90,1,"It didn't really seem to matter which blocks I considered, so I decided to go random.",47,Never,NA,White,Female,Non-Hispanic
P0194,16,21,5,Lost,3,winner_not_in_set,FALSE,FALSE,TRUE,14,90,1,"It didn't really seem to matter which blocks I considered, so I decided to go random.",47,Never,NA,White,Female,Non-Hispanic
P0194,17,16,33,Lost,16,winner_in_set,FALSE,TRUE,TRUE,20,92,1,"It didn't really seem to matter which blocks I considered, so I decided to go random.",47,Never,NA,White,Female,Non-Hispanic
P0194,18,4,4,Won,0,NA,TRUE,FALSE,FALSE,0,NA,1,"It didn't really seem to matter which blocks I considered, so I decided to go random.",47,Never,NA,White,Female,Non-Hispanic
P0194,19,4,20,Lost,0,NA,TRUE,FALSE,FALSE,14,88,1,"It didn't really seem to matter which blocks I considered, so I decided to go random.",47,Never,NA,White,Female,Non-Hispanic
P0194,20,9,10,Lost,2,winner_in_set,FALSE,TRUE,TRUE,69,99,1,"It didn't really seem to matter which blocks I considered, so I decided to go random.",47,Never,NA,White,Female,Non-Hispanic
P0194,21,15,15,Won,8,NA,FALSE,TRUE,TRUE,1,NA,1,"It didn't really seem to matter which blocks I considered, so I decided to go random.",47,Never,NA,White,Female,Non-Hispanic
P0194,22,15,21,Lost,2,winner_in_set,FALSE,TRUE,TRUE,69,94,1,"It didn't really seem to matter which blocks I considered, so I decided to go random.",47,Never,NA,White,Female,Non-Hispanic
P0194,23,9,24,Lost,16,winner_not_in_set,FALSE,FALSE,TRUE,16,86,1,"It didn't really seem to matter which blocks I considered, so I decided to go random.",47,Never,NA,White,Female,Non-Hispanic
P0194,24,23,13,Lost,3,winner_not_in_set,FALSE,FALSE,TRUE,42,81,1,"It didn't really seem to matter which blocks I considered, so I decided to go random.",47,Never,NA,White,Female,Non-Hispanic
P0198,1,21,8,Lost,1,winner_not_in_set,FALSE,FALSE,TRUE,56,28,1,"I felt like after I had selected a few numbers, I could sense a general pattern of the numbers going higher and lower, or sometimes being one of the ones I picked just last round. So I considered previous rounds' selections when picking in the current one.",30,About once a month,NA,White,Non-binary,Non-Hispanic
P0198,2,11,28,Lost,1,winner_not_in_set,FALSE,FALSE,TRUE,59,56,1,"I felt like after I had selected a few numbers, I could sense a general pattern of the numbers going higher and lower, or sometimes being one of the ones I picked just last round. So I considered previous rounds' selections when picking in the current one.",30,About once a month,NA,White,Non-binary,Non-Hispanic
P0198,3,34,34,Won,3,NA,FALSE,TRUE,TRUE,0,NA,1,"I felt like after I had selected a few numbers, I could sense a general pattern of the numbers going higher and lower, or sometimes being one of the ones I picked just last round. So I considered previous rounds' selections when picking in the current one.",30,About once a month,NA,White,Non-binary,Non-Hispanic
P0198,4,2,1,Lost,0,NA,TRUE,FALSE,FALSE,64,85,1,"I felt like after I had selected a few numbers, I could sense a general pattern of the numbers going higher and lower, or sometimes being one of the ones I picked just last round. So I considered previous rounds' selections when picking in the current one.",30,About once a month,NA,White,Non-binary,Non-Hispanic
P0198,5,12,20,Lost,8,winner_in_set,FALSE,TRUE,TRUE,97,98,1,"I felt like after I had selected a few numbers, I could sense a general pattern of the numbers going higher and lower, or sometimes being one of the ones I picked just last round. So I considered previous rounds' selections when picking in the current one.",30,About once a month,NA,White,Non-binary,Non-Hispanic
P0198,6,29,32,Lost,8,winner_not_in_set,FALSE,FALSE,TRUE,83,82,1,"I felt like after I had selected a few numbers, I could sense a general pattern of the numbers going higher and lower, or sometimes being one of the ones I picked just last round. So I considered previous rounds' selections when picking in the current one.",30,About once a month,NA,White,Non-binary,Non-Hispanic
P0198,7,25,20,Lost,3,winner_in_set,FALSE,TRUE,TRUE,66,67,1,"I felt like after I had selected a few numbers, I could sense a general pattern of the numbers going higher and lower, or sometimes being one of the ones I picked just last round. So I considered previous rounds' selections when picking in the current one.",30,About once a month,NA,White,Non-binary,Non-Hispanic
P0198,8,28,29,Lost,3,winner_not_in_set,FALSE,FALSE,TRUE,100,100,1,"I felt like after I had selected a few numbers, I could sense a general pattern of the numbers going higher and lower, or sometimes being one of the ones I picked just last round. So I considered previous rounds' selections when picking in the current one.",30,About once a month,NA,White,Non-binary,Non-Hispanic
P0198,9,27,27,Won,1,NA,FALSE,TRUE,TRUE,0,NA,1,"I felt like after I had selected a few numbers, I could sense a general pattern of the numbers going higher and lower, or sometimes being one of the ones I picked just last round. So I considered previous rounds' selections when picking in the current one.",30,About once a month,NA,White,Non-binary,Non-Hispanic
P0198,10,11,1,Lost,8,winner_not_in_set,FALSE,FALSE,TRUE,80,82,1,"I felt like after I had selected a few numbers, I could sense a general pattern of the numbers going higher and lower, or sometimes being one of the ones I picked just last round. So I considered previous rounds' selections when picking in the current one.",30,About once a month,NA,White,Non-binary,Non-Hispanic
P0198,11,7,2,Lost,8,winner_in_set,FALSE,TRUE,TRUE,83,82,1,"I felt like after I had selected a few numbers, I could sense a general pattern of the numbers going higher and lower, or sometimes being one of the ones I picked just last round. So I considered previous rounds' selections when picking in the current one.",30,About once a month,NA,White,Non-binary,Non-Hispanic
P0198,12,11,5,Lost,0,NA,TRUE,FALSE,FALSE,90,68,1,"I felt like after I had selected a few numbers, I could sense a general pattern of the numbers going higher and lower, or sometimes being one of the ones I picked just last round. So I considered previous rounds' selections when picking in the current one.",30,About once a month,NA,White,Non-binary,Non-Hispanic
P0198,13,9,27,Lost,2,winner_not_in_set,FALSE,FALSE,TRUE,49,49,1,"I felt like after I had selected a few numbers, I could sense a general pattern of the numbers going higher and lower, or sometimes being one of the ones I picked just last round. So I considered previous rounds' selections when picking in the current one.",30,About once a month,NA,White,Non-binary,Non-Hispanic
P0198,14,30,25,Lost,2,winner_in_set,FALSE,TRUE,TRUE,100,100,1,"I felt like after I had selected a few numbers, I could sense a general pattern of the numbers going higher and lower, or sometimes being one of the ones I picked just last round. So I considered previous rounds' selections when picking in the current one.",30,About once a month,NA,White,Non-binary,Non-Hispanic
P0198,15,28,9,Lost,16,winner_in_set,FALSE,TRUE,TRUE,80,80,1,"I felt like after I had selected a few numbers, I could sense a general pattern of the numbers going higher and lower, or sometimes being one of the ones I picked just last round. So I considered previous rounds' selections when picking in the current one.",30,About once a month,NA,White,Non-binary,Non-Hispanic
P0198,16,20,20,Won,16,NA,FALSE,TRUE,TRUE,0,NA,1,"I felt like after I had selected a few numbers, I could sense a general pattern of the numbers going higher and lower, or sometimes being one of the ones I picked just last round. So I considered previous rounds' selections when picking in the current one.",30,About once a month,NA,White,Non-binary,Non-Hispanic
P0198,17,23,3,Lost,16,winner_not_in_set,FALSE,FALSE,TRUE,66,66,1,"I felt like after I had selected a few numbers, I could sense a general pattern of the numbers going higher and lower, or sometimes being one of the ones I picked just last round. So I considered previous rounds' selections when picking in the current one.",30,About once a month,NA,White,Non-binary,Non-Hispanic
P0198,18,9,16,Lost,2,winner_in_set,FALSE,TRUE,TRUE,100,100,1,"I felt like after I had selected a few numbers, I could sense a general pattern of the numbers going higher and lower, or sometimes being one of the ones I picked just last round. So I considered previous rounds' selections when picking in the current one.",30,About once a month,NA,White,Non-binary,Non-Hispanic
P0198,19,16,2,Lost,0,NA,TRUE,FALSE,FALSE,52,54,1,"I felt like after I had selected a few numbers, I could sense a general pattern of the numbers going higher and lower, or sometimes being one of the ones I picked just last round. So I considered previous rounds' selections when picking in the current one.",30,About once a month,NA,White,Non-binary,Non-Hispanic
P0198,20,25,29,Lost,2,winner_not_in_set,FALSE,FALSE,TRUE,43,45,1,"I felt like after I had selected a few numbers, I could sense a general pattern of the numbers going higher and lower, or sometimes being one of the ones I picked just last round. So I considered previous rounds' selections when picking in the current one.",30,About once a month,NA,White,Non-binary,Non-Hispanic
P0198,21,21,15,Lost,3,winner_in_set,FALSE,TRUE,TRUE,98,98,1,"I felt like after I had selected a few numbers, I could sense a general pattern of the numbers going higher and lower, or sometimes being one of the ones I picked just last round. So I considered previous rounds' selections when picking in the current one.",30,About once a month,NA,White,Non-binary,Non-Hispanic
P0198,22,17,5,Lost,1,winner_not_in_set,FALSE,FALSE,TRUE,65,37,1,"I felt like after I had selected a few numbers, I could sense a general pattern of the numbers going higher and lower, or sometimes being one of the ones I picked just last round. So I considered previous rounds' selections when picking in the current one.",30,About once a month,NA,White,Non-binary,Non-Hispanic
P0198,23,22,25,Lost,16,winner_not_in_set,FALSE,FALSE,TRUE,74,74,1,"I felt like after I had selected a few numbers, I could sense a general pattern of the numbers going higher and lower, or sometimes being one of the ones I picked just last round. So I considered previous rounds' selections when picking in the current one.",30,About once a month,NA,White,Non-binary,Non-Hispanic
P0198,24,10,10,Won,0,NA,TRUE,FALSE,FALSE,0,NA,1,"I felt like after I had selected a few numbers, I could sense a general pattern of the numbers going higher and lower, or sometimes being one of the ones I picked just last round. So I considered previous rounds' selections when picking in the current one.",30,About once a month,NA,White,Non-binary,Non-Hispanic
P0206,1,8,22,Lost,3,winner_not_in_set,FALSE,FALSE,TRUE,100,100,1,13 is my favorite number so I always tried to include it in the consideration group and selected it most of the time. ,44,Never,NA,White,Male,Non-Hispanic
P0206,2,13,14,Lost,8,winner_in_set,FALSE,TRUE,TRUE,100,100,1,13 is my favorite number so I always tried to include it in the consideration group and selected it most of the time. ,44,Never,NA,White,Male,Non-Hispanic
P0206,3,13,30,Lost,1,winner_not_in_set,FALSE,FALSE,TRUE,100,100,1,13 is my favorite number so I always tried to include it in the consideration group and selected it most of the time. ,44,Never,NA,White,Male,Non-Hispanic
P0206,4,13,13,Won,16,NA,FALSE,TRUE,TRUE,0,NA,1,13 is my favorite number so I always tried to include it in the consideration group and selected it most of the time. ,44,Never,NA,White,Male,Non-Hispanic
P0206,5,13,25,Lost,3,winner_not_in_set,FALSE,FALSE,TRUE,100,100,1,13 is my favorite number so I always tried to include it in the consideration group and selected it most of the time. ,44,Never,NA,White,Male,Non-Hispanic
P0206,6,23,35,Lost,16,winner_not_in_set,FALSE,FALSE,TRUE,100,100,1,13 is my favorite number so I always tried to include it in the consideration group and selected it most of the time. ,44,Never,NA,White,Male,Non-Hispanic
P0206,7,23,11,Lost,0,NA,TRUE,FALSE,FALSE,100,100,1,13 is my favorite number so I always tried to include it in the consideration group and selected it most of the time. ,44,Never,NA,White,Male,Non-Hispanic
P0206,8,13,33,Lost,0,NA,TRUE,FALSE,FALSE,100,100,1,13 is my favorite number so I always tried to include it in the consideration group and selected it most of the time. ,44,Never,NA,White,Male,Non-Hispanic
P0206,9,35,13,Lost,2,winner_in_set,FALSE,TRUE,TRUE,100,100,1,13 is my favorite number so I always tried to include it in the consideration group and selected it most of the time. ,44,Never,NA,White,Male,Non-Hispanic
P0206,10,13,13,Won,8,NA,FALSE,TRUE,TRUE,0,NA,1,13 is my favorite number so I always tried to include it in the consideration group and selected it most of the time. ,44,Never,NA,White,Male,Non-Hispanic
P0206,11,13,7,Lost,1,winner_not_in_set,FALSE,FALSE,TRUE,100,100,1,13 is my favorite number so I always tried to include it in the consideration group and selected it most of the time. ,44,Never,NA,White,Male,Non-Hispanic
P0206,12,13,33,Lost,3,winner_in_set,FALSE,TRUE,TRUE,100,100,1,13 is my favorite number so I always tried to include it in the consideration group and selected it most of the time. ,44,Never,NA,White,Male,Non-Hispanic
P0206,13,23,18,Lost,8,winner_in_set,FALSE,TRUE,TRUE,100,100,1,13 is my favorite number so I always tried to include it in the consideration group and selected it most of the time. ,44,Never,NA,White,Male,Non-Hispanic
P0206,14,13,17,Lost,0,NA,TRUE,FALSE,FALSE,100,100,1,13 is my favorite number so I always tried to include it in the consideration group and selected it most of the time. ,44,Never,NA,White,Male,Non-Hispanic
P0206,15,31,27,Lost,2,winner_not_in_set,FALSE,FALSE,TRUE,100,100,1,13 is my favorite number so I always tried to include it in the consideration group and selected it most of the time. ,44,Never,NA,White,Male,Non-Hispanic
P0206,16,23,13,Lost,3,winner_in_set,FALSE,TRUE,TRUE,100,100,1,13 is my favorite number so I always tried to include it in the consideration group and selected it most of the time. ,44,Never,NA,White,Male,Non-Hispanic
P0206,17,13,3,Lost,1,winner_not_in_set,FALSE,FALSE,TRUE,100,100,1,13 is my favorite number so I always tried to include it in the consideration group and selected it most of the time. ,44,Never,NA,White,Male,Non-Hispanic
P0206,18,13,13,Won,2,NA,FALSE,TRUE,TRUE,0,NA,1,13 is my favorite number so I always tried to include it in the consideration group and selected it most of the time. ,44,Never,NA,White,Male,Non-Hispanic
P0206,19,31,14,Lost,8,winner_not_in_set,FALSE,FALSE,TRUE,100,100,1,13 is my favorite number so I always tried to include it in the consideration group and selected it most of the time. ,44,Never,NA,White,Male,Non-Hispanic
P0206,20,13,11,Lost,1,winner_not_in_set,FALSE,FALSE,TRUE,100,100,1,13 is my favorite number so I always tried to include it in the consideration group and selected it most of the time. ,44,Never,NA,White,Male,Non-Hispanic
P0206,21,31,13,Lost,2,winner_in_set,FALSE,TRUE,TRUE,100,100,1,13 is my favorite number so I always tried to include it in the consideration group and selected it most of the time. ,44,Never,NA,White,Male,Non-Hispanic
P0206,22,13,23,Lost,16,winner_in_set,FALSE,TRUE,TRUE,100,100,1,13 is my favorite number so I always tried to include it in the consideration group and selected it most of the time. ,44,Never,NA,White,Male,Non-Hispanic
P0206,23,13,13,Won,16,NA,FALSE,TRUE,TRUE,0,NA,1,13 is my favorite number so I always tried to include it in the consideration group and selected it most of the time. ,44,Never,NA,White,Male,Non-Hispanic
P0206,24,13,14,Lost,0,NA,TRUE,FALSE,FALSE,100,100,1,13 is my favorite number so I always tried to include it in the consideration group and selected it most of the time. ,44,Never,NA,White,Male,Non-Hispanic
P0210,1,15,14,Lost,2,winner_not_in_set,FALSE,FALSE,TRUE,52,64,1,I tried to go away from the winning number on the last round when i remembered it,31,Never,NA,White,Female,Non-Hispanic
P0210,2,22,15,Lost,8,winner_in_set,FALSE,TRUE,TRUE,62,71,1,I tried to go away from the winning number on the last round when i remembered it,31,Never,NA,White,Female,Non-Hispanic
P0210,3,22,22,Won,3,NA,FALSE,TRUE,TRUE,0,NA,1,I tried to go away from the winning number on the last round when i remembered it,31,Never,NA,White,Female,Non-Hispanic
P0210,4,21,10,Lost,0,NA,TRUE,FALSE,FALSE,72,63,1,I tried to go away from the winning number on the last round when i remembered it,31,Never,NA,White,Female,Non-Hispanic
P0210,5,15,19,Lost,1,winner_not_in_set,FALSE,FALSE,TRUE,52,55,1,I tried to go away from the winning number on the last round when i remembered it,31,Never,NA,White,Female,Non-Hispanic
P0210,6,10,3,Lost,16,winner_in_set,FALSE,TRUE,TRUE,67,64,1,I tried to go away from the winning number on the last round when i remembered it,31,Never,NA,White,Female,Non-Hispanic
P0210,7,33,20,Lost,0,NA,TRUE,FALSE,FALSE,66,58,1,I tried to go away from the winning number on the last round when i remembered it,31,Never,NA,White,Female,Non-Hispanic
P0210,8,21,11,Lost,8,winner_in_set,FALSE,TRUE,TRUE,64,62,1,I tried to go away from the winning number on the last round when i remembered it,31,Never,NA,White,Female,Non-Hispanic
P0210,9,21,35,Lost,16,winner_in_set,FALSE,TRUE,TRUE,59,68,1,I tried to go away from the winning number on the last round when i remembered it,31,Never,NA,White,Female,Non-Hispanic
P0210,10,10,28,Lost,16,winner_not_in_set,FALSE,FALSE,TRUE,68,67,1,I tried to go away from the winning number on the last round when i remembered it,31,Never,NA,White,Female,Non-Hispanic
P0210,11,15,34,Lost,0,NA,TRUE,FALSE,FALSE,68,65,1,I tried to go away from the winning number on the last round when i remembered it,31,Never,NA,White,Female,Non-Hispanic
P0210,12,9,9,Won,2,NA,FALSE,TRUE,TRUE,0,NA,1,I tried to go away from the winning number on the last round when i remembered it,31,Never,NA,White,Female,Non-Hispanic
P0210,13,29,26,Lost,2,winner_not_in_set,FALSE,FALSE,TRUE,65,69,1,I tried to go away from the winning number on the last round when i remembered it,31,Never,NA,White,Female,Non-Hispanic
P0210,14,11,10,Lost,2,winner_in_set,FALSE,TRUE,TRUE,86,85,1,I tried to go away from the winning number on the last round when i remembered it,31,Never,NA,White,Female,Non-Hispanic
P0210,15,26,7,Lost,1,winner_not_in_set,FALSE,FALSE,TRUE,75,76,1,I tried to go away from the winning number on the last round when i remembered it,31,Never,NA,White,Female,Non-Hispanic
P0210,16,28,28,Won,3,NA,FALSE,TRUE,TRUE,0,NA,1,I tried to go away from the winning number on the last round when i remembered it,31,Never,NA,White,Female,Non-Hispanic
P0210,17,9,22,Lost,1,winner_not_in_set,FALSE,FALSE,TRUE,65,67,1,I tried to go away from the winning number on the last round when i remembered it,31,Never,NA,White,Female,Non-Hispanic
P0210,18,11,36,Lost,8,winner_not_in_set,FALSE,FALSE,TRUE,79,78,1,I tried to go away from the winning number on the last round when i remembered it,31,Never,NA,White,Female,Non-Hispanic
P0210,19,2,23,Lost,8,winner_not_in_set,FALSE,FALSE,TRUE,63,64,1,I tried to go away from the winning number on the last round when i remembered it,31,Never,NA,White,Female,Non-Hispanic
P0210,20,8,25,Lost,1,winner_not_in_set,FALSE,FALSE,TRUE,65,65,1,I tried to go away from the winning number on the last round when i remembered it,31,Never,NA,White,Female,Non-Hispanic
P0210,21,11,33,Lost,3,winner_not_in_set,FALSE,FALSE,TRUE,64,64,1,I tried to go away from the winning number on the last round when i remembered it,31,Never,NA,White,Female,Non-Hispanic
P0210,22,9,12,Lost,0,NA,TRUE,FALSE,FALSE,74,71,1,I tried to go away from the winning number on the last round when i remembered it,31,Never,NA,White,Female,Non-Hispanic
P0210,23,16,16,Won,3,NA,FALSE,TRUE,TRUE,0,NA,1,I tried to go away from the winning number on the last round when i remembered it,31,Never,NA,White,Female,Non-Hispanic
P0210,24,25,14,Lost,16,winner_not_in_set,FALSE,FALSE,TRUE,68,70,1,I tried to go away from the winning number on the last round when i remembered it,31,Never,NA,White,Female,Non-Hispanic
P0216,1,21,10,Lost,16,winner_not_in_set,FALSE,FALSE,TRUE,20,69,1,Just random shapes that I made when clicking,45,Never,NA,White,Female,Non-Hispanic
P0216,2,15,22,Lost,3,winner_in_set,FALSE,TRUE,TRUE,27,54,1,Just random shapes that I made when clicking,45,Never,NA,White,Female,Non-Hispanic
P0216,3,34,34,Won,0,NA,TRUE,FALSE,FALSE,0,NA,1,Just random shapes that I made when clicking,45,Never,NA,White,Female,Non-Hispanic
P0216,4,1,28,Lost,3,winner_not_in_set,FALSE,FALSE,TRUE,49,63,1,Just random shapes that I made when clicking,45,Never,NA,White,Female,Non-Hispanic
P0216,5,6,5,Lost,8,winner_not_in_set,FALSE,FALSE,TRUE,39,41,1,Just random shapes that I made when clicking,45,Never,NA,White,Female,Non-Hispanic
P0216,6,19,22,Lost,16,winner_in_set,FALSE,TRUE,TRUE,46,49,1,Just random shapes that I made when clicking,45,Never,NA,White,Female,Non-Hispanic
P0216,7,15,6,Lost,1,winner_not_in_set,FALSE,FALSE,TRUE,52,55,1,Just random shapes that I made when clicking,45,Never,NA,White,Female,Non-Hispanic
P0216,8,10,19,Lost,16,winner_not_in_set,FALSE,FALSE,TRUE,49,49,1,Just random shapes that I made when clicking,45,Never,NA,White,Female,Non-Hispanic
P0216,9,15,34,Lost,2,winner_not_in_set,FALSE,FALSE,TRUE,48,49,1,Just random shapes that I made when clicking,45,Never,NA,White,Female,Non-Hispanic
P0216,10,23,22,Lost,8,winner_in_set,FALSE,TRUE,TRUE,49,43,1,Just random shapes that I made when clicking,45,Never,NA,White,Female,Non-Hispanic
P0216,11,1,28,Lost,1,winner_not_in_set,FALSE,FALSE,TRUE,5,10,1,Just random shapes that I made when clicking,45,Never,NA,White,Female,Non-Hispanic
P0216,12,35,35,Won,1,NA,FALSE,TRUE,TRUE,1,NA,1,Just random shapes that I made when clicking,45,Never,NA,White,Female,Non-Hispanic
P0216,13,20,24,Lost,3,winner_not_in_set,FALSE,FALSE,TRUE,27,26,1,Just random shapes that I made when clicking,45,Never,NA,White,Female,Non-Hispanic
P0216,14,6,26,Lost,1,winner_not_in_set,FALSE,FALSE,TRUE,6,15,1,Just random shapes that I made when clicking,45,Never,NA,White,Female,Non-Hispanic
P0216,15,17,17,Won,0,NA,TRUE,FALSE,FALSE,0,NA,1,Just random shapes that I made when clicking,45,Never,NA,White,Female,Non-Hispanic
P0216,16,27,22,Lost,2,winner_in_set,FALSE,TRUE,TRUE,18,24,1,Just random shapes that I made when clicking,45,Never,NA,White,Female,Non-Hispanic
P0216,17,8,5,Lost,8,winner_not_in_set,FALSE,FALSE,TRUE,20,22,1,Just random shapes that I made when clicking,45,Never,NA,White,Female,Non-Hispanic
P0216,18,26,34,Lost,0,NA,TRUE,FALSE,FALSE,16,13,1,Just random shapes that I made when clicking,45,Never,NA,White,Female,Non-Hispanic
P0216,19,24,18,Lost,3,winner_in_set,FALSE,TRUE,TRUE,21,18,1,Just random shapes that I made when clicking,45,Never,NA,White,Female,Non-Hispanic
P0216,20,15,21,Lost,2,winner_in_set,FALSE,TRUE,TRUE,56,56,1,Just random shapes that I made when clicking,45,Never,NA,White,Female,Non-Hispanic
P0216,21,28,3,Lost,8,winner_in_set,FALSE,TRUE,TRUE,55,54,1,Just random shapes that I made when clicking,45,Never,NA,White,Female,Non-Hispanic
P0216,22,26,8,Lost,0,NA,TRUE,FALSE,FALSE,12,16,1,Just random shapes that I made when clicking,45,Never,NA,White,Female,Non-Hispanic
P0216,23,26,23,Lost,16,winner_in_set,FALSE,TRUE,TRUE,31,38,1,Just random shapes that I made when clicking,45,Never,NA,White,Female,Non-Hispanic
P0216,24,2,2,Won,2,NA,FALSE,TRUE,TRUE,0,NA,1,Just random shapes that I made when clicking,45,Never,NA,White,Female,Non-Hispanic
P0218,1,6,12,Lost,2,winner_not_in_set,FALSE,FALSE,TRUE,16,86,1,My strategy was honestly pretty random. I couldn't detect that there was a pattern and at times it felt like it would purposely be one off or the first one I clicked on or the last one or one that was in my consideration set just to make me made but it's very possible that everything was always random.  ,29,Never,NA,White,Male,Non-Hispanic
P0218,2,12,23,Lost,3,winner_not_in_set,FALSE,FALSE,TRUE,52,89,1,My strategy was honestly pretty random. I couldn't detect that there was a pattern and at times it felt like it would purposely be one off or the first one I clicked on or the last one or one that was in my consideration set just to make me made but it's very possible that everything was always random.  ,29,Never,NA,White,Male,Non-Hispanic
P0218,3,6,36,Lost,8,winner_not_in_set,FALSE,FALSE,TRUE,14,96,1,My strategy was honestly pretty random. I couldn't detect that there was a pattern and at times it felt like it would purposely be one off or the first one I clicked on or the last one or one that was in my consideration set just to make me made but it's very possible that everything was always random.  ,29,Never,NA,White,Male,Non-Hispanic
P0218,4,6,1,Lost,2,winner_in_set,FALSE,TRUE,TRUE,82,100,1,My strategy was honestly pretty random. I couldn't detect that there was a pattern and at times it felt like it would purposely be one off or the first one I clicked on or the last one or one that was in my consideration set just to make me made but it's very possible that everything was always random.  ,29,Never,NA,White,Male,Non-Hispanic
P0218,5,6,6,Won,2,NA,FALSE,TRUE,TRUE,0,NA,1,My strategy was honestly pretty random. I couldn't detect that there was a pattern and at times it felt like it would purposely be one off or the first one I clicked on or the last one or one that was in my consideration set just to make me made but it's very possible that everything was always random.  ,29,Never,NA,White,Male,Non-Hispanic
P0218,6,9,8,Lost,8,winner_in_set,FALSE,TRUE,TRUE,78,94,1,My strategy was honestly pretty random. I couldn't detect that there was a pattern and at times it felt like it would purposely be one off or the first one I clicked on or the last one or one that was in my consideration set just to make me made but it's very possible that everything was always random.  ,29,Never,NA,White,Male,Non-Hispanic
P0218,7,4,5,Lost,8,winner_in_set,FALSE,TRUE,TRUE,22,80,1,My strategy was honestly pretty random. I couldn't detect that there was a pattern and at times it felt like it would purposely be one off or the first one I clicked on or the last one or one that was in my consideration set just to make me made but it's very possible that everything was always random.  ,29,Never,NA,White,Male,Non-Hispanic
P0218,8,14,23,Lost,3,winner_not_in_set,FALSE,FALSE,TRUE,54,88,1,My strategy was honestly pretty random. I couldn't detect that there was a pattern and at times it felt like it would purposely be one off or the first one I clicked on or the last one or one that was in my consideration set just to make me made but it's very possible that everything was always random.  ,29,Never,NA,White,Male,Non-Hispanic
P0218,9,21,21,Won,0,NA,TRUE,FALSE,FALSE,0,NA,1,My strategy was honestly pretty random. I couldn't detect that there was a pattern and at times it felt like it would purposely be one off or the first one I clicked on or the last one or one that was in my consideration set just to make me made but it's very possible that everything was always random.  ,29,Never,NA,White,Male,Non-Hispanic
P0218,10,22,19,Lost,8,winner_not_in_set,FALSE,FALSE,TRUE,20,68,1,My strategy was honestly pretty random. I couldn't detect that there was a pattern and at times it felt like it would purposely be one off or the first one I clicked on or the last one or one that was in my consideration set just to make me made but it's very possible that everything was always random.  ,29,Never,NA,White,Male,Non-Hispanic
P0218,11,1,14,Lost,3,winner_in_set,FALSE,TRUE,TRUE,51,86,1,My strategy was honestly pretty random. I couldn't detect that there was a pattern and at times it felt like it would purposely be one off or the first one I clicked on or the last one or one that was in my consideration set just to make me made but it's very possible that everything was always random.  ,29,Never,NA,White,Male,Non-Hispanic
P0218,12,21,22,Lost,3,winner_in_set,FALSE,TRUE,TRUE,64,100,1,My strategy was honestly pretty random. I couldn't detect that there was a pattern and at times it felt like it would purposely be one off or the first one I clicked on or the last one or one that was in my consideration set just to make me made but it's very possible that everything was always random.  ,29,Never,NA,White,Male,Non-Hispanic
P0218,13,16,15,Lost,16,winner_not_in_set,FALSE,FALSE,TRUE,52,86,1,My strategy was honestly pretty random. I couldn't detect that there was a pattern and at times it felt like it would purposely be one off or the first one I clicked on or the last one or one that was in my consideration set just to make me made but it's very possible that everything was always random.  ,29,Never,NA,White,Male,Non-Hispanic
P0218,14,21,10,Lost,16,winner_not_in_set,FALSE,FALSE,TRUE,28,73,1,My strategy was honestly pretty random. I couldn't detect that there was a pattern and at times it felt like it would purposely be one off or the first one I clicked on or the last one or one that was in my consideration set just to make me made but it's very possible that everything was always random.  ,29,Never,NA,White,Male,Non-Hispanic
P0218,15,28,28,Won,1,NA,FALSE,TRUE,TRUE,0,NA,1,My strategy was honestly pretty random. I couldn't detect that there was a pattern and at times it felt like it would purposely be one off or the first one I clicked on or the last one or one that was in my consideration set just to make me made but it's very possible that everything was always random.  ,29,Never,NA,White,Male,Non-Hispanic
P0218,16,36,11,Lost,1,winner_not_in_set,FALSE,FALSE,TRUE,18,74,1,My strategy was honestly pretty random. I couldn't detect that there was a pattern and at times it felt like it would purposely be one off or the first one I clicked on or the last one or one that was in my consideration set just to make me made but it's very possible that everything was always random.  ,29,Never,NA,White,Male,Non-Hispanic
P0218,17,20,23,Lost,0,NA,TRUE,FALSE,FALSE,10,69,1,My strategy was honestly pretty random. I couldn't detect that there was a pattern and at times it felt like it would purposely be one off or the first one I clicked on or the last one or one that was in my consideration set just to make me made but it's very possible that everything was always random.  ,29,Never,NA,White,Male,Non-Hispanic
P0218,18,22,16,Lost,16,winner_in_set,FALSE,TRUE,TRUE,12,71,1,My strategy was honestly pretty random. I couldn't detect that there was a pattern and at times it felt like it would purposely be one off or the first one I clicked on or the last one or one that was in my consideration set just to make me made but it's very possible that everything was always random.  ,29,Never,NA,White,Male,Non-Hispanic
P0218,19,8,19,Lost,2,winner_not_in_set,FALSE,FALSE,TRUE,27,67,1,My strategy was honestly pretty random. I couldn't detect that there was a pattern and at times it felt like it would purposely be one off or the first one I clicked on or the last one or one that was in my consideration set just to make me made but it's very possible that everything was always random.  ,29,Never,NA,White,Male,Non-Hispanic
P0218,20,23,26,Lost,1,winner_not_in_set,FALSE,FALSE,TRUE,26,88,1,My strategy was honestly pretty random. I couldn't detect that there was a pattern and at times it felt like it would purposely be one off or the first one I clicked on or the last one or one that was in my consideration set just to make me made but it's very possible that everything was always random.  ,29,Never,NA,White,Male,Non-Hispanic
P0218,21,11,3,Lost,16,winner_in_set,FALSE,TRUE,TRUE,17,50,1,My strategy was honestly pretty random. I couldn't detect that there was a pattern and at times it felt like it would purposely be one off or the first one I clicked on or the last one or one that was in my consideration set just to make me made but it's very possible that everything was always random.  ,29,Never,NA,White,Male,Non-Hispanic
P0218,22,24,24,Won,1,NA,FALSE,TRUE,TRUE,0,NA,1,My strategy was honestly pretty random. I couldn't detect that there was a pattern and at times it felt like it would purposely be one off or the first one I clicked on or the last one or one that was in my consideration set just to make me made but it's very possible that everything was always random.  ,29,Never,NA,White,Male,Non-Hispanic
P0218,23,23,6,Lost,0,NA,TRUE,FALSE,FALSE,23,69,1,My strategy was honestly pretty random. I couldn't detect that there was a pattern and at times it felt like it would purposely be one off or the first one I clicked on or the last one or one that was in my consideration set just to make me made but it's very possible that everything was always random.  ,29,Never,NA,White,Male,Non-Hispanic
P0218,24,20,12,Lost,0,NA,TRUE,FALSE,FALSE,24,79,1,My strategy was honestly pretty random. I couldn't detect that there was a pattern and at times it felt like it would purposely be one off or the first one I clicked on or the last one or one that was in my consideration set just to make me made but it's very possible that everything was always random.  ,29,Never,NA,White,Male,Non-Hispanic
P0222,1,23,8,Lost,2,winner_in_set,FALSE,TRUE,TRUE,51,70,1,I tried to select my sets in groups of twos and by which ones have given me emeralds before. If I got one from a couple of numbers I tend to return to them for future sets.,28,A few times,NA,White,Male,Hispanic
P0222,2,9,19,Lost,0,NA,TRUE,FALSE,FALSE,20,35,1,I tried to select my sets in groups of twos and by which ones have given me emeralds before. If I got one from a couple of numbers I tend to return to them for future sets.,28,A few times,NA,White,Male,Hispanic
P0222,3,21,21,Won,1,NA,FALSE,TRUE,TRUE,2,NA,1,I tried to select my sets in groups of twos and by which ones have given me emeralds before. If I got one from a couple of numbers I tend to return to them for future sets.,28,A few times,NA,White,Male,Hispanic
P0222,4,1,6,Lost,0,NA,TRUE,FALSE,FALSE,20,30,1,I tried to select my sets in groups of twos and by which ones have given me emeralds before. If I got one from a couple of numbers I tend to return to them for future sets.,28,A few times,NA,White,Male,Hispanic
P0222,5,36,5,Lost,3,winner_in_set,FALSE,TRUE,TRUE,40,50,1,I tried to select my sets in groups of twos and by which ones have given me emeralds before. If I got one from a couple of numbers I tend to return to them for future sets.,28,A few times,NA,White,Male,Hispanic
P0222,6,12,3,Lost,0,NA,TRUE,FALSE,FALSE,30,41,1,I tried to select my sets in groups of twos and by which ones have given me emeralds before. If I got one from a couple of numbers I tend to return to them for future sets.,28,A few times,NA,White,Male,Hispanic
P0222,7,13,8,Lost,1,winner_not_in_set,FALSE,FALSE,TRUE,20,41,1,I tried to select my sets in groups of twos and by which ones have given me emeralds before. If I got one from a couple of numbers I tend to return to them for future sets.,28,A few times,NA,White,Male,Hispanic
P0222,8,21,9,Lost,0,NA,TRUE,FALSE,FALSE,40,29,1,I tried to select my sets in groups of twos and by which ones have given me emeralds before. If I got one from a couple of numbers I tend to return to them for future sets.,28,A few times,NA,White,Male,Hispanic
P0222,9,2,2,Won,16,NA,FALSE,TRUE,TRUE,0,NA,1,I tried to select my sets in groups of twos and by which ones have given me emeralds before. If I got one from a couple of numbers I tend to return to them for future sets.,28,A few times,NA,White,Male,Hispanic
P0222,10,34,28,Lost,8,winner_not_in_set,FALSE,FALSE,TRUE,10,25,1,I tried to select my sets in groups of twos and by which ones have given me emeralds before. If I got one from a couple of numbers I tend to return to them for future sets.,28,A few times,NA,White,Male,Hispanic
P0222,11,8,34,Lost,3,winner_not_in_set,FALSE,FALSE,TRUE,40,11,1,I tried to select my sets in groups of twos and by which ones have given me emeralds before. If I got one from a couple of numbers I tend to return to them for future sets.,28,A few times,NA,White,Male,Hispanic
P0222,12,10,21,Lost,3,winner_in_set,FALSE,TRUE,TRUE,49,61,1,I tried to select my sets in groups of twos and by which ones have given me emeralds before. If I got one from a couple of numbers I tend to return to them for future sets.,28,A few times,NA,White,Male,Hispanic
P0222,13,5,32,Lost,1,winner_not_in_set,FALSE,FALSE,TRUE,20,50,1,I tried to select my sets in groups of twos and by which ones have given me emeralds before. If I got one from a couple of numbers I tend to return to them for future sets.,28,A few times,NA,White,Male,Hispanic
P0222,14,13,16,Lost,1,winner_not_in_set,FALSE,FALSE,TRUE,20,40,1,I tried to select my sets in groups of twos and by which ones have given me emeralds before. If I got one from a couple of numbers I tend to return to them for future sets.,28,A few times,NA,White,Male,Hispanic
P0222,15,1,27,Lost,16,winner_not_in_set,FALSE,FALSE,TRUE,30,20,1,I tried to select my sets in groups of twos and by which ones have given me emeralds before. If I got one from a couple of numbers I tend to return to them for future sets.,28,A few times,NA,White,Male,Hispanic
P0222,16,21,21,Won,16,NA,FALSE,TRUE,TRUE,5,NA,1,I tried to select my sets in groups of twos and by which ones have given me emeralds before. If I got one from a couple of numbers I tend to return to them for future sets.,28,A few times,NA,White,Male,Hispanic
P0222,17,6,25,Lost,16,winner_not_in_set,FALSE,FALSE,TRUE,40,20,1,I tried to select my sets in groups of twos and by which ones have given me emeralds before. If I got one from a couple of numbers I tend to return to them for future sets.,28,A few times,NA,White,Male,Hispanic
P0222,18,35,36,Lost,8,winner_in_set,FALSE,TRUE,TRUE,60,75,1,I tried to select my sets in groups of twos and by which ones have given me emeralds before. If I got one from a couple of numbers I tend to return to them for future sets.,28,A few times,NA,White,Male,Hispanic
P0222,19,20,33,Lost,2,winner_not_in_set,FALSE,FALSE,TRUE,40,11,1,I tried to select my sets in groups of twos and by which ones have given me emeralds before. If I got one from a couple of numbers I tend to return to them for future sets.,28,A few times,NA,White,Male,Hispanic
P0222,20,35,2,Lost,8,winner_in_set,FALSE,TRUE,TRUE,40,61,1,I tried to select my sets in groups of twos and by which ones have given me emeralds before. If I got one from a couple of numbers I tend to return to them for future sets.,28,A few times,NA,White,Male,Hispanic
P0222,21,1,31,Lost,2,winner_not_in_set,FALSE,FALSE,TRUE,40,30,1,I tried to select my sets in groups of twos and by which ones have given me emeralds before. If I got one from a couple of numbers I tend to return to them for future sets.,28,A few times,NA,White,Male,Hispanic
P0222,22,9,27,Lost,3,winner_not_in_set,FALSE,FALSE,TRUE,50,40,1,I tried to select my sets in groups of twos and by which ones have given me emeralds before. If I got one from a couple of numbers I tend to return to them for future sets.,28,A few times,NA,White,Male,Hispanic
P0222,23,21,21,Won,2,NA,FALSE,TRUE,TRUE,3,NA,1,I tried to select my sets in groups of twos and by which ones have given me emeralds before. If I got one from a couple of numbers I tend to return to them for future sets.,28,A few times,NA,White,Male,Hispanic
P0222,24,36,23,Lost,8,winner_not_in_set,FALSE,FALSE,TRUE,70,40,1,I tried to select my sets in groups of twos and by which ones have given me emeralds before. If I got one from a couple of numbers I tend to return to them for future sets.,28,A few times,NA,White,Male,Hispanic
P0227,1,7,24,Lost,2,winner_in_set,FALSE,TRUE,TRUE,75,80,1,,30,Never,NA,Multiracial/Mixed,Male,Non-Hispanic
P0227,2,5,31,Lost,16,winner_in_set,FALSE,TRUE,TRUE,85,91,1,,30,Never,NA,Multiracial/Mixed,Male,Non-Hispanic
P0227,3,12,34,Lost,3,winner_not_in_set,FALSE,FALSE,TRUE,50,66,1,,30,Never,NA,Multiracial/Mixed,Male,Non-Hispanic
P0227,4,6,13,Lost,16,winner_in_set,FALSE,TRUE,TRUE,75,83,1,,30,Never,NA,Multiracial/Mixed,Male,Non-Hispanic
P0227,5,26,26,Won,1,NA,FALSE,TRUE,TRUE,0,NA,1,,30,Never,NA,Multiracial/Mixed,Male,Non-Hispanic
P0227,6,18,11,Lost,1,winner_not_in_set,FALSE,FALSE,TRUE,80,41,1,,30,Never,NA,Multiracial/Mixed,Male,Non-Hispanic
P0227,7,5,17,Lost,16,winner_not_in_set,FALSE,FALSE,TRUE,80,40,1,,30,Never,NA,Multiracial/Mixed,Male,Non-Hispanic
P0227,8,25,5,Lost,2,winner_in_set,FALSE,TRUE,TRUE,81,80,1,,30,Never,NA,Multiracial/Mixed,Male,Non-Hispanic
P0227,9,7,26,Lost,2,winner_not_in_set,FALSE,FALSE,TRUE,41,70,1,,30,Never,NA,Multiracial/Mixed,Male,Non-Hispanic
P0227,10,27,32,Lost,1,winner_not_in_set,FALSE,FALSE,TRUE,76,27,1,,30,Never,NA,Multiracial/Mixed,Male,Non-Hispanic
P0227,11,14,14,Won,0,NA,TRUE,FALSE,FALSE,0,NA,1,,30,Never,NA,Multiracial/Mixed,Male,Non-Hispanic
P0227,12,11,33,Lost,16,winner_not_in_set,FALSE,FALSE,TRUE,81,85,1,,30,Never,NA,Multiracial/Mixed,Male,Non-Hispanic
P0227,13,3,13,Lost,8,winner_in_set,FALSE,TRUE,TRUE,75,85,1,,30,Never,NA,Multiracial/Mixed,Male,Non-Hispanic
P0227,14,19,31,Lost,3,winner_not_in_set,FALSE,FALSE,TRUE,90,49,1,,30,Never,NA,Multiracial/Mixed,Male,Non-Hispanic
P0227,15,12,12,Won,8,NA,FALSE,TRUE,TRUE,0,NA,1,,30,Never,NA,Multiracial/Mixed,Male,Non-Hispanic
P0227,16,19,29,Lost,0,NA,TRUE,FALSE,FALSE,82,43,1,,30,Never,NA,Multiracial/Mixed,Male,Non-Hispanic
P0227,17,6,24,Lost,0,NA,TRUE,FALSE,FALSE,91,25,1,,30,Never,NA,Multiracial/Mixed,Male,Non-Hispanic
P0227,18,34,7,Lost,3,winner_in_set,FALSE,TRUE,TRUE,80,87,1,,30,Never,NA,Multiracial/Mixed,Male,Non-Hispanic
P0227,19,18,12,Lost,0,NA,TRUE,FALSE,FALSE,87,87,1,,30,Never,NA,Multiracial/Mixed,Male,Non-Hispanic
P0227,20,4,31,Lost,8,winner_not_in_set,FALSE,FALSE,TRUE,85,93,1,,30,Never,NA,Multiracial/Mixed,Male,Non-Hispanic
P0227,21,20,20,Won,1,NA,FALSE,TRUE,TRUE,0,NA,1,,30,Never,NA,Multiracial/Mixed,Male,Non-Hispanic
P0227,22,19,7,Lost,2,winner_not_in_set,FALSE,FALSE,TRUE,90,30,1,,30,Never,NA,Multiracial/Mixed,Male,Non-Hispanic
P0227,23,17,34,Lost,8,winner_not_in_set,FALSE,FALSE,TRUE,91,46,1,,30,Never,NA,Multiracial/Mixed,Male,Non-Hispanic
P0227,24,17,11,Lost,3,winner_in_set,FALSE,TRUE,TRUE,75,92,1,,30,Never,NA,Multiracial/Mixed,Male,Non-Hispanic
P0231,1,13,12,Lost,0,NA,TRUE,FALSE,FALSE,83,48,2,"Sometimes I would go after the number that previously had the emerald, but most of the time It was totally random",31,Never,NA,White,Non-binary,Non-Hispanic
P0231,2,23,1,Lost,0,NA,TRUE,FALSE,FALSE,86,62,2,"Sometimes I would go after the number that previously had the emerald, but most of the time It was totally random",31,Never,NA,White,Non-binary,Non-Hispanic
P0231,3,12,12,Won,2,NA,FALSE,TRUE,TRUE,3,NA,2,"Sometimes I would go after the number that previously had the emerald, but most of the time It was totally random",31,Never,NA,White,Non-binary,Non-Hispanic
P0231,4,12,29,Lost,1,winner_not_in_set,FALSE,FALSE,TRUE,43,89,2,"Sometimes I would go after the number that previously had the emerald, but most of the time It was totally random",31,Never,NA,White,Non-binary,Non-Hispanic
P0231,5,23,18,Lost,3,winner_not_in_set,FALSE,FALSE,TRUE,9,12,2,"Sometimes I would go after the number that previously had the emerald, but most of the time It was totally random",31,Never,NA,White,Non-binary,Non-Hispanic
P0231,6,23,26,Lost,8,winner_in_set,FALSE,TRUE,TRUE,26,15,2,"Sometimes I would go after the number that previously had the emerald, but most of the time It was totally random",31,Never,NA,White,Non-binary,Non-Hispanic
P0231,7,24,3,Lost,16,winner_not_in_set,FALSE,FALSE,TRUE,4,29,2,"Sometimes I would go after the number that previously had the emerald, but most of the time It was totally random",31,Never,NA,White,Non-binary,Non-Hispanic
P0231,8,32,17,Lost,8,winner_not_in_set,FALSE,FALSE,TRUE,6,34,2,"Sometimes I would go after the number that previously had the emerald, but most of the time It was totally random",31,Never,NA,White,Non-binary,Non-Hispanic
P0231,9,20,20,Won,8,NA,FALSE,TRUE,TRUE,0,NA,2,"Sometimes I would go after the number that previously had the emerald, but most of the time It was totally random",31,Never,NA,White,Non-binary,Non-Hispanic
P0231,10,20,2,Lost,1,winner_not_in_set,FALSE,FALSE,TRUE,8,9,2,"Sometimes I would go after the number that previously had the emerald, but most of the time It was totally random",31,Never,NA,White,Non-binary,Non-Hispanic
P0231,11,30,6,Lost,3,winner_not_in_set,FALSE,FALSE,TRUE,5,6,2,"Sometimes I would go after the number that previously had the emerald, but most of the time It was totally random",31,Never,NA,White,Non-binary,Non-Hispanic
P0231,12,21,2,Lost,16,winner_not_in_set,FALSE,FALSE,TRUE,1,1,2,"Sometimes I would go after the number that previously had the emerald, but most of the time It was totally random",31,Never,NA,White,Non-binary,Non-Hispanic
P0231,13,15,27,Lost,16,winner_in_set,FALSE,TRUE,TRUE,4,74,2,"Sometimes I would go after the number that previously had the emerald, but most of the time It was totally random",31,Never,NA,White,Non-binary,Non-Hispanic
P0231,14,26,7,Lost,1,winner_not_in_set,FALSE,FALSE,TRUE,5,4,2,"Sometimes I would go after the number that previously had the emerald, but most of the time It was totally random",31,Never,NA,White,Non-binary,Non-Hispanic
P0231,15,17,14,Lost,3,winner_in_set,FALSE,TRUE,TRUE,5,41,2,"Sometimes I would go after the number that previously had the emerald, but most of the time It was totally random",31,Never,NA,White,Non-binary,Non-Hispanic
P0231,16,16,17,Lost,0,NA,TRUE,FALSE,FALSE,53,35,2,"Sometimes I would go after the number that previously had the emerald, but most of the time It was totally random",31,Never,NA,White,Non-binary,Non-Hispanic
P0231,17,10,10,Won,8,NA,FALSE,TRUE,TRUE,0,NA,2,"Sometimes I would go after the number that previously had the emerald, but most of the time It was totally random",31,Never,NA,White,Non-binary,Non-Hispanic
P0231,18,24,1,Lost,2,winner_not_in_set,FALSE,FALSE,TRUE,11,7,2,"Sometimes I would go after the number that previously had the emerald, but most of the time It was totally random",31,Never,NA,White,Non-binary,Non-Hispanic
P0231,19,16,20,Lost,1,winner_not_in_set,FALSE,FALSE,TRUE,6,8,2,"Sometimes I would go after the number that previously had the emerald, but most of the time It was totally random",31,Never,NA,White,Non-binary,Non-Hispanic
P0231,20,1,11,Lost,2,winner_in_set,FALSE,TRUE,TRUE,84,84,2,"Sometimes I would go after the number that previously had the emerald, but most of the time It was totally random",31,Never,NA,White,Non-binary,Non-Hispanic
P0231,21,24,24,Won,3,NA,FALSE,TRUE,TRUE,0,NA,2,"Sometimes I would go after the number that previously had the emerald, but most of the time It was totally random",31,Never,NA,White,Non-binary,Non-Hispanic
P0231,22,9,13,Lost,0,NA,TRUE,FALSE,FALSE,0,0,2,"Sometimes I would go after the number that previously had the emerald, but most of the time It was totally random",31,Never,NA,White,Non-binary,Non-Hispanic
P0231,23,29,23,Lost,2,winner_not_in_set,FALSE,FALSE,TRUE,0,0,2,"Sometimes I would go after the number that previously had the emerald, but most of the time It was totally random",31,Never,NA,White,Non-binary,Non-Hispanic
P0231,24,30,19,Lost,16,winner_in_set,FALSE,TRUE,TRUE,5,5,2,"Sometimes I would go after the number that previously had the emerald, but most of the time It was totally random",31,Never,NA,White,Non-binary,Non-Hispanic
